/*
SQLyog Enterprise - MySQL GUI v6.0 Beta 4 
Host - 5.5.16 : Database - payroll_db
*********************************************************************
Server version : 5.5.16
*/

/*!40101 SET NAMES utf8 */;

/*!40101 SET SQL_MODE=''*/;

create database if not exists `payroll_db`;

USE `payroll_db`;

/*!40014 SET @OLD_FOREIGN_KEY_CHECKS=@@FOREIGN_KEY_CHECKS, FOREIGN_KEY_CHECKS=0 */;
/*!40101 SET @OLD_SQL_MODE=@@SQL_MODE, SQL_MODE='NO_AUTO_VALUE_ON_ZERO' */;

/*Table structure for table `bank_info` */

DROP TABLE IF EXISTS `bank_info`;

CREATE TABLE `bank_info` (
  `bank_id` int(10) unsigned NOT NULL AUTO_INCREMENT,
  `baccntype_id` int(10) unsigned NOT NULL,
  `comp_id` int(10) unsigned NOT NULL,
  `banklist_id` int(10) unsigned NOT NULL,
  `bank_acct_no` varchar(30) COLLATE latin1_general_ci DEFAULT NULL,
  `bank_acct_name` varchar(150) COLLATE latin1_general_ci DEFAULT NULL,
  `bank_swift_code` varchar(30) COLLATE latin1_general_ci DEFAULT NULL,
  `bank_branch` varchar(150) COLLATE latin1_general_ci DEFAULT NULL,
  `bank_addwho` varchar(50) COLLATE latin1_general_ci DEFAULT NULL,
  `bank_addwhen` timestamp NULL DEFAULT CURRENT_TIMESTAMP,
  `bank_updatewho` varchar(50) COLLATE latin1_general_ci DEFAULT NULL,
  `bank_upadtewhen` datetime DEFAULT NULL,
  `bank_isactive` tinyint(1) unsigned DEFAULT '1',
  `bank_routing_number` int(10) DEFAULT NULL,
  `bank_company_code` varchar(30) COLLATE latin1_general_ci DEFAULT NULL,
  `bank_ceiling_amount` decimal(10,2) DEFAULT NULL,
  `bank_contact` varchar(225) COLLATE latin1_general_ci DEFAULT NULL,
  PRIMARY KEY (`bank_id`),
  KEY `banklist_id` (`banklist_id`),
  KEY `bank_info_FKIndex2` (`comp_id`)
) ENGINE=MyISAM AUTO_INCREMENT=3 DEFAULT CHARSET=latin1 COLLATE=latin1_general_ci ROW_FORMAT=DYNAMIC;

/*Data for the table `bank_info` */

LOCK TABLES `bank_info` WRITE;

insert  into `bank_info`(`bank_id`,`baccntype_id`,`comp_id`,`banklist_id`,`bank_acct_no`,`bank_acct_name`,`bank_swift_code`,`bank_branch`,`bank_addwho`,`bank_addwhen`,`bank_updatewho`,`bank_upadtewhen`,`bank_isactive`,`bank_routing_number`,`bank_company_code`,`bank_ceiling_amount`,`bank_contact`) values (2,1,1,1,'0181048921','Sophie Martin Philippines, Inc.','','Mandaluyong','admin','2011-11-03 10:19:35','','0000-00-00 00:00:00',1,18,'48921','0.00','');

UNLOCK TABLES;

/*Table structure for table `bank_infoemp` */

DROP TABLE IF EXISTS `bank_infoemp`;

CREATE TABLE `bank_infoemp` (
  `bankiemp_id` int(10) unsigned NOT NULL AUTO_INCREMENT,
  `baccntype_id` int(10) unsigned NOT NULL,
  `emp_id` int(10) unsigned NOT NULL,
  `bank_id` int(10) unsigned NOT NULL,
  `bankiemp_acct_no` varchar(30) COLLATE latin1_general_ci DEFAULT NULL,
  `bankiemp_acct_name` varchar(150) COLLATE latin1_general_ci DEFAULT NULL,
  `bankiemp_swift_code` varchar(30) COLLATE latin1_general_ci DEFAULT NULL,
  `bankiemp_addwho` varchar(50) COLLATE latin1_general_ci DEFAULT NULL,
  `bankiemp_addwhen` timestamp NULL DEFAULT CURRENT_TIMESTAMP,
  `bankiemp_updatewho` varchar(50) COLLATE latin1_general_ci DEFAULT NULL,
  `bankiemp_updatewhen` datetime DEFAULT NULL,
  PRIMARY KEY (`bankiemp_id`)
) ENGINE=MyISAM AUTO_INCREMENT=13 DEFAULT CHARSET=latin1 COLLATE=latin1_general_ci ROW_FORMAT=DYNAMIC;

/*Data for the table `bank_infoemp` */

LOCK TABLES `bank_infoemp` WRITE;

insert  into `bank_infoemp`(`bankiemp_id`,`baccntype_id`,`emp_id`,`bank_id`,`bankiemp_acct_no`,`bankiemp_acct_name`,`bankiemp_swift_code`,`bankiemp_addwho`,`bankiemp_addwhen`,`bankiemp_updatewho`,`bankiemp_updatewhen`) values (1,1,6,2,'0189131111','Bryan Anthony Banal','','jimabignay','2011-12-14 14:47:29','','0000-00-00 00:00:00'),(2,1,7,2,'0189128888','Alicia May De Guzman','','jimabignay','2011-12-14 14:48:39','','0000-00-00 00:00:00'),(3,1,8,2,'0189124456','Anna Liza Misa','','jimabignay','2011-12-14 14:49:50','','0000-00-00 00:00:00'),(4,1,9,2,'0189130123','Christine Mabini','','jimabignay','2011-12-14 14:50:33','','0000-00-00 00:00:00'),(5,1,1,2,'4169124123','Mary Grace Mooc','','jimabignay','2011-12-14 14:51:16','','0000-00-00 00:00:00'),(6,1,2,2,'0189096966','Jessa De leon','','jimabignay','2011-12-14 14:53:16','','0000-00-00 00:00:00'),(7,1,5,2,'0189080000','Mark Anthony Cruz','','jimabignay','2011-12-14 14:54:32','','0000-00-00 00:00:00'),(8,1,10,2,'0189125532','Cris Julius Oropesa','','jimabignay','2011-12-14 15:09:54','','0000-00-00 00:00:00'),(9,1,4,2,'0189080344','Avigail San Juan','','admin','2011-12-14 15:24:24','','0000-00-00 00:00:00'),(10,1,11,2,'0180092345','Jose Rizal','','jimabignay','2012-05-21 11:55:16',NULL,NULL),(11,1,12,2,'0180003526','Makisig Bayani','','jimabignay','2012-05-21 11:56:47',NULL,NULL),(12,1,13,2,'0180238456','Mayumi Macapagal','','jimabignay','2012-05-21 11:59:03',NULL,NULL);

UNLOCK TABLES;

/*Table structure for table `bank_list` */

DROP TABLE IF EXISTS `bank_list`;

CREATE TABLE `bank_list` (
  `banklist_id` int(10) unsigned NOT NULL AUTO_INCREMENT,
  `banklist_name` varchar(60) COLLATE latin1_general_ci DEFAULT NULL,
  `banklist_addwho` varchar(50) COLLATE latin1_general_ci DEFAULT NULL,
  `banklist_addwhen` timestamp NULL DEFAULT CURRENT_TIMESTAMP,
  `banklist_updatewho` varchar(50) COLLATE latin1_general_ci DEFAULT NULL,
  `banklist_updatewhen` datetime DEFAULT NULL,
  `banklist_isactive` tinyint(1) unsigned DEFAULT NULL,
  PRIMARY KEY (`banklist_id`)
) ENGINE=MyISAM AUTO_INCREMENT=2 DEFAULT CHARSET=latin1 COLLATE=latin1_general_ci ROW_FORMAT=DYNAMIC;

/*Data for the table `bank_list` */

LOCK TABLES `bank_list` WRITE;

insert  into `bank_list`(`banklist_id`,`banklist_name`,`banklist_addwho`,`banklist_addwhen`,`banklist_updatewho`,`banklist_updatewhen`,`banklist_isactive`) values (1,'BPI','admin','2011-11-03 10:15:15','','0000-00-00 00:00:00',1);

UNLOCK TABLES;

/*Table structure for table `bnkaccnt_type` */

DROP TABLE IF EXISTS `bnkaccnt_type`;

CREATE TABLE `bnkaccnt_type` (
  `baccntype_id` int(10) unsigned NOT NULL AUTO_INCREMENT,
  `baccntype_name` varchar(100) COLLATE latin1_general_ci DEFAULT NULL,
  PRIMARY KEY (`baccntype_id`)
) ENGINE=MyISAM AUTO_INCREMENT=5 DEFAULT CHARSET=latin1 COLLATE=latin1_general_ci;

/*Data for the table `bnkaccnt_type` */

LOCK TABLES `bnkaccnt_type` WRITE;

insert  into `bnkaccnt_type`(`baccntype_id`,`baccntype_name`) values (1,'Saving'),(2,'Current'),(3,'Credit Card'),(4,'Others');

UNLOCK TABLES;

/*Table structure for table `company_info` */

DROP TABLE IF EXISTS `company_info`;

CREATE TABLE `company_info` (
  `comp_id` int(10) unsigned NOT NULL AUTO_INCREMENT,
  `comptype_id` int(10) unsigned NOT NULL,
  `comp_code` varchar(20) COLLATE latin1_general_ci DEFAULT NULL,
  `comp_name` varchar(50) COLLATE latin1_general_ci DEFAULT NULL,
  `comp_add` text COLLATE latin1_general_ci,
  `comp_zipcode` int(10) unsigned DEFAULT NULL,
  `comp_tel` varchar(20) COLLATE latin1_general_ci DEFAULT NULL,
  `comp_email` varchar(50) COLLATE latin1_general_ci DEFAULT NULL,
  `comp_prim_contc` varchar(50) COLLATE latin1_general_ci DEFAULT NULL,
  `comp_tin` varchar(20) COLLATE latin1_general_ci DEFAULT NULL,
  `comp_sss` varchar(20) COLLATE latin1_general_ci DEFAULT NULL,
  `comp_phic` varchar(20) COLLATE latin1_general_ci DEFAULT NULL,
  `comp_hdmf` varchar(20) COLLATE latin1_general_ci DEFAULT NULL,
  `comp_priority` int(10) unsigned DEFAULT NULL,
  `comp_addwho` varchar(50) COLLATE latin1_general_ci DEFAULT NULL,
  `comp_addwhen` timestamp NULL DEFAULT CURRENT_TIMESTAMP,
  `comp_updatewho` varchar(50) COLLATE latin1_general_ci DEFAULT NULL,
  `comp_updatewhen` datetime DEFAULT NULL,
  PRIMARY KEY (`comp_id`)
) ENGINE=MyISAM AUTO_INCREMENT=2 DEFAULT CHARSET=latin1 COLLATE=latin1_general_ci ROW_FORMAT=DYNAMIC;

/*Data for the table `company_info` */

LOCK TABLES `company_info` WRITE;

insert  into `company_info`(`comp_id`,`comptype_id`,`comp_code`,`comp_name`,`comp_add`,`comp_zipcode`,`comp_tel`,`comp_email`,`comp_prim_contc`,`comp_tin`,`comp_sss`,`comp_phic`,`comp_hdmf`,`comp_priority`,`comp_addwho`,`comp_addwhen`,`comp_updatewho`,`comp_updatewhen`) values (1,1,'SMPI','Company XYZ, Inc.','Alcar Building, Brgy. Highway Hills, Las Pinas City',1740,'(02) 636-1234','mooc@companyxyz.com.ph','Mary Grace Mooc','219 978 549 000','0391666959','01-900001251-2','800137810006',50,'jay','2009-07-13 17:57:27','jimabignay','2012-05-21 10:16:24');

UNLOCK TABLES;

/*Table structure for table `company_type` */

DROP TABLE IF EXISTS `company_type`;

CREATE TABLE `company_type` (
  `comptype_id` int(10) unsigned NOT NULL AUTO_INCREMENT,
  `comptype_desc` varchar(50) COLLATE latin1_general_ci DEFAULT NULL,
  `comptype_addwho` varchar(50) COLLATE latin1_general_ci DEFAULT NULL,
  `comptype_addwhen` timestamp NULL DEFAULT CURRENT_TIMESTAMP,
  `comptype_updatewho` varchar(50) COLLATE latin1_general_ci DEFAULT NULL,
  `comptype_updatewhen` datetime DEFAULT NULL,
  PRIMARY KEY (`comptype_id`)
) ENGINE=MyISAM AUTO_INCREMENT=5 DEFAULT CHARSET=latin1 COLLATE=latin1_general_ci;

/*Data for the table `company_type` */

LOCK TABLES `company_type` WRITE;

insert  into `company_type`(`comptype_id`,`comptype_desc`,`comptype_addwho`,`comptype_addwhen`,`comptype_updatewho`,`comptype_updatewhen`) values (1,'Private','jayadmin','2011-06-27 08:53:58','','0000-00-00 00:00:00'),(2,'Government','jayadmin','2011-06-27 09:12:21','','0000-00-00 00:00:00'),(3,'Household','jayadmin','2011-06-27 09:12:37','','0000-00-00 00:00:00');

UNLOCK TABLES;

/*Table structure for table `deduction_type` */

DROP TABLE IF EXISTS `deduction_type`;

CREATE TABLE `deduction_type` (
  `dec_id` int(10) unsigned NOT NULL AUTO_INCREMENT,
  `dec_code` varchar(20) COLLATE latin1_general_ci DEFAULT NULL,
  `dec_name` varchar(50) COLLATE latin1_general_ci DEFAULT NULL,
  `dec_ord` int(10) unsigned DEFAULT NULL,
  `dec_addwho` varchar(30) COLLATE latin1_general_ci DEFAULT NULL,
  `dec_addwhen` timestamp NULL DEFAULT CURRENT_TIMESTAMP,
  `dec_updatewho` varchar(30) COLLATE latin1_general_ci DEFAULT NULL,
  `dec_updatewhen` datetime DEFAULT NULL,
  PRIMARY KEY (`dec_id`)
) ENGINE=MyISAM AUTO_INCREMENT=6 DEFAULT CHARSET=latin1 COLLATE=latin1_general_ci;

/*Data for the table `deduction_type` */

LOCK TABLES `deduction_type` WRITE;

insert  into `deduction_type`(`dec_id`,`dec_code`,`dec_name`,`dec_ord`,`dec_addwho`,`dec_addwhen`,`dec_updatewho`,`dec_updatewhen`) values (1,'SSS','Social Security Service',10,'admin','2009-10-06 18:13:10','','0000-00-00 00:00:00'),(2,'PHIC','Philippine Health Insurance Corporation ',20,'admin','2009-10-06 18:19:05','','0000-00-00 00:00:00'),(3,'HDMF','Home Development Mutual Fund',30,'admin','2009-10-06 18:19:42','','0000-00-00 00:00:00'),(4,'COLA','COLA',40,'admin','2009-10-06 18:19:57','','0000-00-00 00:00:00'),(5,'TAX','Tax',50,'admin','2009-10-06 18:20:21','','0000-00-00 00:00:00');

UNLOCK TABLES;

/*Table structure for table `dependent_info` */

DROP TABLE IF EXISTS `dependent_info`;

CREATE TABLE `dependent_info` (
  `depnd_id` int(10) unsigned NOT NULL AUTO_INCREMENT,
  `emp_id` int(10) unsigned NOT NULL,
  `depnd_fname` varchar(60) COLLATE latin1_general_ci DEFAULT NULL,
  `depnd_mname` varchar(60) COLLATE latin1_general_ci DEFAULT NULL,
  `depnd_lname` varchar(60) COLLATE latin1_general_ci DEFAULT NULL,
  `depnd_gender` varchar(10) COLLATE latin1_general_ci DEFAULT NULL,
  `depnd_bdate` date DEFAULT NULL,
  `depnd_country_bdate` varchar(50) COLLATE latin1_general_ci DEFAULT NULL,
  `depnd_nationality` varchar(50) COLLATE latin1_general_ci DEFAULT NULL,
  `depnd_relationship` varchar(50) COLLATE latin1_general_ci DEFAULT NULL,
  `depnd_addwho` varchar(50) COLLATE latin1_general_ci DEFAULT NULL,
  `depnd_addwhen` timestamp NULL DEFAULT CURRENT_TIMESTAMP,
  `depnd_updatewho` varchar(50) COLLATE latin1_general_ci DEFAULT NULL,
  `depnd_updatewhen` datetime DEFAULT NULL,
  PRIMARY KEY (`depnd_id`),
  KEY `dependent_info_FKIndex1` (`emp_id`)
) ENGINE=MyISAM AUTO_INCREMENT=2 DEFAULT CHARSET=latin1 COLLATE=latin1_general_ci;

/*Data for the table `dependent_info` */

LOCK TABLES `dependent_info` WRITE;

insert  into `dependent_info`(`depnd_id`,`emp_id`,`depnd_fname`,`depnd_mname`,`depnd_lname`,`depnd_gender`,`depnd_bdate`,`depnd_country_bdate`,`depnd_nationality`,`depnd_relationship`,`depnd_addwho`,`depnd_addwhen`,`depnd_updatewho`,`depnd_updatewhen`) values (1,1,'Mark Gian','Rizal','Mooc','','2008-04-20','','Filipino','Son','','2012-02-11 11:35:25','','0000-00-00 00:00:00');

UNLOCK TABLES;

/*Table structure for table `emp_201status` */

DROP TABLE IF EXISTS `emp_201status`;

CREATE TABLE `emp_201status` (
  `emp201status_id` int(10) unsigned NOT NULL AUTO_INCREMENT,
  `emp201status_name` varchar(30) COLLATE latin1_general_ci DEFAULT NULL,
  `emp201status_ord` int(11) DEFAULT NULL,
  PRIMARY KEY (`emp201status_id`)
) ENGINE=MyISAM AUTO_INCREMENT=10 DEFAULT CHARSET=latin1 COLLATE=latin1_general_ci;

/*Data for the table `emp_201status` */

LOCK TABLES `emp_201status` WRITE;

insert  into `emp_201status`(`emp201status_id`,`emp201status_name`,`emp201status_ord`) values (1,'NEW HIRE',10),(2,'RETIREMENT',20),(3,'RETRENCHED',30),(4,'SUSPENDED',40),(5,'TERMINATED',50),(6,'TEMPORARY LAYOFF',60),(7,'REGULAR',70),(8,'RESIGNED',80),(9,'END OF CONTRACT',90);

UNLOCK TABLES;

/*Table structure for table `emp_benefits` */

DROP TABLE IF EXISTS `emp_benefits`;

CREATE TABLE `emp_benefits` (
  `ben_id` int(10) unsigned NOT NULL AUTO_INCREMENT,
  `psa_id` int(11) NOT NULL,
  `emp_id` int(10) unsigned NOT NULL,
  `ben_amount` float DEFAULT NULL,
  `ben_payperday` float DEFAULT NULL,
  `ben_startdate` date DEFAULT NULL,
  `ben_enddate` date DEFAULT NULL,
  `ben_isfixed` tinyint(3) unsigned DEFAULT '0',
  `ben_addwho` varchar(50) COLLATE latin1_general_ci DEFAULT NULL,
  `ben_addwhen` timestamp NULL DEFAULT CURRENT_TIMESTAMP,
  `ben_updatewho` varchar(50) COLLATE latin1_general_ci DEFAULT NULL,
  `ben_updatewhen` datetime DEFAULT NULL,
  `ben_suspend` tinyint(3) unsigned DEFAULT '0',
  `ben_periodselection` varchar(10) COLLATE latin1_general_ci DEFAULT NULL,
  PRIMARY KEY (`ben_id`)
) ENGINE=MyISAM AUTO_INCREMENT=12 DEFAULT CHARSET=latin1 COLLATE=latin1_general_ci ROW_FORMAT=DYNAMIC;

/*Data for the table `emp_benefits` */

LOCK TABLES `emp_benefits` WRITE;

insert  into `emp_benefits`(`ben_id`,`psa_id`,`emp_id`,`ben_amount`,`ben_payperday`,`ben_startdate`,`ben_enddate`,`ben_isfixed`,`ben_addwho`,`ben_addwhen`,`ben_updatewho`,`ben_updatewhen`,`ben_suspend`,`ben_periodselection`) values (2,36,9,1500,1500,'2011-09-01','0000-00-00',0,'jimabignay','2012-01-25 17:14:44','admin','2012-03-27 11:42:06',0,'0,1,0,0,0'),(8,12,6,1000,500,'2012-01-01','0000-00-00',0,'jimabignay','2012-05-21 11:34:46',NULL,NULL,0,'1,1,0,0,0'),(9,10,7,2500,1250,'2012-01-01','0000-00-00',0,'jimabignay','2012-05-21 11:35:29',NULL,NULL,0,'1,1,0,0,0'),(10,37,10,2000,2000,'2012-01-01','0000-00-00',0,'jimabignay','2012-05-21 11:40:47',NULL,NULL,0,'0,1,0,0,0'),(11,19,6,250.11,250.11,'2012-05-01','2012-05-01',0,'admin','2012-05-22 09:07:37',NULL,NULL,0,'1,0,0,0,0');

UNLOCK TABLES;

/*Table structure for table `emp_category` */

DROP TABLE IF EXISTS `emp_category`;

CREATE TABLE `emp_category` (
  `empcateg_id` int(10) unsigned NOT NULL AUTO_INCREMENT,
  `empcateg_name` varchar(50) COLLATE latin1_general_ci DEFAULT NULL,
  `empcateg_ord` int(10) unsigned DEFAULT NULL,
  `empcateg_addwho` varchar(50) COLLATE latin1_general_ci DEFAULT NULL,
  `empcateg_addwhen` timestamp NULL DEFAULT CURRENT_TIMESTAMP,
  `empcateg_updatewho` varchar(50) COLLATE latin1_general_ci DEFAULT NULL,
  `empcateg_updatewhen` datetime DEFAULT NULL,
  PRIMARY KEY (`empcateg_id`)
) ENGINE=MyISAM AUTO_INCREMENT=5 DEFAULT CHARSET=latin1 COLLATE=latin1_general_ci;

/*Data for the table `emp_category` */

LOCK TABLES `emp_category` WRITE;

insert  into `emp_category`(`empcateg_id`,`empcateg_name`,`empcateg_ord`,`empcateg_addwho`,`empcateg_addwhen`,`empcateg_updatewho`,`empcateg_updatewhen`) values (1,'Casual',10,'jay','2009-07-08 17:39:02','','0000-00-00 00:00:00'),(2,'Contractual',20,'jay','2009-07-08 17:40:39','','0000-00-00 00:00:00'),(3,'Probationary',30,'jay','2009-07-08 17:40:54','admin','2011-10-05 20:51:52'),(4,'Full-time',40,'mark','2009-10-27 22:34:27','admin','2011-11-03 10:24:34');

UNLOCK TABLES;

/*Table structure for table `emp_deductions_detail` */

DROP TABLE IF EXISTS `emp_deductions_detail`;

CREATE TABLE `emp_deductions_detail` (
  `empdd_id` int(10) unsigned NOT NULL AUTO_INCREMENT,
  `emp_id` int(10) unsigned NOT NULL,
  `dec_id` int(10) unsigned NOT NULL,
  PRIMARY KEY (`empdd_id`)
) ENGINE=MyISAM DEFAULT CHARSET=latin1 COLLATE=latin1_general_ci;

/*Data for the table `emp_deductions_detail` */

LOCK TABLES `emp_deductions_detail` WRITE;

UNLOCK TABLES;

/*Table structure for table `emp_leave` */

DROP TABLE IF EXISTS `emp_leave`;

CREATE TABLE `emp_leave` (
  `empleave_id` int(10) unsigned NOT NULL AUTO_INCREMENT,
  `emp_id` int(10) unsigned NOT NULL,
  `leave_id` int(10) unsigned NOT NULL,
  `empleave_used_day` decimal(10,2) DEFAULT NULL,
  `empleave_available_day` decimal(10,2) DEFAULT NULL,
  `empleave_substitute` varchar(50) COLLATE latin1_general_ci DEFAULT NULL,
  `empleave_creadit` decimal(10,2) DEFAULT NULL,
  `empleave_stat` tinyint(2) unsigned DEFAULT '1',
  `empleave_addwho` varchar(50) COLLATE latin1_general_ci DEFAULT NULL,
  `empleave_addwhen` timestamp NULL DEFAULT CURRENT_TIMESTAMP,
  `empleave_updatewho` varchar(50) COLLATE latin1_general_ci DEFAULT NULL,
  `empleave_updatewhen` datetime DEFAULT NULL,
  PRIMARY KEY (`empleave_id`)
) ENGINE=MyISAM AUTO_INCREMENT=22 DEFAULT CHARSET=latin1 COLLATE=latin1_general_ci ROW_FORMAT=DYNAMIC;

/*Data for the table `emp_leave` */

LOCK TABLES `emp_leave` WRITE;

insert  into `emp_leave`(`empleave_id`,`emp_id`,`leave_id`,`empleave_used_day`,`empleave_available_day`,`empleave_substitute`,`empleave_creadit`,`empleave_stat`,`empleave_addwho`,`empleave_addwhen`,`empleave_updatewho`,`empleave_updatewhen`) values (1,10,1,'0.00','12.00','','15.00',1,'admin','2012-01-12 13:43:49','jimabignay','2012-05-21 11:54:06'),(2,10,2,'0.00','13.00','','15.00',1,'admin','2012-01-12 13:43:56','jimabignay','2012-05-21 11:54:06'),(3,4,1,'0.00','15.00','','15.00',1,'admin','2012-01-12 13:54:56','','0000-00-00 00:00:00'),(4,4,2,'0.00','15.00','','15.00',1,'admin','2012-01-12 13:55:03','','0000-00-00 00:00:00'),(5,7,1,'0.00','6.00','','7.50',1,'admin','2012-01-12 13:57:17','','0000-00-00 00:00:00'),(6,7,2,'0.00','7.00','','7.50',1,'admin','2012-01-12 13:57:23','','0000-00-00 00:00:00'),(7,2,1,'1.50','8.50','','15.00',1,'admin','2012-01-12 14:05:43','','0000-00-00 00:00:00'),(8,2,2,'0.00','13.00','','15.00',1,'admin','2012-01-12 14:05:48','','0000-00-00 00:00:00'),(9,8,1,'0.00','7.50','','15.00',1,'admin','2012-01-12 14:31:15','','0000-00-00 00:00:00'),(10,8,2,'0.00','10.00','','15.00',1,'admin','2012-01-12 14:31:21','','0000-00-00 00:00:00'),(11,1,1,'0.00','3.00','','15.00',1,'admin','2012-01-12 14:35:00','','0000-00-00 00:00:00'),(12,1,2,'0.00','2.00','','15.00',1,'admin','2012-01-12 14:35:05','','0000-00-00 00:00:00'),(13,5,1,'0.00','7.00','','15.00',1,'admin','2012-01-12 14:41:58','jimabignay','2012-05-21 11:31:22'),(14,5,2,'0.00','15.00','','15.00',1,'admin','2012-01-12 14:42:03','jimabignay','2012-05-21 11:31:22'),(15,11,2,'0.00','15.00',NULL,'15.00',1,'jimabignay','2012-05-21 11:55:29',NULL,NULL),(16,11,1,'0.00','15.00',NULL,'15.00',1,'jimabignay','2012-05-21 11:55:33',NULL,NULL),(17,12,1,'0.00','15.00',NULL,'15.00',1,'jimabignay','2012-05-21 11:56:59',NULL,NULL),(18,12,2,'0.00','15.00',NULL,'15.00',1,'jimabignay','2012-05-21 11:57:05',NULL,NULL),(19,13,1,'0.00','15.00',NULL,'15.00',1,'jimabignay','2012-05-21 11:59:14',NULL,NULL),(20,13,2,'0.00','15.00',NULL,'15.00',1,'jimabignay','2012-05-21 11:59:21',NULL,NULL),(21,6,1,'0.00','7.50',NULL,'7.50',1,'admin','2012-05-22 09:06:28',NULL,NULL);

UNLOCK TABLES;

/*Table structure for table `emp_leave_rec` */

DROP TABLE IF EXISTS `emp_leave_rec`;

CREATE TABLE `emp_leave_rec` (
  `emp_leav_rec_id` int(10) unsigned NOT NULL AUTO_INCREMENT,
  `empleave_id` int(10) unsigned NOT NULL,
  `emp_leav_rec_leavedays` decimal(10,2) DEFAULT NULL,
  `emp_leav_rec_date` date DEFAULT NULL,
  `emp_leav_rec_reasonforleave` text COLLATE latin1_general_ci,
  `emp_leav_rec_stat` tinyint(3) unsigned DEFAULT NULL,
  `emp_leav_rec_addwho` varchar(50) COLLATE latin1_general_ci DEFAULT NULL,
  `emp_leav_rec_addwhen` timestamp NULL DEFAULT NULL,
  PRIMARY KEY (`emp_leav_rec_id`)
) ENGINE=MyISAM DEFAULT CHARSET=latin1 COLLATE=latin1_general_ci;

/*Data for the table `emp_leave_rec` */

LOCK TABLES `emp_leave_rec` WRITE;

UNLOCK TABLES;

/*Table structure for table `emp_masterfile` */

DROP TABLE IF EXISTS `emp_masterfile`;

CREATE TABLE `emp_masterfile` (
  `emp_id` int(10) unsigned NOT NULL AUTO_INCREMENT,
  `taxep_id` int(10) unsigned NOT NULL,
  `ud_id` int(10) unsigned NOT NULL,
  `comp_id` int(10) unsigned NOT NULL,
  `post_id` int(10) unsigned NOT NULL,
  `empcateg_id` int(10) unsigned NOT NULL,
  `emptype_id` int(10) unsigned NOT NULL,
  `pi_id` int(10) unsigned NOT NULL,
  `emp_idnum` varchar(20) COLLATE latin1_general_ci DEFAULT NULL,
  `emp_hiredate` date DEFAULT NULL,
  `emp_regulardate` date DEFAULT NULL,
  `emp_resigndate` date DEFAULT NULL,
  `emp_resonresign` text COLLATE latin1_general_ci,
  `emp_retiredate` date DEFAULT NULL,
  `emp_appdate` date DEFAULT NULL,
  `emp_addwho` varchar(50) COLLATE latin1_general_ci DEFAULT NULL,
  `emp_addwhen` timestamp NULL DEFAULT CURRENT_TIMESTAMP,
  `emp_updatewho` varchar(50) COLLATE latin1_general_ci DEFAULT NULL,
  `emp_updatewhen` datetime DEFAULT NULL,
  `emp_stat` int(10) unsigned DEFAULT '1',
  `emp_picture` mediumblob,
  `emp_isconfidentail` tinyint(2) unsigned DEFAULT '0',
  `emp_tacessid` varchar(50) COLLATE latin1_general_ci DEFAULT NULL,
  PRIMARY KEY (`emp_id`),
  KEY `pi_id` (`pi_id`),
  KEY `emptype_id` (`emptype_id`),
  KEY `empcateg_id` (`empcateg_id`),
  KEY `post_id` (`post_id`),
  KEY `comp_id` (`comp_id`),
  KEY `ud_id` (`ud_id`)
) ENGINE=MyISAM AUTO_INCREMENT=14 DEFAULT CHARSET=latin1 COLLATE=latin1_general_ci ROW_FORMAT=DYNAMIC;

/*Data for the table `emp_masterfile` */

LOCK TABLES `emp_masterfile` WRITE;

insert  into `emp_masterfile`(`emp_id`,`taxep_id`,`ud_id`,`comp_id`,`post_id`,`empcateg_id`,`emptype_id`,`pi_id`,`emp_idnum`,`emp_hiredate`,`emp_regulardate`,`emp_resigndate`,`emp_resonresign`,`emp_retiredate`,`emp_appdate`,`emp_addwho`,`emp_addwhen`,`emp_updatewho`,`emp_updatewhen`,`emp_stat`,`emp_picture`,`emp_isconfidentail`,`emp_tacessid`) values (1,9,6,1,2,4,1,1,'2011-191','2011-07-04','0000-00-00','0000-00-00','','0000-00-00','0000-00-00','admin','2011-11-07 18:39:14','jimabignay','2012-05-21 10:10:31',7,'',0,'191'),(2,8,3,1,5,4,4,2,'2009-075','2009-01-30','0000-00-00','0000-00-00','','0000-00-00','0000-00-00','admin','2011-11-07 18:48:16','jimabignay','2012-05-21 10:23:54',7,'',0,'75'),(3,3,3,1,6,4,4,3,'2009-094','2009-11-17','0000-00-00','0000-00-00','','0000-00-00','0000-00-00','admin','2011-11-07 20:33:07','jimabignay','2012-05-21 10:18:05',8,'',0,'94'),(4,8,3,1,4,4,2,4,'2008-016','2008-03-17','0000-00-00','2012-03-25','','0000-00-00','0000-00-00','admin','2011-11-07 20:40:05','jimabignay','2012-05-21 10:19:35',8,'',1,'16'),(5,10,3,1,3,4,1,5,'2002-001','2002-05-15','0000-00-00','0000-00-00','','0000-00-00','0000-00-00','admin','2011-11-07 20:53:54','jimabignay','2012-05-21 10:21:19',7,'',0,'1'),(6,3,5,1,11,3,4,6,'2011-201','2011-09-01','0000-00-00','0000-00-00','','0000-00-00','0000-00-00','admin','2011-11-07 20:59:31','admin','2012-05-22 08:59:45',7,'',0,'201'),(7,10,5,1,9,3,4,7,'2011-188','2011-06-08','0000-00-00','0000-00-00','','0000-00-00','0000-00-00','admin','2011-11-07 21:05:41','jimabignay','2012-05-21 10:23:18',7,'',0,'188'),(8,8,5,1,10,4,4,8,'2011-182','2011-03-29','0000-00-00','0000-00-00','','0000-00-00','0000-00-00','admin','2011-11-07 21:11:04','jimabignay','2012-05-21 10:11:24',7,'',0,'182'),(9,12,5,1,8,3,1,9,'2011-195','2011-08-01','0000-00-00','0000-00-00','','0000-00-00','0000-00-00','admin','2011-11-07 21:16:20','jimabignay','2012-05-21 10:25:50',7,'',0,'195'),(10,10,4,1,14,4,4,10,'2011-180','2011-03-28','0000-00-00','0000-00-00','','0000-00-00','0000-00-00','admin','2011-11-07 21:21:35','jimabignay','2012-05-21 10:10:58',7,'',0,'180'),(11,3,3,1,4,4,2,11,'2012-001','2012-01-12',NULL,'0000-00-00',NULL,NULL,NULL,'jimabignay','2012-05-21 11:06:10','jimabignay','2012-05-21 11:06:30',1,'',0,''),(12,3,2,1,27,4,1,12,'2012-002','2012-02-15',NULL,NULL,NULL,NULL,NULL,'jimabignay','2012-05-21 11:12:13',NULL,NULL,1,'',0,NULL),(13,3,1,1,20,4,2,13,'2012-003','2012-03-21',NULL,NULL,NULL,NULL,NULL,'jimabignay','2012-05-21 11:12:48',NULL,NULL,1,'',0,NULL);

UNLOCK TABLES;

/*Table structure for table `emp_personal_info` */

DROP TABLE IF EXISTS `emp_personal_info`;

CREATE TABLE `emp_personal_info` (
  `pi_id` int(10) unsigned NOT NULL AUTO_INCREMENT,
  `zipcode_id` int(10) unsigned NOT NULL,
  `p_id` int(10) unsigned NOT NULL,
  `pi_fname` varchar(60) COLLATE latin1_general_ci DEFAULT NULL,
  `pi_mname` varchar(60) COLLATE latin1_general_ci DEFAULT NULL,
  `pi_lname` varchar(60) COLLATE latin1_general_ci DEFAULT NULL,
  `pi_gender` varchar(6) COLLATE latin1_general_ci DEFAULT NULL,
  `pi_bdate` date DEFAULT NULL,
  `pi_place_bdate` varchar(30) COLLATE latin1_general_ci DEFAULT NULL,
  `pi_nationality` varchar(30) COLLATE latin1_general_ci DEFAULT NULL,
  `pi_religion` varchar(30) COLLATE latin1_general_ci DEFAULT NULL,
  `pi_race` varchar(30) COLLATE latin1_general_ci DEFAULT NULL,
  `pi_bloodtype` varchar(30) COLLATE latin1_general_ci DEFAULT NULL,
  `pi_height` varchar(30) COLLATE latin1_general_ci DEFAULT NULL,
  `pi_weight` varchar(30) COLLATE latin1_general_ci DEFAULT NULL,
  `pi_add` text COLLATE latin1_general_ci,
  `pi_telone` varchar(20) COLLATE latin1_general_ci DEFAULT NULL,
  `pi_teltwo` varchar(20) COLLATE latin1_general_ci DEFAULT NULL,
  `pi_mobileone` varchar(20) COLLATE latin1_general_ci DEFAULT NULL,
  `pi_mobiletwo` varchar(20) COLLATE latin1_general_ci DEFAULT NULL,
  `pi_emailone` varchar(50) COLLATE latin1_general_ci DEFAULT NULL,
  `pi_emailtwo` varchar(50) COLLATE latin1_general_ci DEFAULT NULL,
  `pi_tin` varchar(20) COLLATE latin1_general_ci DEFAULT NULL,
  `pi_sss` varchar(20) COLLATE latin1_general_ci DEFAULT NULL,
  `pi_phic` varchar(20) COLLATE latin1_general_ci DEFAULT NULL,
  `pi_hdmf` varchar(20) COLLATE latin1_general_ci DEFAULT NULL,
  `pi_nhmfc` varchar(20) COLLATE latin1_general_ci DEFAULT NULL,
  `pi_passport` varchar(20) COLLATE latin1_general_ci DEFAULT NULL,
  `pi_addwho` varchar(50) COLLATE latin1_general_ci DEFAULT NULL,
  `pi_addwhen` timestamp NULL DEFAULT CURRENT_TIMESTAMP,
  `pi_updatewho` varchar(50) COLLATE latin1_general_ci DEFAULT NULL,
  `pi_updatewhen` datetime DEFAULT NULL,
  `pi_age` int(10) unsigned DEFAULT NULL,
  `pi_zipcode` int(10) unsigned DEFAULT NULL,
  `pi_civil` varchar(50) COLLATE latin1_general_ci DEFAULT NULL,
  PRIMARY KEY (`pi_id`)
) ENGINE=MyISAM AUTO_INCREMENT=14 DEFAULT CHARSET=latin1 COLLATE=latin1_general_ci ROW_FORMAT=DYNAMIC;

/*Data for the table `emp_personal_info` */

LOCK TABLES `emp_personal_info` WRITE;

insert  into `emp_personal_info`(`pi_id`,`zipcode_id`,`p_id`,`pi_fname`,`pi_mname`,`pi_lname`,`pi_gender`,`pi_bdate`,`pi_place_bdate`,`pi_nationality`,`pi_religion`,`pi_race`,`pi_bloodtype`,`pi_height`,`pi_weight`,`pi_add`,`pi_telone`,`pi_teltwo`,`pi_mobileone`,`pi_mobiletwo`,`pi_emailone`,`pi_emailtwo`,`pi_tin`,`pi_sss`,`pi_phic`,`pi_hdmf`,`pi_nhmfc`,`pi_passport`,`pi_addwho`,`pi_addwhen`,`pi_updatewho`,`pi_updatewhen`,`pi_age`,`pi_zipcode`,`pi_civil`) values (1,1412,43,'Mary Grace','Rizal','Mooc','Female','1980-06-01','Eastern Samar','Philippines','Roman Catholic','Filipino','O','5 ft 3 inc','143 lbs','938 San Jose St. Brgy. Mauway,','91755844444','','','','mooc@sample.email.com','','924-095-960','06-1803982-9','13-025002043-1','1090-0427-3333','','','admin','2011-11-07 18:39:14','jimabignay','0000-00-00 00:00:00',0,0,'Married'),(2,1752,18,'Jessa','Africa','De leon','Female','1984-05-02','kalookan','Philippines','Roman Catholic','Filipino','Unknown','','','#177 Maysan Road, Maysan,','','','09217654321','','leon@sample.email.com','','290-362-287','34-0710583-5','01-051139979-9','0019-2714-2404','','','admin','2011-11-07 18:48:16','jimabignay','0000-00-00 00:00:00',0,0,'Married'),(3,670,65,'Fernando','Santos','Elicot','Male','1989-01-26','kalookan','Philippines','Roman Catholic','Filipino','Unknown','','','B21 L64 P3 Ciudad Real Subd., San Jose Del Monte','','','09326573214','','','','261-114-489','34-1112544-5','01-051139975-6','--','','','admin','2011-11-07 20:33:07','jimabignay','0000-00-00 00:00:00',0,0,'Single'),(4,1160,77,'Sophia April','San Juan','Samonte','Female','1981-04-05','Rizal','Philippines','Roman Catholic','Filipino','Unknown','','','644 Lambingan Street, San Guillermo Morong','','','09155551111','','','','240-507-921','33-6604269-9','02-050080392-5','1090-0362-0940','','','admin','2011-11-07 20:40:05','jimabignay','0000-00-00 00:00:00',0,0,'Single'),(5,1455,70,'Mark Anthony','Mendoza','Cruz','Male','1976-09-08','Quezon City','Philippines','Roman Catholic','Filipino','Unknown','','','511 Mabolo Street, Cembo','491-9170','','09207654123','','cruz@sample.email.com','','201-965-966','33-5582858-1','19-052327918-5','1090-0354-6013','','','admin','2011-11-07 20:53:54','jimabignay','0000-00-00 00:00:00',0,0,'Married'),(6,1577,40,'Bryan Anthony','Castillo','Banal','Male','1990-05-22','Laguna','Philippines','Roman Catholic','Filipino','Unknown','','','561 Q. L. Dela Rosa St. Siniloan,','','','09177456213','','banal@sample.email.com','','288-453-447','34-2705061-4','02-050786142-4','1210-0953-1586','','','admin','2011-11-07 20:59:31','admin','0000-00-00 00:00:00',0,0,'Single'),(7,962,34,'Alicia May','Manalo','De Guzman','Female','1978-01-23','Pasig City','Philippines','Roman Catholic','Filipino','Unknown','','','B15 L59 Phase 4 Golden City, Salawag,','','','09151234765','','guzman@sample.email.com','','210-329-355','33-5029121-0','19-051006073-7','1080-0164-0088','','','admin','2011-11-07 21:05:41','jimabignay','0000-00-00 00:00:00',0,0,'Married'),(8,957,34,'Anna Liza','Aragon','Misa','Female','1972-04-30','Rizal','Philippines','Roman Catholic','Filipino','Unknown','','','B5 L8 East 2 Camella Springville Molino IV,','','','91890000000','','','','171-012-667','33-3078626-6','19-051053767-3','1020-0289-6409','','','admin','2011-11-07 21:11:04','jimabignay','0000-00-00 00:00:00',0,0,'Married'),(9,150,30,'Christine','Santos','Mabini','Female','1976-04-15','Manila','Philippines','Roman Catholic','Filipino','Unknown','','','3A Bugalyon St. Marikina Heights,','386-0711','','09231234567','','mabini@sample.email.com','','912-541-545','33-5599441-5','19-052064487-7','9113-0105-9230','','','admin','2011-11-07 21:16:20','jimabignay','0000-00-00 00:00:00',0,0,'Married'),(10,1412,43,'Cris Julius','Ato','Oropesa','Male','1979-11-03','Zambales','Philippines','Roman Catholic','Filipino','Unknown','','','27 P. Mercury St. Blk 37 Fabella Rd.','','','929715111111','','','','228-822-228','33-4958139-7','19-090378307-2','0003-9232-5435','','','admin','2011-11-07 21:21:35','jimabignay','0000-00-00 00:00:00',0,0,'Married'),(11,95,59,'Jose','Protacio','Rizal','Male','1993-03-03','Laguna','Philippines','Roman Catholic','Filipino','AB-','5ft 4inc','150 lbs','Intramuros','1234567','','09111234567','','rizal@sample.email.com','','121-312-122','12-1231234-2','21-132123123-2','3123-5436-4567','','','jimabignay','2012-05-21 11:06:10','jimabignay',NULL,NULL,NULL,'Single'),(12,816,45,'Makisig','Payapa','Bayani','Male','1991-09-21','Samar','Philippines','Roman Catholic','Filipino','AB+','6ft','170 lbs','Batasan Hills','7654321','','09087653241','','bayani@sample.email.com','','645-456-564','23-2354563-4','46-756978967-5','3654-3657-6857','','','jimabignay','2012-05-21 11:12:13',NULL,NULL,NULL,NULL,'Single'),(13,1228,99,'Mayumi','Magsaysay','Macapagal','Female','1986-03-15','San Juan','Philippines','Roman Catholic','Filipino','O+','5ft 7inc','155 lbs','Eisenhower St.','9873456','','09329991234','','mayumi@sample.email.com','','434-342-423','13-6576576-7','61-245646898-6','8934-2434-6489','','','jimabignay','2012-05-21 11:12:48',NULL,NULL,NULL,NULL,'Single');

UNLOCK TABLES;

/*Table structure for table `emp_position` */

DROP TABLE IF EXISTS `emp_position`;

CREATE TABLE `emp_position` (
  `post_id` int(10) unsigned NOT NULL AUTO_INCREMENT,
  `post_code` varchar(10) COLLATE latin1_general_ci DEFAULT NULL,
  `post_name` varchar(50) COLLATE latin1_general_ci DEFAULT NULL,
  `post_desc` text COLLATE latin1_general_ci,
  `post_ord` int(10) unsigned DEFAULT NULL,
  `post_addwho` varchar(50) COLLATE latin1_general_ci DEFAULT NULL,
  `post_addwhen` timestamp NULL DEFAULT CURRENT_TIMESTAMP,
  `post_updatewho` varchar(50) COLLATE latin1_general_ci DEFAULT NULL,
  `post_updatewhen` datetime DEFAULT NULL,
  PRIMARY KEY (`post_id`)
) ENGINE=MyISAM AUTO_INCREMENT=37 DEFAULT CHARSET=latin1 COLLATE=latin1_general_ci ROW_FORMAT=DYNAMIC;

/*Data for the table `emp_position` */

LOCK TABLES `emp_position` WRITE;

insert  into `emp_position`(`post_id`,`post_code`,`post_name`,`post_desc`,`post_ord`,`post_addwho`,`post_addwhen`,`post_updatewho`,`post_updatewhen`) values (1,'GM','General Manager','typically oversees all aspects of operations within a company, organization or factory. All department heads typically report to the GM, and the GM typically reports to the vice president or president of the company.',10,'admin','2011-11-07 17:59:35','admin','2011-11-07 18:27:25'),(2,'HRM','Human Resources Manager','guides and manages the overall provision of Human Resources services, policies, and programs for the entire company.',20,'admin','2011-11-07 17:59:59','admin','2011-11-07 18:17:16'),(3,'ITMNGR','IT Manager','',30,'admin','2011-11-07 18:00:17','','0000-00-00 00:00:00'),(4,'ITSUP','IT Supervisor','',40,'admin','2011-11-07 18:04:07','','0000-00-00 00:00:00'),(5,'MEMBERSHIP','Membership Officer','',50,'admin','2011-11-07 18:04:24','','0000-00-00 00:00:00'),(6,'ITASST','IT Technical Support','',60,'admin','2011-11-07 18:04:42','','0000-00-00 00:00:00'),(7,'FINMNGR','Finance Manager','',70,'admin','2011-11-07 18:05:00','admin','2012-03-08 11:59:24'),(8,'ACCTGMNGR','Accounting Manager','',80,'admin','2011-11-07 18:07:42','','0000-00-00 00:00:00'),(9,'PAYACCT','Payable Accountant','',90,'admin','2011-11-07 18:08:16','','0000-00-00 00:00:00'),(10,'RECACCT','Receivable Accountant','',100,'admin','2011-11-07 18:08:32','','0000-00-00 00:00:00'),(11,'COSTACCT','Cost Accountant','',110,'admin','2011-11-07 18:08:49','','0000-00-00 00:00:00'),(12,'SMM','Sales and Marketing Manager','',120,'admin','2011-11-07 18:18:15','','0000-00-00 00:00:00'),(13,'JRSM','Jr. Sales Manager','',130,'admin','2011-11-07 18:18:40','','0000-00-00 00:00:00'),(14,'RSO','Regional Sales Officer','',140,'admin','2011-11-07 18:18:56','','0000-00-00 00:00:00'),(15,'BEAUTY','Beauty and Wellness Supervisor','',150,'admin','2011-11-07 18:19:12','','0000-00-00 00:00:00'),(16,'PBCOFCR','PBC Officer','',160,'admin','2011-11-07 18:20:50','','0000-00-00 00:00:00'),(17,'GRAPHICS','Graphic Artist','',170,'admin','2011-11-07 18:21:06','','0000-00-00 00:00:00'),(18,'MKTGCOMM','Marketing and Communication Assistant','',180,'admin','2011-11-07 18:21:22','','0000-00-00 00:00:00'),(19,'OPSMNGR','Operations Manager','',190,'admin','2011-11-07 18:21:58','','0000-00-00 00:00:00'),(20,'SHOWROOMSU','Showroom Supervisor','',200,'admin','2011-11-07 18:22:16','','0000-00-00 00:00:00'),(21,'OPSASST','Operations Assistant','',210,'admin','2011-11-07 18:22:35','','0000-00-00 00:00:00'),(22,'CSSUP','Customer Service Supervisor','',220,'admin','2011-11-07 18:22:51','','0000-00-00 00:00:00'),(23,'CSWI','Customer Service Representative- Walk In','',230,'admin','2011-11-07 18:23:12','','0000-00-00 00:00:00'),(24,'CSRET','Customer Service Representative- Returns','',240,'admin','2011-11-07 18:23:30','','0000-00-00 00:00:00'),(25,'CSBC','Customer Service Representative- Business Center','',250,'admin','2011-11-07 18:23:47','','0000-00-00 00:00:00'),(26,'UTILITY','Utility / Messenger','',260,'admin','2011-11-07 18:24:08','','0000-00-00 00:00:00'),(27,'WHMNGR','Warehouse Manager','',270,'admin','2011-11-07 18:24:24','','0000-00-00 00:00:00'),(28,'WHSUP','Warehouse Supervisor','',280,'admin','2011-11-07 18:24:41','','0000-00-00 00:00:00'),(29,'WHSTAFF','Warehouse Assistant','',290,'admin','2011-11-07 18:24:56','','0000-00-00 00:00:00'),(30,'CC','Catalogue Coordinator','Catalogue Coordinator',300,'admin','2011-12-20 15:16:04','','0000-00-00 00:00:00'),(31,'CSO','Customer Service Officer - Cashier','Customer Service Officer - Cashier',310,'admin','2011-12-20 15:16:20','','0000-00-00 00:00:00'),(32,'EPA','Executive / Personal Assistant ','PA',320,'admin','2011-12-20 15:16:33','','0000-00-00 00:00:00'),(33,'PHARMA','Pharmacist','',330,'jimabignay','2012-01-12 12:14:21','admin','2012-01-12 14:18:13'),(34,'SA','Server / System Administrator','',0,'admin','2012-01-27 10:55:39','','0000-00-00 00:00:00'),(35,'PUR','Purchaser','',0,'jimabignay','2012-05-01 17:27:12',NULL,NULL),(36,'AS','Accounting Supervisor','',0,'jimabignay','2012-05-01 17:27:26',NULL,NULL);

UNLOCK TABLES;

/*Table structure for table `emp_type` */

DROP TABLE IF EXISTS `emp_type`;

CREATE TABLE `emp_type` (
  `emptype_id` int(10) unsigned NOT NULL AUTO_INCREMENT,
  `emptype_name` varchar(50) COLLATE latin1_general_ci DEFAULT NULL,
  `emptype_ord` int(10) unsigned DEFAULT NULL,
  `emptype_addwho` varchar(50) COLLATE latin1_general_ci DEFAULT NULL,
  `emptype_addwhen` timestamp NULL DEFAULT CURRENT_TIMESTAMP,
  `emptype_updatewho` varchar(50) COLLATE latin1_general_ci DEFAULT NULL,
  `emptype_updatewhen` datetime DEFAULT NULL,
  PRIMARY KEY (`emptype_id`)
) ENGINE=MyISAM AUTO_INCREMENT=6 DEFAULT CHARSET=latin1 COLLATE=latin1_general_ci;

/*Data for the table `emp_type` */

LOCK TABLES `emp_type` WRITE;

insert  into `emp_type`(`emptype_id`,`emptype_name`,`emptype_ord`,`emptype_addwho`,`emptype_addwhen`,`emptype_updatewho`,`emptype_updatewhen`) values (1,'Manager',10,'','2009-07-08 16:26:24','','0000-00-00 00:00:00'),(2,'Supervisor',20,'','2009-07-08 16:47:42','','0000-00-00 00:00:00'),(3,'Officer',15,'','2009-07-08 16:48:07','admin','2011-11-03 10:23:02'),(4,'Rank File',40,'','2009-07-08 16:48:26','','0000-00-00 00:00:00'),(5,'RF-P',5,'admin','2012-05-22 09:29:56',NULL,NULL);

UNLOCK TABLES;

/*Table structure for table `empdec_rel` */

DROP TABLE IF EXISTS `empdec_rel`;

CREATE TABLE `empdec_rel` (
  `empdec_id` int(10) unsigned NOT NULL AUTO_INCREMENT,
  `dec_id` int(10) unsigned NOT NULL,
  `emp_id` int(10) unsigned NOT NULL,
  `sc_id` int(10) unsigned NOT NULL,
  `empdec_effectivedate` date DEFAULT NULL,
  `empdec_stat` tinyint(1) unsigned DEFAULT '0',
  `empdec_remarks` text COLLATE latin1_general_ci,
  PRIMARY KEY (`empdec_id`)
) ENGINE=MyISAM DEFAULT CHARSET=latin1 COLLATE=latin1_general_ci;

/*Data for the table `empdec_rel` */

LOCK TABLES `empdec_rel` WRITE;

UNLOCK TABLES;

/*Table structure for table `emr_personal_info` */

DROP TABLE IF EXISTS `emr_personal_info`;

CREATE TABLE `emr_personal_info` (
  `emrpi_id` int(10) unsigned NOT NULL AUTO_INCREMENT,
  `post_id` int(10) unsigned NOT NULL,
  `p_id` int(10) unsigned NOT NULL,
  `zipcode_id` int(10) unsigned NOT NULL,
  `emrpi_fname` varchar(60) COLLATE latin1_general_ci DEFAULT NULL,
  `emrpi_mname` varchar(60) COLLATE latin1_general_ci DEFAULT NULL,
  `emrpi_lname` varchar(60) COLLATE latin1_general_ci DEFAULT NULL,
  `emrpi_gender` varchar(6) COLLATE latin1_general_ci DEFAULT NULL,
  `emrpi_bdate` date DEFAULT NULL,
  `emrpi_place_bdate` varchar(30) COLLATE latin1_general_ci DEFAULT NULL,
  `emrpi_nationality` varchar(30) COLLATE latin1_general_ci DEFAULT NULL,
  `emrpi_religion` varchar(30) COLLATE latin1_general_ci DEFAULT NULL,
  `emrpi_race` varchar(30) COLLATE latin1_general_ci DEFAULT NULL,
  `emrpi_bloodtype` varchar(30) COLLATE latin1_general_ci DEFAULT NULL,
  `emrpi_height` varchar(30) COLLATE latin1_general_ci DEFAULT NULL,
  `emrpi_weight` varchar(30) COLLATE latin1_general_ci DEFAULT NULL,
  `emrpi_add` text COLLATE latin1_general_ci,
  `emrpi_telone` varchar(20) COLLATE latin1_general_ci DEFAULT NULL,
  `emrpi_teltwo` varchar(20) COLLATE latin1_general_ci DEFAULT NULL,
  `emrpi_mobileone` varchar(20) COLLATE latin1_general_ci DEFAULT NULL,
  `emrpi_mobiletwo` varchar(20) COLLATE latin1_general_ci DEFAULT NULL,
  `emrpi_emailone` varchar(50) COLLATE latin1_general_ci DEFAULT NULL,
  `emrpi_emailtwo` varchar(50) COLLATE latin1_general_ci DEFAULT NULL,
  `emrpi_tin` varchar(20) COLLATE latin1_general_ci DEFAULT NULL,
  `emrpi_sss` varchar(20) COLLATE latin1_general_ci DEFAULT NULL,
  `emrpi_phic` varchar(20) COLLATE latin1_general_ci DEFAULT NULL,
  `emrpi_hdmf` varchar(20) COLLATE latin1_general_ci DEFAULT NULL,
  `emrpi_nhmfc` varchar(20) COLLATE latin1_general_ci DEFAULT NULL,
  `emrpi_passport` varchar(20) COLLATE latin1_general_ci DEFAULT NULL,
  `emrpi_addwho` varchar(50) COLLATE latin1_general_ci DEFAULT NULL,
  `emrpi_addwhen` timestamp NULL DEFAULT CURRENT_TIMESTAMP,
  `emrpi_updatewho` varchar(50) COLLATE latin1_general_ci DEFAULT NULL,
  `emrpi_updatewhen` datetime DEFAULT NULL,
  `emrpi_age` int(10) unsigned DEFAULT NULL,
  `emrpi_zipcode` int(10) unsigned DEFAULT NULL,
  `emrpi_civil` varchar(50) COLLATE latin1_general_ci DEFAULT NULL,
  `emrpi_status` tinyint(2) unsigned DEFAULT '0',
  `emrpi_appdate` date DEFAULT NULL,
  `emrpi_picture` mediumblob,
  `emrpi_ishired` tinyint(2) unsigned DEFAULT '0',
  PRIMARY KEY (`emrpi_id`)
) ENGINE=MyISAM AUTO_INCREMENT=5 DEFAULT CHARSET=latin1 COLLATE=latin1_general_ci;

/*Data for the table `emr_personal_info` */

LOCK TABLES `emr_personal_info` WRITE;

insert  into `emr_personal_info`(`emrpi_id`,`post_id`,`p_id`,`zipcode_id`,`emrpi_fname`,`emrpi_mname`,`emrpi_lname`,`emrpi_gender`,`emrpi_bdate`,`emrpi_place_bdate`,`emrpi_nationality`,`emrpi_religion`,`emrpi_race`,`emrpi_bloodtype`,`emrpi_height`,`emrpi_weight`,`emrpi_add`,`emrpi_telone`,`emrpi_teltwo`,`emrpi_mobileone`,`emrpi_mobiletwo`,`emrpi_emailone`,`emrpi_emailtwo`,`emrpi_tin`,`emrpi_sss`,`emrpi_phic`,`emrpi_hdmf`,`emrpi_nhmfc`,`emrpi_passport`,`emrpi_addwho`,`emrpi_addwhen`,`emrpi_updatewho`,`emrpi_updatewhen`,`emrpi_age`,`emrpi_zipcode`,`emrpi_civil`,`emrpi_status`,`emrpi_appdate`,`emrpi_picture`,`emrpi_ishired`) values (1,4,59,95,'Jose','Protacio','Rizal','Male','1993-03-03','Laguna','Philippines','Roman Catholic','Filipino','AB-','5ft 4inc','150 lbs','Intramuros','1234567','','09111234567','','rizal@sample.email.com','','121-312-122','12-1231234-2','21-132123123-2','3123-5436-4567','','','jimabignay','2012-05-21 10:32:18','jimabignay','2012-05-21 11:06:10',NULL,NULL,'Single',1,'2012-01-03',NULL,1),(2,27,45,816,'Makisig','Payapa','Bayani','Male','1991-09-21','Samar','Philippines','Roman Catholic','Filipino','AB+','6ft','170 lbs','Batasan Hills','7654321','','09087653241','','bayani@sample.email.com','','645-456-564','23-2354563-4','46-756978967-5','3654-3657-6857','','','jimabignay','2012-05-21 10:36:10','jimabignay','2012-05-21 11:12:13',NULL,NULL,'Single',1,'2012-02-15',NULL,1),(3,20,99,1228,'Mayumi','Magsaysay','Macapagal','Female','1986-03-15','San Juan','Philippines','Roman Catholic','Filipino','O+','5ft 7inc','155 lbs','Eisenhower St.','9873456','','09329991234','','mayumi@sample.email.com','','434-342-423','13-6576576-7','61-245646898-6','8934-2434-6489','','','jimabignay','2012-05-21 10:40:18','jimabignay','2012-05-21 11:12:48',NULL,NULL,'Single',1,'2012-03-21',NULL,1),(4,17,59,94,'Magiting','Malinis','Magaayon','Male','1988-05-17','Quiapo','Philippines','Roman Catholic','Filipino','B+','5ft 11inc','160 lbs','Quiapo','6574367','','0901768372','','magaayon@sample.email.com','','346-879-676','23-5567896-7','34-789087655-3','4635-6897-8574','','','jimabignay','2012-05-21 11:11:04',NULL,NULL,NULL,NULL,'Single',0,'2012-05-21',NULL,0);

UNLOCK TABLES;

/*Table structure for table `factor_rate` */

DROP TABLE IF EXISTS `factor_rate`;

CREATE TABLE `factor_rate` (
  `fr_id` int(10) unsigned NOT NULL AUTO_INCREMENT,
  `fr_name` varchar(50) COLLATE latin1_general_ci DEFAULT NULL,
  `fr_hrperday` int(10) unsigned DEFAULT NULL,
  `fr_dayperweek` int(10) unsigned DEFAULT NULL,
  `fr_dayperyear` int(10) unsigned DEFAULT NULL,
  `fr_hrperweek` int(10) unsigned DEFAULT NULL,
  `fr_addwho` varchar(30) COLLATE latin1_general_ci DEFAULT NULL,
  `fr_addwhen` timestamp NULL DEFAULT CURRENT_TIMESTAMP,
  `fr_updatewho` varchar(30) COLLATE latin1_general_ci DEFAULT NULL,
  `fr_updatewhen` datetime DEFAULT NULL,
  PRIMARY KEY (`fr_id`)
) ENGINE=MyISAM AUTO_INCREMENT=4 DEFAULT CHARSET=latin1 COLLATE=latin1_general_ci ROW_FORMAT=DYNAMIC;

/*Data for the table `factor_rate` */

LOCK TABLES `factor_rate` WRITE;

insert  into `factor_rate`(`fr_id`,`fr_name`,`fr_hrperday`,`fr_dayperweek`,`fr_dayperyear`,`fr_hrperweek`,`fr_addwho`,`fr_addwhen`,`fr_updatewho`,`fr_updatewhen`) values (1,'Factor A (365 days/year)',9,5,365,44,'','2009-10-06 15:50:25','','0000-00-00 00:00:00'),(2,'Factor B (312 days/year)',8,6,312,48,'','2011-07-25 10:58:02','','0000-00-00 00:00:00'),(3,'Factor C (313 days/year)',8,6,313,48,'','2011-11-17 12:58:38','','0000-00-00 00:00:00');

UNLOCK TABLES;

/*Table structure for table `import_details` */

DROP TABLE IF EXISTS `import_details`;

CREATE TABLE `import_details` (
  `impd_id` int(10) unsigned NOT NULL AUTO_INCREMENT,
  `imph_id` int(10) unsigned NOT NULL,
  `impd_type` tinyint(2) unsigned DEFAULT NULL,
  `impd_column` int(10) unsigned DEFAULT NULL,
  `impd_addwho` varchar(50) COLLATE latin1_general_ci DEFAULT NULL,
  `impd_addwhen` timestamp NULL DEFAULT CURRENT_TIMESTAMP,
  `impd_updatewho` varchar(50) COLLATE latin1_general_ci DEFAULT NULL,
  `impd_updatewhen` datetime DEFAULT NULL,
  PRIMARY KEY (`impd_id`)
) ENGINE=MyISAM DEFAULT CHARSET=latin1 COLLATE=latin1_general_ci;

/*Data for the table `import_details` */

LOCK TABLES `import_details` WRITE;

UNLOCK TABLES;

/*Table structure for table `import_head` */

DROP TABLE IF EXISTS `import_head`;

CREATE TABLE `import_head` (
  `imph_id` int(10) unsigned NOT NULL AUTO_INCREMENT,
  `imph_name` varchar(50) COLLATE latin1_general_ci DEFAULT NULL,
  `imph_addwho` varchar(50) COLLATE latin1_general_ci DEFAULT NULL,
  `imph_addwhen` timestamp NULL DEFAULT CURRENT_TIMESTAMP,
  `imph_updatewho` varchar(50) COLLATE latin1_general_ci DEFAULT NULL,
  `imph_updatewhen` datetime DEFAULT NULL,
  PRIMARY KEY (`imph_id`)
) ENGINE=MyISAM DEFAULT CHARSET=latin1 COLLATE=latin1_general_ci;

/*Data for the table `import_head` */

LOCK TABLES `import_head` WRITE;

UNLOCK TABLES;

/*Table structure for table `leave_type` */

DROP TABLE IF EXISTS `leave_type`;

CREATE TABLE `leave_type` (
  `leave_id` int(10) unsigned NOT NULL AUTO_INCREMENT,
  `leave_code` varchar(30) COLLATE latin1_general_ci DEFAULT NULL,
  `leave_name` varchar(100) COLLATE latin1_general_ci DEFAULT NULL,
  `leave_wpay` char(4) COLLATE latin1_general_ci DEFAULT NULL,
  `leave_days` decimal(10,2) DEFAULT NULL,
  `leave_gender` varchar(10) COLLATE latin1_general_ci DEFAULT NULL,
  `leave_conv_cash` char(4) COLLATE latin1_general_ci DEFAULT NULL,
  `leave_addwho` varchar(50) COLLATE latin1_general_ci DEFAULT NULL,
  `leave_addwhen` timestamp NULL DEFAULT CURRENT_TIMESTAMP,
  `leave_updatewho` varchar(50) COLLATE latin1_general_ci DEFAULT NULL,
  `leave_updatewhen` datetime DEFAULT NULL,
  PRIMARY KEY (`leave_id`)
) ENGINE=MyISAM AUTO_INCREMENT=6 DEFAULT CHARSET=latin1 COLLATE=latin1_general_ci;

/*Data for the table `leave_type` */

LOCK TABLES `leave_type` WRITE;

insert  into `leave_type`(`leave_id`,`leave_code`,`leave_name`,`leave_wpay`,`leave_days`,`leave_gender`,`leave_conv_cash`,`leave_addwho`,`leave_addwhen`,`leave_updatewho`,`leave_updatewhen`) values (1,'VL','Vacation Leave','Yes','10.00','Both','Yes','jayadmin','2011-02-01 00:55:18','jayadmin','2011-02-01 00:59:38'),(2,'SL','Sick Leave','Yes','10.00','Both','Yes','jayadmin','2011-02-01 00:59:14','jayadmin','2011-02-01 00:59:51'),(3,'EL','Emergency Leave','Yes','10.00','Both','Yes','jayadmin','2011-02-01 01:00:19','','0000-00-00 00:00:00'),(4,'PL','Paternity Leave','No','10.00','Male','No','jayadmin','2011-02-01 05:37:17','jayadmin','2011-02-01 05:38:10'),(5,'ML','Maternity Leave','No','30.00','Female','No','jayadmin','2011-02-01 05:37:50','jayadmin','2011-02-01 05:38:00');

UNLOCK TABLES;

/*Table structure for table `loan_detail_sum` */

DROP TABLE IF EXISTS `loan_detail_sum`;

CREATE TABLE `loan_detail_sum` (
  `loansum_id` int(10) unsigned NOT NULL AUTO_INCREMENT,
  `paystub_id` int(10) unsigned NOT NULL,
  `loan_id` int(10) unsigned NOT NULL,
  `loansum_year` varchar(4) COLLATE latin1_general_ci DEFAULT NULL,
  `loansum_payment` float DEFAULT NULL,
  `loansum_desc` text COLLATE latin1_general_ci,
  `loansum_addwho` varchar(50) COLLATE latin1_general_ci DEFAULT NULL,
  `loansum_addwhen` timestamp NULL DEFAULT CURRENT_TIMESTAMP,
  PRIMARY KEY (`loansum_id`)
) ENGINE=MyISAM AUTO_INCREMENT=21 DEFAULT CHARSET=latin1 COLLATE=latin1_general_ci ROW_FORMAT=DYNAMIC;

/*Data for the table `loan_detail_sum` */

LOCK TABLES `loan_detail_sum` WRITE;

insert  into `loan_detail_sum`(`loansum_id`,`paystub_id`,`loan_id`,`loansum_year`,`loansum_payment`,`loansum_desc`,`loansum_addwho`,`loansum_addwhen`) values (1,4,3,'2012',251.56,NULL,'jimabignay','2012-05-21 11:46:27'),(2,4,4,'2012',80.82,NULL,'jimabignay','2012-05-21 11:46:27'),(3,6,1,'2012',525,NULL,'jimabignay','2012-05-21 11:46:27'),(4,7,2,'2012',525,NULL,'jimabignay','2012-05-21 11:46:27'),(5,8,7,'2012',525,NULL,'jimabignay','2012-05-21 11:46:27'),(6,12,3,'2012',251.56,NULL,'jimabignay','2012-05-21 12:08:26'),(7,12,4,'2012',80.82,NULL,'jimabignay','2012-05-21 12:08:26'),(8,14,1,'2012',525,NULL,'jimabignay','2012-05-21 12:08:26'),(9,15,2,'2012',525,NULL,'jimabignay','2012-05-21 12:08:26'),(10,16,7,'2012',525,NULL,'jimabignay','2012-05-21 12:08:26'),(11,21,3,'2012',251.56,NULL,'jimabignay','2012-05-21 15:04:21'),(12,21,4,'2012',80.82,NULL,'jimabignay','2012-05-21 15:04:21'),(13,23,1,'2012',525,NULL,'jimabignay','2012-05-21 15:04:21'),(14,24,2,'2012',525,NULL,'jimabignay','2012-05-21 15:04:21'),(15,25,7,'2012',525,NULL,'jimabignay','2012-05-21 15:04:22'),(16,31,3,'2012',251.56,NULL,'jimabignay','2012-05-21 15:10:38'),(17,31,4,'2012',80.82,NULL,'jimabignay','2012-05-21 15:10:38'),(18,33,1,'2012',525,NULL,'jimabignay','2012-05-21 15:10:38'),(19,34,2,'2012',525,NULL,'jimabignay','2012-05-21 15:10:38'),(20,35,7,'2012',525,NULL,'jimabignay','2012-05-21 15:10:38');

UNLOCK TABLES;

/*Table structure for table `loan_info` */

DROP TABLE IF EXISTS `loan_info`;

CREATE TABLE `loan_info` (
  `loan_id` int(10) unsigned NOT NULL AUTO_INCREMENT,
  `loantype_id` int(10) unsigned NOT NULL,
  `psa_id` int(11) NOT NULL,
  `emp_id` int(10) unsigned NOT NULL,
  `loan_voucher_no` varchar(30) COLLATE latin1_general_ci DEFAULT NULL,
  `loan_datepromissory` date DEFAULT NULL,
  `loan_dategrant` date DEFAULT NULL,
  `loan_principal` decimal(10,2) DEFAULT NULL,
  `loan_interestamount` decimal(10,2) DEFAULT NULL,
  `loan_interestperc` decimal(10,2) DEFAULT NULL,
  `loan_monthly_amortization` decimal(10,2) DEFAULT NULL,
  `loan_payperperiod` decimal(10,2) DEFAULT NULL,
  `loan_ytd` decimal(10,2) DEFAULT NULL,
  `loan_balance` decimal(10,2) DEFAULT NULL,
  `loan_startdate` varchar(20) COLLATE latin1_general_ci DEFAULT NULL,
  `loan_enddate` varchar(20) COLLATE latin1_general_ci DEFAULT NULL,
  `loan_addwho` varchar(50) COLLATE latin1_general_ci DEFAULT NULL,
  `loan_addwhen` timestamp NULL DEFAULT CURRENT_TIMESTAMP,
  `loan_updatewho` varchar(50) COLLATE latin1_general_ci DEFAULT NULL,
  `loan_updatewhen` datetime DEFAULT NULL,
  `loan_suspend` tinyint(3) unsigned DEFAULT '0',
  `loan_total` decimal(10,2) DEFAULT NULL,
  `loan_numofmonths` int(10) unsigned DEFAULT NULL,
  `loan_periodselection` varchar(10) COLLATE latin1_general_ci DEFAULT NULL,
  PRIMARY KEY (`loan_id`)
) ENGINE=MyISAM AUTO_INCREMENT=12 DEFAULT CHARSET=latin1 COLLATE=latin1_general_ci ROW_FORMAT=DYNAMIC;

/*Data for the table `loan_info` */

LOCK TABLES `loan_info` WRITE;

insert  into `loan_info`(`loan_id`,`loantype_id`,`psa_id`,`emp_id`,`loan_voucher_no`,`loan_datepromissory`,`loan_dategrant`,`loan_principal`,`loan_interestamount`,`loan_interestperc`,`loan_monthly_amortization`,`loan_payperperiod`,`loan_ytd`,`loan_balance`,`loan_startdate`,`loan_enddate`,`loan_addwho`,`loan_addwhen`,`loan_updatewho`,`loan_updatewhen`,`loan_suspend`,`loan_total`,`loan_numofmonths`,`loan_periodselection`) values (1,1,9,8,'0019115657','2011-09-28','2011-09-28','24000.00','1200.00','5.00','1050.00','525.00','6300.00','16275.00','November 2011','October 2013','jimabignay','2011-12-19 15:19:25','jimabignay','2012-05-21 00:00:00',0,'25200.00',24,'1,1,0,0,0'),(2,1,9,1,'0019115658','2011-09-28','2011-09-28','24000.00','1200.00','5.00','1050.00','525.00','6300.00','16275.00','November 2011','October 2013','jimabignay','2011-12-19 15:21:22','jimabignay','2012-05-21 00:00:00',0,'25200.00',24,'1,1,0,0,0'),(3,1,9,2,'0019017934','2011-09-01','2011-09-01','11500.00','575.00','5.00','503.12','251.56','3018.72','7798.36','November 2011','October 2013','jimabignay','2011-12-19 15:58:24','jimabignay','2012-05-21 00:00:00',0,'12075.00',24,'1,1,0,0,0'),(4,5,13,2,'28B 332805 M','2011-05-27','2011-05-30','3146.38','723.67','23.00','161.64','80.82','969.84','1939.55','July 2011','June 2013','jimabignay','2011-12-19 16:00:59','jimabignay','2012-05-21 00:00:00',0,'3879.23',24,'1,1,0,0,0'),(5,1,9,4,'','2010-07-21','2010-07-21','10500.00','525.00','5.00','459.37','229.69','1148.45','1837.46','September 2010','August 2012','jimabignay','2011-12-19 17:41:51','admin','2012-03-27 00:00:00',0,'11024.88',24,'1,1,0,0,0'),(6,5,13,1,'','2011-10-31','2011-10-31','6824.16','0.00','0.00','1706.04','853.02','1706.04','0.00','October 2011','January 2012','jimabignay','2012-01-12 11:33:59','admin','2012-02-13 04:42:28',1,'6824.16',4,'1,1,0,0,0'),(7,1,9,10,'0019297934','2011-11-29','2011-11-29','24000.00','1200.00','5.00','1050.00','525.00','6825.00','18375.00','January 2012','December 2013','admin','2012-02-13 16:14:11','jimabignay','2012-05-21 00:00:00',0,'25200.00',0,'1,1,0,0,0'),(8,5,13,1,'28B 410419 M','2012-02-23','2012-02-24','13408.88','3084.04','23.00','688.83','344.42','0.00','16532.02','April 2012','March 2014','admin','2012-03-09 14:33:40','jimabignay','2012-05-21 02:14:56',0,'16532.02',0,'1,1,0,0,0'),(9,1,9,7,'0019487602','2012-01-19','2012-01-19','24000.00','1200.00','5.00','1050.00','525.00','0.00','25200.00','March 2012','February 2014','admin','2012-03-27 10:50:14','jimabignay','2012-05-21 02:11:43',0,'25200.00',0,'1,1,0,0,0'),(10,1,11,10,'','2012-04-25','2012-04-25','20000.00','0.00','0.00','4000.00','2000.00','2000.00','18000.00','May 2012','September 2012','admin','2012-04-25 11:53:03','admin','2012-05-11 00:00:00',0,'20000.00',0,'1,1,0,0,0'),(11,6,11,6,'','2012-05-01','2012-05-01','10000.00','1800.00','18.00','1968.00','984.00','0.00','11800.00','May 2012','October 2012','admin','2012-05-22 09:09:18','admin','2012-05-22 09:12:17',0,'11800.00',0,'1,1,0,0,0');

UNLOCK TABLES;

/*Table structure for table `loan_type` */

DROP TABLE IF EXISTS `loan_type`;

CREATE TABLE `loan_type` (
  `loantype_id` int(10) unsigned NOT NULL AUTO_INCREMENT,
  `loantype_code` varchar(2) COLLATE latin1_general_ci DEFAULT NULL,
  `loantype_desc` varchar(100) COLLATE latin1_general_ci DEFAULT NULL,
  `loantype_addwho` varchar(50) COLLATE latin1_general_ci DEFAULT NULL,
  `loantype_addwhen` timestamp NULL DEFAULT CURRENT_TIMESTAMP,
  `loantype_updatewho` varchar(50) COLLATE latin1_general_ci DEFAULT NULL,
  `loantype_updatewhen` datetime DEFAULT NULL,
  PRIMARY KEY (`loantype_id`)
) ENGINE=MyISAM AUTO_INCREMENT=7 DEFAULT CHARSET=latin1 COLLATE=latin1_general_ci;

/*Data for the table `loan_type` */

LOCK TABLES `loan_type` WRITE;

insert  into `loan_type`(`loantype_id`,`loantype_code`,`loantype_desc`,`loantype_addwho`,`loantype_addwhen`,`loantype_updatewho`,`loantype_updatewhen`) values (1,'S','Salary Loan','admin','2010-09-03 08:09:28','','0000-00-00 00:00:00'),(2,'C','Calamity Loan','admin','2010-09-03 08:09:45','','0000-00-00 00:00:00'),(3,'R','Emergency Loan','admin','2010-09-03 08:10:12','','0000-00-00 00:00:00'),(4,'E','Educational Loan','admin','2010-09-03 08:10:37','','0000-00-00 00:00:00'),(5,'MP','Multi Purpose Loan','admin','2010-09-03 08:10:37','','0000-00-00 00:00:00'),(6,'Co','Company Loan','admin','2011-11-22 13:32:27','','0000-00-00 00:00:00');

UNLOCK TABLES;

/*Table structure for table `ot_rates` */

DROP TABLE IF EXISTS `ot_rates`;

CREATE TABLE `ot_rates` (
  `otr_id` int(10) unsigned NOT NULL AUTO_INCREMENT,
  `otr_name` varchar(50) COLLATE latin1_general_ci DEFAULT NULL,
  `otr_desc` tinytext COLLATE latin1_general_ci,
  `otr_type` varchar(10) COLLATE latin1_general_ci DEFAULT NULL,
  `otr_factor` float DEFAULT '0',
  `otr_max` int(10) unsigned DEFAULT '0',
  `otr_addwho` varchar(50) COLLATE latin1_general_ci DEFAULT NULL,
  `otr_addwhen` timestamp NULL DEFAULT NULL,
  `otr_updatewho` varchar(50) COLLATE latin1_general_ci DEFAULT NULL,
  `otr_updatewhen` datetime DEFAULT NULL,
  PRIMARY KEY (`otr_id`)
) ENGINE=MyISAM AUTO_INCREMENT=27 DEFAULT CHARSET=latin1 COLLATE=latin1_general_ci ROW_FORMAT=DYNAMIC;

/*Data for the table `ot_rates` */

LOCK TABLES `ot_rates` WRITE;

insert  into `ot_rates`(`otr_id`,`otr_name`,`otr_desc`,`otr_type`,`otr_factor`,`otr_max`,`otr_addwho`,`otr_addwhen`,`otr_updatewho`,`otr_updatewhen`) values (1,'Holiday','Holiday Pay','Hour',2,0,'','0000-00-00 00:00:00','','0000-00-00 00:00:00'),(2,'ND_RDF8','ND Rest Day First 8 Hours','Hour',1.43,0,'','0000-00-00 00:00:00','','0000-00-00 00:00:00'),(3,'ND_RDX8','ND Rest Day excess of 8 Hours','Hour',1.859,0,'','0000-00-00 00:00:00','','0000-00-00 00:00:00'),(4,'ND_RHF8','ND Regular Holiday First 8 Hours','Hour',1.2,0,'','0000-00-00 00:00:00','','0000-00-00 00:00:00'),(5,'ND_RHRDF8','ND Regular Holiday Falls on Rest Day First 8 Hours','Hour',2.86,0,'','0000-00-00 00:00:00','','0000-00-00 00:00:00'),(6,'ND_RHRDX8','ND Regular Holiday falls on Rest Day Excess of First 8 Hours','Hour',3.718,0,'','0000-00-00 00:00:00','','0000-00-00 00:00:00'),(7,'ND_RHX8','ND Regular Holiday Excess of First 8 Hours','Hour',2.86,0,'','0000-00-00 00:00:00','','0000-00-00 00:00:00'),(8,'ND_SHF8','ND Special Holiday First 8 Hours','Hour',1.43,0,'','0000-00-00 00:00:00','','0000-00-00 00:00:00'),(9,'ND_SHF8M','ND Special Holiday First 8 Hours - Monthly','Hour',0.43,0,'','0000-00-00 00:00:00','','0000-00-00 00:00:00'),(10,'ND_SHRDF8','ND Special Holiday Falls on Rest Day First 8 Hours ','Hour',1.65,0,'','0000-00-00 00:00:00','','0000-00-00 00:00:00'),(11,'ND_SHRDX8','ND Special Holiday Falls on Rest Day Excess of First 8 Hours','Hour',2.145,0,'','0000-00-00 00:00:00','','0000-00-00 00:00:00'),(12,'ND_SHX8','ND Special Holiday Excess of First 8 Hours','Hour',1.859,0,'','0000-00-00 00:00:00','','0000-00-00 00:00:00'),(13,'NDF8','ND Regular Day First 8 Hours','Hour',0.1,0,'','0000-00-00 00:00:00','','0000-00-00 00:00:00'),(14,'NDX8','ND Regular Day Excess of First 8 Hours','Hour',1.375,0,'','0000-00-00 00:00:00','','0000-00-00 00:00:00'),(15,'OT_RDF8','OT Rest Day First 8 Hours','Hour',1.3,0,'','0000-00-00 00:00:00','','0000-00-00 00:00:00'),(16,'OT_RD88','OT Rest Day Excess of First 8 Hours','Hour',1.69,0,'','0000-00-00 00:00:00','','0000-00-00 00:00:00'),(17,'OT_RHF8','OT Regular Holiday First 8 Hours','Hour',1,0,'','0000-00-00 00:00:00','','0000-00-00 00:00:00'),(18,'OT_RHRDF8','OT Regular Holiday Falls on Rest Day First 8 Hours','Hour',2.6,0,'','0000-00-00 00:00:00','','0000-00-00 00:00:00'),(19,'OT_RHRDX8','OT Regular Holiday Falls on Rest Day Excess of First 8 Hours','Hour',3.38,0,'','0000-00-00 00:00:00','','0000-00-00 00:00:00'),(20,'OT_RHX8','OT Regular Holiday Excess of First 8 Hours','Hour',2.6,0,'','0000-00-00 00:00:00','','0000-00-00 00:00:00'),(21,'OT_SHF8','OT Special Holiday First 8 Hours','Hour',1.3,0,'','0000-00-00 00:00:00','','0000-00-00 00:00:00'),(22,'OT_SHF8M','OT Special Holiday First 8 Hours - Monthly','Hour',0.3,0,'','0000-00-00 00:00:00','','0000-00-00 00:00:00'),(23,'OT_SHRDF8','OT Special Holiday Falls on Rest Day First 8 Hours','Hour',1.5,0,'','0000-00-00 00:00:00','','0000-00-00 00:00:00'),(24,'OT_SHRDX8','OT Special Holiday Falls on Rest Day Excess of First 8 Hours','Hour',1.95,0,'','0000-00-00 00:00:00','','0000-00-00 00:00:00'),(25,'OT_SHX8','OT Special Holiday Excess of 8 Hours','Hour',1.69,0,'','0000-00-00 00:00:00','','0000-00-00 00:00:00'),(26,'ROT','Regular OT','Hour',1.25,0,'','0000-00-00 00:00:00','','0000-00-00 00:00:00');

UNLOCK TABLES;

/*Table structure for table `ot_record` */

DROP TABLE IF EXISTS `ot_record`;

CREATE TABLE `ot_record` (
  `otrec_id` int(10) unsigned NOT NULL AUTO_INCREMENT,
  `otr_id` int(10) unsigned NOT NULL,
  `paystub_id` int(10) unsigned NOT NULL,
  `payperiod_id` int(10) unsigned NOT NULL,
  `emp_id` int(10) unsigned NOT NULL,
  `otrec_totalhrs` decimal(10,2) DEFAULT NULL,
  `otrec_subtotal` decimal(10,2) DEFAULT NULL,
  `otrec_addwho` varchar(50) COLLATE latin1_general_ci DEFAULT NULL,
  `otrec_addwhen` timestamp NULL DEFAULT CURRENT_TIMESTAMP,
  `otrec_updatewho` varchar(50) COLLATE latin1_general_ci DEFAULT NULL,
  `otrec_updatewhen` datetime DEFAULT NULL,
  `uptadet_id` int(11) unsigned NOT NULL,
  PRIMARY KEY (`otrec_id`)
) ENGINE=MyISAM AUTO_INCREMENT=38 DEFAULT CHARSET=latin1 COLLATE=latin1_general_ci;

/*Data for the table `ot_record` */

LOCK TABLES `ot_record` WRITE;

insert  into `ot_record`(`otrec_id`,`otr_id`,`paystub_id`,`payperiod_id`,`emp_id`,`otrec_totalhrs`,`otrec_subtotal`,`otrec_addwho`,`otrec_addwhen`,`otrec_updatewho`,`otrec_updatewhen`,`uptadet_id`) values (8,26,2,1,5,'12.00','4617.52',NULL,'2012-05-21 11:30:38','jimabignay','2012-05-21 11:46:27',2),(9,1,2,1,5,'8.00','4925.35',NULL,'2012-05-21 11:30:38','jimabignay','2012-05-21 11:46:27',2),(10,26,5,1,9,'3.00','880.59',NULL,'2012-05-21 11:30:38','jimabignay','2012-05-21 11:46:27',5),(11,14,5,1,9,'0.95','306.74',NULL,'2012-05-21 11:30:38','jimabignay','2012-05-21 11:46:27',5),(12,1,5,1,9,'8.00','3757.19',NULL,'2012-05-21 11:30:38','jimabignay','2012-05-21 11:46:27',5),(13,26,7,1,1,'1.00','209.66',NULL,'2012-05-21 11:30:38','jimabignay','2012-05-21 11:46:27',7),(14,1,7,1,1,'8.00','2683.71',NULL,'2012-05-21 11:30:38','jimabignay','2012-05-21 11:46:27',7),(20,26,10,2,5,'1.50','577.19',NULL,'2012-05-21 12:06:47','jimabignay','2012-05-21 12:08:25',2),(21,26,14,2,8,'3.00','539.14',NULL,'2012-05-21 12:06:47','jimabignay','2012-05-21 12:08:26',6),(22,13,14,2,8,'2.00','28.75',NULL,'2012-05-21 12:06:47','jimabignay','2012-05-21 12:08:26',6),(23,22,16,2,10,'8.00','195.53',NULL,'2012-05-21 12:06:47','jimabignay','2012-05-21 12:08:26',8),(24,25,16,2,10,'8.00','1101.47',NULL,'2012-05-21 12:06:47','jimabignay','2012-05-21 12:08:26',8),(25,26,18,3,6,'2.00','167.73',NULL,'2012-05-21 15:02:29','jimabignay','2012-05-21 03:04:21',10),(26,15,22,3,9,'8.00','2442.17',NULL,'2012-05-21 15:02:29','jimabignay','2012-05-21 03:04:21',14),(27,16,22,3,9,'8.00','3174.82',NULL,'2012-05-21 15:02:29','jimabignay','2012-05-21 03:04:21',14),(28,26,26,3,11,'2.00','311.50',NULL,'2012-05-21 15:02:29','jimabignay','2012-05-21 03:04:22',18),(29,26,27,5,6,'1.00','83.87',NULL,'2012-05-21 15:08:52','jimabignay','2012-05-21 03:10:37',19),(30,26,29,5,5,'2.00','769.59',NULL,'2012-05-21 15:08:52','jimabignay','2012-05-21 03:10:38',20),(31,26,31,5,2,'1.00','67.96',NULL,'2012-05-21 15:08:52','jimabignay','2012-05-21 03:10:38',22),(32,15,31,5,2,'8.00','565.40',NULL,'2012-05-21 15:08:52','jimabignay','2012-05-21 03:10:38',22),(33,16,31,5,2,'8.00','735.02',NULL,'2012-05-21 15:08:52','jimabignay','2012-05-21 03:10:38',22),(34,26,32,5,9,'1.50','440.30',NULL,'2012-05-21 15:08:52','jimabignay','2012-05-21 03:10:38',23),(35,26,34,5,1,'2.00','419.33',NULL,'2012-05-21 15:08:52','jimabignay','2012-05-21 03:10:38',25),(36,26,36,5,11,'3.00','467.25',NULL,'2012-05-21 15:08:52','jimabignay','2012-05-21 03:10:39',27),(37,13,36,5,11,'2.00','24.92',NULL,'2012-05-21 15:08:52','jimabignay','2012-05-21 03:10:39',27);

UNLOCK TABLES;

/*Table structure for table `ot_tbl` */

DROP TABLE IF EXISTS `ot_tbl`;

CREATE TABLE `ot_tbl` (
  `ot_id` int(10) unsigned NOT NULL AUTO_INCREMENT,
  `ot_name` varchar(50) COLLATE latin1_general_ci DEFAULT NULL,
  `ot_rates` longtext COLLATE latin1_general_ci,
  `ot_desc` varchar(225) COLLATE latin1_general_ci DEFAULT NULL,
  `ot_addwho` varchar(50) COLLATE latin1_general_ci DEFAULT NULL,
  `ot_addwhen` timestamp NULL DEFAULT CURRENT_TIMESTAMP,
  `ot_updatewho` varchar(50) COLLATE latin1_general_ci DEFAULT NULL,
  `ot_updatewhen` datetime DEFAULT NULL,
  PRIMARY KEY (`ot_id`)
) ENGINE=MyISAM AUTO_INCREMENT=3 DEFAULT CHARSET=latin1 COLLATE=latin1_general_ci;

/*Data for the table `ot_tbl` */

LOCK TABLES `ot_tbl` WRITE;

insert  into `ot_tbl`(`ot_id`,`ot_name`,`ot_rates`,`ot_desc`,`ot_addwho`,`ot_addwhen`,`ot_updatewho`,`ot_updatewhen`) values (1,'OT - Table A','1,2,3,4,5,6,7,8,9,10,11,12,13,14,15,16,17,18,19,20,21,22,23,24,25,26','Monthly OT Table','admin','2011-11-10 14:39:40','jimabignay','2012-05-02 14:55:47'),(2,'OT - Table B','1,2,3,4,5,6,7,8,9,10,11,12,13,14,15,16,17,18,19,20,21,23,24,25,26','Daily OT Table','admin','2011-12-20 15:43:38','jimabignay','2012-05-02 14:56:04');

UNLOCK TABLES;

/*Table structure for table `ot_tr` */

DROP TABLE IF EXISTS `ot_tr`;

CREATE TABLE `ot_tr` (
  `ottr_id` int(10) unsigned NOT NULL AUTO_INCREMENT,
  `ot_id` int(10) unsigned DEFAULT NULL,
  `otr_id` int(10) unsigned DEFAULT NULL,
  `ottr_addwho` varchar(50) COLLATE latin1_general_ci DEFAULT NULL,
  `ottr_addwhen` timestamp NULL DEFAULT CURRENT_TIMESTAMP,
  `ottr_updatewho` varchar(50) COLLATE latin1_general_ci DEFAULT NULL,
  `ottr_updatewhen` datetime DEFAULT NULL,
  PRIMARY KEY (`ottr_id`)
) ENGINE=MyISAM AUTO_INCREMENT=52 DEFAULT CHARSET=latin1 COLLATE=latin1_general_ci;

/*Data for the table `ot_tr` */

LOCK TABLES `ot_tr` WRITE;

insert  into `ot_tr`(`ottr_id`,`ot_id`,`otr_id`,`ottr_addwho`,`ottr_addwhen`,`ottr_updatewho`,`ottr_updatewhen`) values (1,1,1,'admin','2011-11-10 14:40:15','','0000-00-00 00:00:00'),(2,1,2,'admin','2011-11-10 14:40:15','','0000-00-00 00:00:00'),(3,1,3,'admin','2011-11-10 14:40:15','','0000-00-00 00:00:00'),(4,1,4,'admin','2011-11-10 14:40:15','','0000-00-00 00:00:00'),(5,1,5,'admin','2011-11-10 14:40:15','','0000-00-00 00:00:00'),(6,1,6,'admin','2011-11-10 14:40:15','','0000-00-00 00:00:00'),(7,1,7,'admin','2011-11-10 14:40:15','','0000-00-00 00:00:00'),(9,1,9,'admin','2011-11-10 14:40:15','','0000-00-00 00:00:00'),(10,1,10,'admin','2011-11-10 14:40:15','','0000-00-00 00:00:00'),(11,1,11,'admin','2011-11-10 14:40:15','','0000-00-00 00:00:00'),(12,1,12,'admin','2011-11-10 14:40:15','','0000-00-00 00:00:00'),(13,1,13,'admin','2011-11-10 14:40:15','','0000-00-00 00:00:00'),(14,1,14,'admin','2011-11-10 14:40:15','','0000-00-00 00:00:00'),(15,1,15,'admin','2011-11-10 14:40:15','','0000-00-00 00:00:00'),(16,1,16,'admin','2011-11-10 14:40:15','','0000-00-00 00:00:00'),(17,1,17,'admin','2011-11-10 14:40:15','','0000-00-00 00:00:00'),(18,1,18,'admin','2011-11-10 14:40:15','','0000-00-00 00:00:00'),(19,1,19,'admin','2011-11-10 14:40:15','','0000-00-00 00:00:00'),(20,1,20,'admin','2011-11-10 14:40:15','','0000-00-00 00:00:00'),(22,1,22,'admin','2011-11-10 14:40:15','','0000-00-00 00:00:00'),(23,1,23,'admin','2011-11-10 14:40:15','','0000-00-00 00:00:00'),(24,1,24,'admin','2011-11-10 14:40:15','','0000-00-00 00:00:00'),(25,1,25,'admin','2011-11-10 14:40:15','','0000-00-00 00:00:00'),(26,1,26,'admin','2011-11-10 14:40:15','','0000-00-00 00:00:00'),(27,2,1,'','2011-12-20 15:45:06','','0000-00-00 00:00:00'),(28,2,2,'','2011-12-20 15:45:06','','0000-00-00 00:00:00'),(29,2,3,'','2011-12-20 15:45:06','','0000-00-00 00:00:00'),(30,2,4,'','2011-12-20 15:45:06','','0000-00-00 00:00:00'),(31,2,5,'','2011-12-20 15:45:06','','0000-00-00 00:00:00'),(32,2,6,'','2011-12-20 15:45:06','','0000-00-00 00:00:00'),(33,2,7,'','2011-12-20 15:45:06','','0000-00-00 00:00:00'),(34,2,8,'','2011-12-20 15:45:06','','0000-00-00 00:00:00'),(36,2,10,'','2011-12-20 15:45:06','','0000-00-00 00:00:00'),(37,2,11,'','2011-12-20 15:45:06','','0000-00-00 00:00:00'),(38,2,12,'','2011-12-20 15:45:06','','0000-00-00 00:00:00'),(39,2,13,'','2011-12-20 15:45:06','','0000-00-00 00:00:00'),(40,2,14,'','2011-12-20 15:45:06','','0000-00-00 00:00:00'),(41,2,15,'','2011-12-20 15:45:06','','0000-00-00 00:00:00'),(42,2,16,'','2011-12-20 15:45:06','','0000-00-00 00:00:00'),(43,2,17,'','2011-12-20 15:45:06','','0000-00-00 00:00:00'),(44,2,18,'','2011-12-20 15:45:06','','0000-00-00 00:00:00'),(45,2,19,'','2011-12-20 15:45:06','','0000-00-00 00:00:00'),(46,2,20,'','2011-12-20 15:45:06','','0000-00-00 00:00:00'),(47,2,21,'','2011-12-20 15:45:06','','0000-00-00 00:00:00'),(48,2,23,'','2011-12-20 15:45:06','','0000-00-00 00:00:00'),(49,2,24,'','2011-12-20 15:45:06','','0000-00-00 00:00:00'),(50,2,25,'','2011-12-20 15:45:06','','0000-00-00 00:00:00'),(51,2,26,'','2011-12-20 15:45:06','','0000-00-00 00:00:00');

UNLOCK TABLES;

/*Table structure for table `pay_period` */

DROP TABLE IF EXISTS `pay_period`;

CREATE TABLE `pay_period` (
  `payperiod_id` int(10) unsigned NOT NULL AUTO_INCREMENT,
  PRIMARY KEY (`payperiod_id`)
) ENGINE=MyISAM DEFAULT CHARSET=latin1 COLLATE=latin1_general_ci;

/*Data for the table `pay_period` */

LOCK TABLES `pay_period` WRITE;

UNLOCK TABLES;

/*Table structure for table `payroll_bank_details` */

DROP TABLE IF EXISTS `payroll_bank_details`;

CREATE TABLE `payroll_bank_details` (
  `pbd_id` int(10) unsigned NOT NULL AUTO_INCREMENT,
  `pbd_bank_name` varchar(50) COLLATE latin1_general_ci DEFAULT NULL,
  `pbd_routing_number` int(10) unsigned DEFAULT NULL,
  `pbd_company_code` varchar(50) COLLATE latin1_general_ci DEFAULT NULL,
  `pbd_company_accountno` varchar(50) COLLATE latin1_general_ci DEFAULT NULL,
  `pbd_ceiling_amount` decimal(10,2) DEFAULT NULL,
  `pbd_official_tresurer` varchar(50) COLLATE latin1_general_ci DEFAULT NULL,
  `pbd_official_president` varchar(50) COLLATE latin1_general_ci DEFAULT NULL,
  `pbd_official_director` varchar(50) COLLATE latin1_general_ci DEFAULT NULL,
  `pbd_official_finance` varchar(50) COLLATE latin1_general_ci DEFAULT NULL,
  PRIMARY KEY (`pbd_id`)
) ENGINE=MyISAM DEFAULT CHARSET=latin1 COLLATE=latin1_general_ci;

/*Data for the table `payroll_bank_details` */

LOCK TABLES `payroll_bank_details` WRITE;

UNLOCK TABLES;

/*Table structure for table `payroll_bank_report_data` */

DROP TABLE IF EXISTS `payroll_bank_report_data`;

CREATE TABLE `payroll_bank_report_data` (
  `pbrd_id` int(10) unsigned NOT NULL AUTO_INCREMENT,
  `pbr_id` int(10) unsigned NOT NULL,
  `pbrd_hash_pdf` mediumblob,
  `pbrd_hash_txt` mediumblob,
  PRIMARY KEY (`pbrd_id`)
) ENGINE=MyISAM DEFAULT CHARSET=latin1 COLLATE=latin1_general_ci;

/*Data for the table `payroll_bank_report_data` */

LOCK TABLES `payroll_bank_report_data` WRITE;

UNLOCK TABLES;

/*Table structure for table `payroll_bank_reports` */

DROP TABLE IF EXISTS `payroll_bank_reports`;

CREATE TABLE `payroll_bank_reports` (
  `pbr_id` int(10) unsigned NOT NULL AUTO_INCREMENT,
  `payperiod_id` int(10) unsigned NOT NULL,
  `bank_id` int(10) unsigned NOT NULL,
  `pbr_batchno` varchar(4) COLLATE latin1_general_ci DEFAULT NULL,
  `pbr_bank_name` varchar(50) COLLATE latin1_general_ci DEFAULT NULL,
  `pbr_routing_number` varchar(50) COLLATE latin1_general_ci DEFAULT NULL,
  `pbr_company_code` varchar(50) COLLATE latin1_general_ci DEFAULT NULL,
  `pbr_company_accountno` varchar(50) COLLATE latin1_general_ci DEFAULT NULL,
  `pbr_ceiling_amount` varchar(50) COLLATE latin1_general_ci DEFAULT NULL,
  `pbr_credit_date` date DEFAULT NULL,
  `pbr_prepared_by` varchar(225) COLLATE latin1_general_ci DEFAULT NULL,
  `pbr_approved_by` varchar(225) COLLATE latin1_general_ci DEFAULT NULL,
  `pbr_addwho` varchar(100) COLLATE latin1_general_ci DEFAULT NULL,
  `pbr_addwhen` timestamp NULL DEFAULT CURRENT_TIMESTAMP,
  PRIMARY KEY (`pbr_id`)
) ENGINE=MyISAM DEFAULT CHARSET=latin1 COLLATE=latin1_general_ci;

/*Data for the table `payroll_bank_reports` */

LOCK TABLES `payroll_bank_reports` WRITE;

UNLOCK TABLES;

/*Table structure for table `payroll_calculation` */

DROP TABLE IF EXISTS `payroll_calculation`;

CREATE TABLE `payroll_calculation` (
  `cal_id` int(11) NOT NULL AUTO_INCREMENT,
  `cal_name` varchar(100) COLLATE latin1_general_ci NOT NULL,
  `cal_order` int(11) NOT NULL,
  PRIMARY KEY (`cal_id`)
) ENGINE=MyISAM DEFAULT CHARSET=latin1 COLLATE=latin1_general_ci;

/*Data for the table `payroll_calculation` */

LOCK TABLES `payroll_calculation` WRITE;

UNLOCK TABLES;

/*Table structure for table `payroll_comp` */

DROP TABLE IF EXISTS `payroll_comp`;

CREATE TABLE `payroll_comp` (
  `pc_id` int(10) unsigned NOT NULL AUTO_INCREMENT,
  `emp_id` int(10) unsigned NOT NULL,
  `ot_id` int(10) unsigned NOT NULL,
  `pc_addwho` varchar(50) COLLATE latin1_general_ci DEFAULT NULL,
  `pc_addwhen` timestamp NULL DEFAULT NULL,
  PRIMARY KEY (`pc_id`)
) ENGINE=MyISAM AUTO_INCREMENT=14 DEFAULT CHARSET=latin1 COLLATE=latin1_general_ci ROW_FORMAT=DYNAMIC;

/*Data for the table `payroll_comp` */

LOCK TABLES `payroll_comp` WRITE;

insert  into `payroll_comp`(`pc_id`,`emp_id`,`ot_id`,`pc_addwho`,`pc_addwhen`) values (1,1,1,'admin','2011-11-10 14:41:49'),(2,2,1,'admin','2011-11-10 14:42:01'),(3,3,1,'admin','2011-11-10 14:42:16'),(4,4,1,'admin','2011-11-10 14:42:33'),(5,5,1,'admin','2011-11-10 14:42:47'),(6,6,1,'admin','2011-11-10 14:43:02'),(7,7,1,'admin','2011-11-10 14:43:17'),(8,8,1,'admin','2011-11-10 14:43:30'),(9,9,1,'admin','2011-11-10 14:44:32'),(10,10,1,'admin','2011-11-10 14:44:46'),(11,11,1,'jimabignay','2012-05-21 11:55:20'),(12,12,1,'jimabignay','2012-05-21 11:56:51'),(13,13,1,'jimabignay','2012-05-21 11:59:07');

UNLOCK TABLES;

/*Table structure for table `payroll_pay_period` */

DROP TABLE IF EXISTS `payroll_pay_period`;

CREATE TABLE `payroll_pay_period` (
  `payperiod_id` int(10) unsigned NOT NULL AUTO_INCREMENT,
  `pps_id` int(10) unsigned NOT NULL,
  `payperiod_status_id` int(10) unsigned NOT NULL,
  `payperiod_period` int(5) DEFAULT NULL,
  `payperiod_period_year` varchar(10) CHARACTER SET latin1 DEFAULT NULL,
  `payperiod_is_primary` tinyint(1) unsigned NOT NULL,
  `payperiod_addwho` varchar(50) COLLATE latin1_general_ci NOT NULL,
  `payperiod_addwhen` timestamp NOT NULL DEFAULT CURRENT_TIMESTAMP,
  `payperiod_updatewhen` datetime NOT NULL,
  `payperiod_updatewho` varchar(50) COLLATE latin1_general_ci NOT NULL,
  `payperiod_start_date` datetime NOT NULL,
  `payperiod_end_date` datetime NOT NULL,
  `payperiod_trans_date` datetime NOT NULL,
  `payperiod_adv_end_date` datetime NOT NULL,
  `payperiod_adv_trans_date` datetime NOT NULL,
  `payperiod_tainted` tinyint(1) unsigned NOT NULL,
  `payperiod_taintedwho` varchar(50) COLLATE latin1_general_ci NOT NULL,
  `payperiod_taintedwhen` datetime NOT NULL,
  `pp_stat_id` int(10) unsigned DEFAULT NULL,
  `payperiod_freq` tinyint(2) DEFAULT '1',
  PRIMARY KEY (`payperiod_id`),
  KEY `payroll_pay_period_FKIndex1` (`pps_id`)
) ENGINE=MyISAM AUTO_INCREMENT=13 DEFAULT CHARSET=latin1 COLLATE=latin1_general_ci ROW_FORMAT=DYNAMIC;

/*Data for the table `payroll_pay_period` */

LOCK TABLES `payroll_pay_period` WRITE;

insert  into `payroll_pay_period`(`payperiod_id`,`pps_id`,`payperiod_status_id`,`payperiod_period`,`payperiod_period_year`,`payperiod_is_primary`,`payperiod_addwho`,`payperiod_addwhen`,`payperiod_updatewhen`,`payperiod_updatewho`,`payperiod_start_date`,`payperiod_end_date`,`payperiod_trans_date`,`payperiod_adv_end_date`,`payperiod_adv_trans_date`,`payperiod_tainted`,`payperiod_taintedwho`,`payperiod_taintedwhen`,`pp_stat_id`,`payperiod_freq`) values (1,1,0,1,'2012',0,'jimabignay','2012-01-12 09:43:57','2012-05-21 11:48:16','jimabignay','2011-12-26 00:00:00','2012-01-10 23:59:00','2012-01-14 23:59:00','0000-00-00 00:00:00','0000-00-00 00:00:00',0,'','0000-00-00 00:00:00',3,1),(2,1,0,1,'2012',0,'admin','2012-01-27 09:20:17','2012-05-21 12:09:33','jimabignay','2012-01-11 00:00:00','2012-01-25 23:59:00','2012-01-30 23:59:00','0000-00-00 00:00:00','0000-00-00 00:00:00',0,'','0000-00-00 00:00:00',3,1),(3,1,0,2,'2012',0,'admin','2012-02-13 10:57:17','2012-05-21 03:04:52','jimabignay','2012-01-26 00:00:00','2012-02-10 23:59:00','2012-02-15 23:59:00','0000-00-00 00:00:00','0000-00-00 00:00:00',0,'','0000-00-00 00:00:00',3,1),(5,1,0,2,'2012',0,'admin','2012-02-27 17:16:43','2012-05-21 03:11:50','jimabignay','2012-02-11 00:00:00','2012-02-25 23:59:00','2012-02-29 23:59:00','0000-00-00 00:00:00','0000-00-00 00:00:00',0,'','0000-00-00 00:00:00',3,1),(6,1,0,3,'2012',0,'admin','2012-03-12 14:07:36','2012-03-27 10:28:46','admin','2012-02-26 00:00:00','2012-03-10 23:59:00','2012-03-15 23:59:00','0000-00-00 00:00:00','0000-00-00 00:00:00',0,'','0000-00-00 00:00:00',3,0),(7,1,0,3,'2012',0,'admin','2012-03-26 18:19:08','2012-05-21 03:11:58','jimabignay','2012-03-11 00:00:00','2012-03-25 23:59:00','2012-03-30 23:59:00','0000-00-00 00:00:00','0000-00-00 00:00:00',0,'','0000-00-00 00:00:00',1,0),(8,3,0,3,'2012',0,'admin','2012-03-26 18:54:57','2012-05-07 03:22:28','jimabignay','2012-03-01 00:00:00','2012-03-30 23:59:00','2012-03-30 23:59:00','0000-00-00 00:00:00','0000-00-00 00:00:00',0,'','0000-00-00 00:00:00',3,0),(9,1,0,4,'2012',0,'admin','2012-04-12 17:43:22','2012-04-25 06:00:25','admin','2012-03-26 00:00:00','2012-04-10 23:59:00','2012-04-14 23:59:00','0000-00-00 00:00:00','0000-00-00 00:00:00',0,'','0000-00-00 00:00:00',3,0),(10,1,0,4,'2012',0,'admin','2012-04-25 18:00:48','2012-05-11 03:19:41','admin','2012-04-11 00:00:00','2012-04-25 23:59:00','2012-04-30 23:59:00','0000-00-00 00:00:00','0000-00-00 00:00:00',0,'','0000-00-00 00:00:00',3,0),(11,3,0,4,'2012',0,'admin','2012-04-25 18:01:41','2012-05-07 06:58:15','jimabignay','2012-04-01 00:00:00','2012-04-30 23:59:00','2012-04-30 23:59:00','0000-00-00 00:00:00','0000-00-00 00:00:00',0,'','0000-00-00 00:00:00',3,0),(12,1,0,5,'2012',0,'admin','2012-05-11 15:18:51','2012-05-21 10:26:53','jimabignay','2012-04-26 00:00:00','2012-05-10 23:59:00','2012-05-15 23:59:00','0000-00-00 00:00:00','0000-00-00 00:00:00',0,'','0000-00-00 00:00:00',3,0);

UNLOCK TABLES;

/*Table structure for table `payroll_pay_period_sched` */

DROP TABLE IF EXISTS `payroll_pay_period_sched`;

CREATE TABLE `payroll_pay_period_sched` (
  `pps_id` int(10) unsigned NOT NULL AUTO_INCREMENT,
  `fr_id` int(10) unsigned NOT NULL,
  `comp_id` int(10) unsigned NOT NULL,
  `tt_pay_group` int(10) unsigned NOT NULL,
  `pps_name` varchar(100) COLLATE latin1_general_ci NOT NULL,
  `pps_desc` varchar(225) COLLATE latin1_general_ci NOT NULL,
  `salaryclass_id` int(11) unsigned NOT NULL,
  `pps_pri_dateldom` int(10) unsigned NOT NULL,
  `pps_pri_trans_dateldom` int(10) unsigned NOT NULL,
  `pps_pri_trans_datebd` int(10) unsigned NOT NULL,
  `pps_secnd_dateldom` int(10) unsigned NOT NULL,
  `pps_desc_2` int(10) unsigned NOT NULL,
  `pps_secnd_trans_datebd` int(10) unsigned NOT NULL,
  `pps_addwho` varchar(50) COLLATE latin1_general_ci NOT NULL,
  `pps_addwhen` timestamp NOT NULL DEFAULT CURRENT_TIMESTAMP,
  `pps_updatewho` varchar(50) COLLATE latin1_general_ci NOT NULL,
  `pps_updatewhen` datetime NOT NULL,
  `pps_anchor_date` timestamp NOT NULL DEFAULT '0000-00-00 00:00:00',
  `pps_primary_date` timestamp NOT NULL DEFAULT '0000-00-00 00:00:00',
  `pps_primary_trans_date` timestamp NOT NULL DEFAULT '0000-00-00 00:00:00',
  `pps_secnd_date` timestamp NOT NULL DEFAULT '0000-00-00 00:00:00',
  `pps_secnd_trans_date` timestamp NOT NULL DEFAULT '0000-00-00 00:00:00',
  `pps_day_start_time` int(10) unsigned NOT NULL,
  `pps_day_continuous_time` int(10) unsigned NOT NULL,
  `pps_start_week_day` int(10) unsigned NOT NULL,
  `pps_start_day_week` int(10) unsigned NOT NULL,
  `pps_trans_date` int(10) unsigned NOT NULL,
  `pps_pri_daymonth` int(10) unsigned NOT NULL,
  `pps_secnd_daymonth` int(10) unsigned NOT NULL,
  `pps_pri_trans_daymonth` int(10) unsigned NOT NULL,
  `pps_secnd_trans_daymonth` int(10) unsigned NOT NULL,
  `pps_trans_datebd` int(10) unsigned NOT NULL,
  `pps_time_zone` varchar(50) COLLATE latin1_general_ci NOT NULL,
  `pps_new_daytrigger_time` int(10) unsigned NOT NULL,
  `pps_max_shifttime` int(10) unsigned NOT NULL,
  PRIMARY KEY (`pps_id`)
) ENGINE=MyISAM AUTO_INCREMENT=4 DEFAULT CHARSET=latin1 COLLATE=latin1_general_ci ROW_FORMAT=DYNAMIC;

/*Data for the table `payroll_pay_period_sched` */

LOCK TABLES `payroll_pay_period_sched` WRITE;

insert  into `payroll_pay_period_sched`(`pps_id`,`fr_id`,`comp_id`,`tt_pay_group`,`pps_name`,`pps_desc`,`salaryclass_id`,`pps_pri_dateldom`,`pps_pri_trans_dateldom`,`pps_pri_trans_datebd`,`pps_secnd_dateldom`,`pps_desc_2`,`pps_secnd_trans_datebd`,`pps_addwho`,`pps_addwhen`,`pps_updatewho`,`pps_updatewhen`,`pps_anchor_date`,`pps_primary_date`,`pps_primary_trans_date`,`pps_secnd_date`,`pps_secnd_trans_date`,`pps_day_start_time`,`pps_day_continuous_time`,`pps_start_week_day`,`pps_start_day_week`,`pps_trans_date`,`pps_pri_daymonth`,`pps_secnd_daymonth`,`pps_pri_trans_daymonth`,`pps_secnd_trans_daymonth`,`pps_trans_datebd`,`pps_time_zone`,`pps_new_daytrigger_time`,`pps_max_shifttime`) values (1,1,1,3,'Semi-Monthly','Semi-Monthly',4,0,0,0,0,0,0,'payrolladmin','2011-10-03 15:17:16','jimabignay','2012-03-27 02:22:45','0000-00-00 00:00:00','0000-00-00 00:00:00','0000-00-00 00:00:00','0000-00-00 00:00:00','0000-00-00 00:00:00',0,0,0,1,0,26,11,10,25,0,'',0,0),(3,1,1,6,'Expats','',5,0,0,0,0,0,0,'admin','2012-03-12 17:40:21','jimabignay','2012-03-27 02:23:08','0000-00-00 00:00:00','0000-00-00 00:00:00','0000-00-00 00:00:00','0000-00-00 00:00:00','0000-00-00 00:00:00',0,0,0,1,0,26,1,25,1,0,'',0,0);

UNLOCK TABLES;

/*Table structure for table `payroll_pay_stub` */

DROP TABLE IF EXISTS `payroll_pay_stub`;

CREATE TABLE `payroll_pay_stub` (
  `paystub_id` int(10) unsigned NOT NULL AUTO_INCREMENT,
  `payperiod_id` int(10) unsigned NOT NULL,
  `paystub_status_id` int(10) unsigned NOT NULL,
  `paystub_status_date` int(10) unsigned NOT NULL,
  `paystub_status_by` int(10) unsigned NOT NULL,
  `paystub_advance` int(10) unsigned NOT NULL,
  `paystub_addwho` varchar(50) COLLATE latin1_general_ci NOT NULL,
  `paystub_addwhen` timestamp NOT NULL DEFAULT CURRENT_TIMESTAMP,
  `paystub_updatewho` varchar(50) COLLATE latin1_general_ci NOT NULL,
  `paystub_updatewhen` datetime NOT NULL,
  `paystub_start_date` timestamp NOT NULL DEFAULT '0000-00-00 00:00:00',
  `paystub_end_date` timestamp NOT NULL DEFAULT '0000-00-00 00:00:00',
  `paystub_trans_date` timestamp NOT NULL DEFAULT '0000-00-00 00:00:00',
  `paystub_tainted` int(10) unsigned NOT NULL,
  `paystub_temp` int(10) unsigned NOT NULL,
  `paystub_currency_id` int(10) unsigned NOT NULL,
  `paystub_currency_rate` float(18,10) NOT NULL,
  `emp_id` int(10) unsigned NOT NULL,
  PRIMARY KEY (`paystub_id`)
) ENGINE=MyISAM AUTO_INCREMENT=37 DEFAULT CHARSET=latin1 COLLATE=latin1_general_ci;

/*Data for the table `payroll_pay_stub` */

LOCK TABLES `payroll_pay_stub` WRITE;

insert  into `payroll_pay_stub`(`paystub_id`,`payperiod_id`,`paystub_status_id`,`paystub_status_date`,`paystub_status_by`,`paystub_advance`,`paystub_addwho`,`paystub_addwhen`,`paystub_updatewho`,`paystub_updatewhen`,`paystub_start_date`,`paystub_end_date`,`paystub_trans_date`,`paystub_tainted`,`paystub_temp`,`paystub_currency_id`,`paystub_currency_rate`,`emp_id`) values (1,1,0,0,0,0,'jimabignay','2012-05-21 11:46:26','','0000-00-00 00:00:00','2011-12-26 00:00:00','2012-01-10 23:59:00','2012-01-14 23:59:00',0,0,0,0.0000000000,6),(2,1,0,0,0,0,'jimabignay','2012-05-21 11:46:27','','0000-00-00 00:00:00','2011-12-26 00:00:00','2012-01-10 23:59:00','2012-01-14 23:59:00',0,0,0,0.0000000000,5),(3,1,0,0,0,0,'jimabignay','2012-05-21 11:46:27','','0000-00-00 00:00:00','2011-12-26 00:00:00','2012-01-10 23:59:00','2012-01-14 23:59:00',0,0,0,0.0000000000,7),(4,1,0,0,0,0,'jimabignay','2012-05-21 11:46:27','','0000-00-00 00:00:00','2011-12-26 00:00:00','2012-01-10 23:59:00','2012-01-14 23:59:00',0,0,0,0.0000000000,2),(5,1,0,0,0,0,'jimabignay','2012-05-21 11:46:27','','0000-00-00 00:00:00','2011-12-26 00:00:00','2012-01-10 23:59:00','2012-01-14 23:59:00',0,0,0,0.0000000000,9),(6,1,0,0,0,0,'jimabignay','2012-05-21 11:46:27','','0000-00-00 00:00:00','2011-12-26 00:00:00','2012-01-10 23:59:00','2012-01-14 23:59:00',0,0,0,0.0000000000,8),(7,1,0,0,0,0,'jimabignay','2012-05-21 11:46:27','','0000-00-00 00:00:00','2011-12-26 00:00:00','2012-01-10 23:59:00','2012-01-14 23:59:00',0,0,0,0.0000000000,1),(8,1,0,0,0,0,'jimabignay','2012-05-21 11:46:27','','0000-00-00 00:00:00','2011-12-26 00:00:00','2012-01-10 23:59:00','2012-01-14 23:59:00',0,0,0,0.0000000000,10),(9,2,0,0,0,0,'jimabignay','2012-05-21 12:08:25','','0000-00-00 00:00:00','2012-01-11 00:00:00','2012-01-25 23:59:00','2012-01-30 23:59:00',0,0,0,0.0000000000,6),(10,2,0,0,0,0,'jimabignay','2012-05-21 12:08:25','','0000-00-00 00:00:00','2012-01-11 00:00:00','2012-01-25 23:59:00','2012-01-30 23:59:00',0,0,0,0.0000000000,5),(11,2,0,0,0,0,'jimabignay','2012-05-21 12:08:25','','0000-00-00 00:00:00','2012-01-11 00:00:00','2012-01-25 23:59:00','2012-01-30 23:59:00',0,0,0,0.0000000000,7),(12,2,0,0,0,0,'jimabignay','2012-05-21 12:08:26','','0000-00-00 00:00:00','2012-01-11 00:00:00','2012-01-25 23:59:00','2012-01-30 23:59:00',0,0,0,0.0000000000,2),(13,2,0,0,0,0,'jimabignay','2012-05-21 12:08:26','','0000-00-00 00:00:00','2012-01-11 00:00:00','2012-01-25 23:59:00','2012-01-30 23:59:00',0,0,0,0.0000000000,9),(14,2,0,0,0,0,'jimabignay','2012-05-21 12:08:26','','0000-00-00 00:00:00','2012-01-11 00:00:00','2012-01-25 23:59:00','2012-01-30 23:59:00',0,0,0,0.0000000000,8),(15,2,0,0,0,0,'jimabignay','2012-05-21 12:08:26','','0000-00-00 00:00:00','2012-01-11 00:00:00','2012-01-25 23:59:00','2012-01-30 23:59:00',0,0,0,0.0000000000,1),(16,2,0,0,0,0,'jimabignay','2012-05-21 12:08:26','','0000-00-00 00:00:00','2012-01-11 00:00:00','2012-01-25 23:59:00','2012-01-30 23:59:00',0,0,0,0.0000000000,10),(17,2,0,0,0,0,'jimabignay','2012-05-21 12:08:26','','0000-00-00 00:00:00','2012-01-11 00:00:00','2012-01-25 23:59:00','2012-01-30 23:59:00',0,0,0,0.0000000000,11),(18,3,0,0,0,0,'jimabignay','2012-05-21 15:04:21','','0000-00-00 00:00:00','2012-01-26 00:00:00','2012-02-10 23:59:00','2012-02-15 23:59:00',0,0,0,0.0000000000,6),(19,3,0,0,0,0,'jimabignay','2012-05-21 15:04:21','','0000-00-00 00:00:00','2012-01-26 00:00:00','2012-02-10 23:59:00','2012-02-15 23:59:00',0,0,0,0.0000000000,5),(20,3,0,0,0,0,'jimabignay','2012-05-21 15:04:21','','0000-00-00 00:00:00','2012-01-26 00:00:00','2012-02-10 23:59:00','2012-02-15 23:59:00',0,0,0,0.0000000000,7),(21,3,0,0,0,0,'jimabignay','2012-05-21 15:04:21','','0000-00-00 00:00:00','2012-01-26 00:00:00','2012-02-10 23:59:00','2012-02-15 23:59:00',0,0,0,0.0000000000,2),(22,3,0,0,0,0,'jimabignay','2012-05-21 15:04:21','','0000-00-00 00:00:00','2012-01-26 00:00:00','2012-02-10 23:59:00','2012-02-15 23:59:00',0,0,0,0.0000000000,9),(23,3,0,0,0,0,'jimabignay','2012-05-21 15:04:21','','0000-00-00 00:00:00','2012-01-26 00:00:00','2012-02-10 23:59:00','2012-02-15 23:59:00',0,0,0,0.0000000000,8),(24,3,0,0,0,0,'jimabignay','2012-05-21 15:04:21','','0000-00-00 00:00:00','2012-01-26 00:00:00','2012-02-10 23:59:00','2012-02-15 23:59:00',0,0,0,0.0000000000,1),(25,3,0,0,0,0,'jimabignay','2012-05-21 15:04:21','','0000-00-00 00:00:00','2012-01-26 00:00:00','2012-02-10 23:59:00','2012-02-15 23:59:00',0,0,0,0.0000000000,10),(26,3,0,0,0,0,'jimabignay','2012-05-21 15:04:22','','0000-00-00 00:00:00','2012-01-26 00:00:00','2012-02-10 23:59:00','2012-02-15 23:59:00',0,0,0,0.0000000000,11),(27,5,0,0,0,0,'jimabignay','2012-05-21 15:10:37','','0000-00-00 00:00:00','2012-02-11 00:00:00','2012-02-25 23:59:00','2012-02-29 23:59:00',0,0,0,0.0000000000,6),(28,5,0,0,0,0,'jimabignay','2012-05-21 15:10:37','','0000-00-00 00:00:00','2012-02-11 00:00:00','2012-02-25 23:59:00','2012-02-29 23:59:00',0,0,0,0.0000000000,12),(29,5,0,0,0,0,'jimabignay','2012-05-21 15:10:38','','0000-00-00 00:00:00','2012-02-11 00:00:00','2012-02-25 23:59:00','2012-02-29 23:59:00',0,0,0,0.0000000000,5),(30,5,0,0,0,0,'jimabignay','2012-05-21 15:10:38','','0000-00-00 00:00:00','2012-02-11 00:00:00','2012-02-25 23:59:00','2012-02-29 23:59:00',0,0,0,0.0000000000,7),(31,5,0,0,0,0,'jimabignay','2012-05-21 15:10:38','','0000-00-00 00:00:00','2012-02-11 00:00:00','2012-02-25 23:59:00','2012-02-29 23:59:00',0,0,0,0.0000000000,2),(32,5,0,0,0,0,'jimabignay','2012-05-21 15:10:38','','0000-00-00 00:00:00','2012-02-11 00:00:00','2012-02-25 23:59:00','2012-02-29 23:59:00',0,0,0,0.0000000000,9),(33,5,0,0,0,0,'jimabignay','2012-05-21 15:10:38','','0000-00-00 00:00:00','2012-02-11 00:00:00','2012-02-25 23:59:00','2012-02-29 23:59:00',0,0,0,0.0000000000,8),(34,5,0,0,0,0,'jimabignay','2012-05-21 15:10:38','','0000-00-00 00:00:00','2012-02-11 00:00:00','2012-02-25 23:59:00','2012-02-29 23:59:00',0,0,0,0.0000000000,1),(35,5,0,0,0,0,'jimabignay','2012-05-21 15:10:38','','0000-00-00 00:00:00','2012-02-11 00:00:00','2012-02-25 23:59:00','2012-02-29 23:59:00',0,0,0,0.0000000000,10),(36,5,0,0,0,0,'jimabignay','2012-05-21 15:10:39','','0000-00-00 00:00:00','2012-02-11 00:00:00','2012-02-25 23:59:00','2012-02-29 23:59:00',0,0,0,0.0000000000,11);

UNLOCK TABLES;

/*Table structure for table `payroll_paystub_entry` */

DROP TABLE IF EXISTS `payroll_paystub_entry`;

CREATE TABLE `payroll_paystub_entry` (
  `ppe_id` int(10) unsigned NOT NULL AUTO_INCREMENT,
  `psa_id` int(11) NOT NULL,
  `paystub_id` int(10) unsigned NOT NULL,
  `ppe_rate` decimal(10,2) NOT NULL,
  `ppe_units` decimal(10,2) NOT NULL,
  `ppe_ytd_units` decimal(10,2) NOT NULL,
  `ppe_amount` decimal(10,2) NOT NULL,
  `ppe_amount_employer` decimal(10,2) NOT NULL,
  `ppe_ytd_amount` decimal(10,2) NOT NULL,
  `ppe_addwhen` timestamp NULL DEFAULT CURRENT_TIMESTAMP,
  `ppe_addwho` varchar(35) COLLATE latin1_general_ci DEFAULT NULL,
  `ppe_updatewho` varchar(35) COLLATE latin1_general_ci DEFAULT NULL,
  `ppe_updatewhen` datetime DEFAULT NULL,
  `ppe_isedited` tinyint(1) unsigned DEFAULT '0',
  PRIMARY KEY (`ppe_id`),
  KEY `payroll_paystub_entry_FKIndex1` (`paystub_id`),
  KEY `payroll_paystub_entry_FKIndex2` (`psa_id`)
) ENGINE=MyISAM AUTO_INCREMENT=771 DEFAULT CHARSET=latin1 COLLATE=latin1_general_ci;

/*Data for the table `payroll_paystub_entry` */

LOCK TABLES `payroll_paystub_entry` WRITE;

insert  into `payroll_paystub_entry`(`ppe_id`,`psa_id`,`paystub_id`,`ppe_rate`,`ppe_units`,`ppe_ytd_units`,`ppe_amount`,`ppe_amount_employer`,`ppe_ytd_amount`,`ppe_addwhen`,`ppe_addwho`,`ppe_updatewho`,`ppe_updatewhen`,`ppe_isedited`) values (1,12,1,'0.00','0.00','0.00','500.00','0.00','0.00','2012-05-21 11:46:26','jimabignay',NULL,NULL,0),(2,1,1,'0.00','0.00','0.00','7000.00','0.00','0.00','2012-05-21 11:46:26','jimabignay',NULL,NULL,0),(3,4,1,'0.00','0.00','0.00','6463.26','0.00','0.00','2012-05-21 11:46:26','jimabignay',NULL,NULL,0),(4,16,1,'0.00','0.00','0.00','0.00','0.00','0.00','2012-05-21 11:46:26','jimabignay',NULL,NULL,0),(5,17,1,'0.00','0.00','0.00','536.74','0.00','0.00','2012-05-21 11:46:26','jimabignay',NULL,NULL,0),(6,25,1,'0.00','0.00','0.00','0.00','0.00','0.00','2012-05-21 11:46:26','jimabignay',NULL,NULL,0),(7,26,1,'0.00','0.00','0.00','500.00','0.00','0.00','2012-05-21 11:46:26','jimabignay',NULL,NULL,0),(8,28,1,'0.00','0.00','0.00','2500.00','0.00','0.00','2012-05-21 11:46:26','jimabignay',NULL,NULL,0),(9,29,1,'0.00','0.00','0.00','0.00','0.00','0.00','2012-05-21 11:46:26','jimabignay',NULL,NULL,0),(10,33,1,'0.00','0.00','0.00','0.00','0.00','0.00','2012-05-21 11:46:26','jimabignay',NULL,NULL,0),(11,34,1,'0.00','0.00','0.00','0.00','0.00','0.00','2012-05-21 11:46:26','jimabignay',NULL,NULL,0),(12,39,1,'0.00','0.00','0.00','0.00','0.00','0.00','2012-05-21 11:46:26','jimabignay',NULL,NULL,0),(13,7,1,'6963.26','10.00','0.00','233.30','494.70','0.00','2012-05-21 11:46:27','jimabignay',NULL,NULL,0),(14,14,1,'6963.26','0.00','0.00','75.00','75.00','0.00','2012-05-21 11:46:27','jimabignay',NULL,NULL,0),(15,15,1,'6963.26','0.00','0.00','50.00','50.00','0.00','2012-05-21 11:46:27','jimabignay',NULL,NULL,0),(16,27,1,'0.00','0.00','0.00','358.30','0.00','0.00','2012-05-21 11:46:27','jimabignay',NULL,NULL,0),(17,31,1,'0.00','0.00','0.00','0.00','0.00','0.00','2012-05-21 11:46:27','jimabignay',NULL,NULL,0),(18,32,1,'0.00','0.00','0.00','0.00','0.00','0.00','2012-05-21 11:46:27','jimabignay',NULL,NULL,0),(19,2,1,'0.00','0.00','0.00','2129.53','0.00','0.00','2012-05-21 11:46:27','jimabignay',NULL,NULL,0),(20,5,1,'0.00','0.00','0.00','7870.47','0.00','0.00','2012-05-21 11:46:27','jimabignay',NULL,NULL,0),(21,30,1,'0.00','0.00','0.00','9104.96','0.00','0.00','2012-05-21 11:46:27','jimabignay',NULL,NULL,0),(22,8,1,'0.25','0.00','0.00','1234.49','9104.96','0.00','2012-05-21 11:46:27','jimabignay',NULL,NULL,0),(23,1,2,'0.00','0.00','0.00','32117.41','0.00','0.00','2012-05-21 11:46:27','jimabignay',NULL,NULL,0),(24,4,2,'0.00','0.00','0.00','41552.54','0.00','0.00','2012-05-21 11:46:27','jimabignay',NULL,NULL,0),(25,16,2,'0.00','0.00','0.00','9542.87','0.00','0.00','2012-05-21 11:46:27','jimabignay',NULL,NULL,0),(26,17,2,'0.00','0.00','0.00','107.74','0.00','0.00','2012-05-21 11:46:27','jimabignay',NULL,NULL,0),(27,25,2,'0.00','0.00','0.00','0.00','0.00','0.00','2012-05-21 11:46:27','jimabignay',NULL,NULL,0),(28,26,2,'0.00','0.00','0.00','0.00','0.00','0.00','2012-05-21 11:46:27','jimabignay',NULL,NULL,0),(29,28,2,'0.00','0.00','0.00','1500.00','0.00','0.00','2012-05-21 11:46:27','jimabignay',NULL,NULL,0),(30,29,2,'0.00','0.00','0.00','0.00','0.00','0.00','2012-05-21 11:46:27','jimabignay',NULL,NULL,0),(31,33,2,'0.00','0.00','0.00','0.00','0.00','0.00','2012-05-21 11:46:27','jimabignay',NULL,NULL,0),(32,34,2,'0.00','0.00','0.00','0.00','0.00','0.00','2012-05-21 11:46:27','jimabignay',NULL,NULL,0),(33,39,2,'0.00','0.00','0.00','0.00','0.00','0.00','2012-05-21 11:46:27','jimabignay',NULL,NULL,0),(34,7,2,'41552.54','30.00','0.00','500.00','1060.00','0.00','2012-05-21 11:46:27','jimabignay',NULL,NULL,0),(35,14,2,'41552.54','0.00','0.00','375.00','375.00','0.00','2012-05-21 11:46:27','jimabignay',NULL,NULL,0),(36,15,2,'41552.54','0.00','0.00','50.00','50.00','0.00','2012-05-21 11:46:27','jimabignay',NULL,NULL,0),(37,27,2,'0.00','0.00','0.00','925.00','0.00','0.00','2012-05-21 11:46:27','jimabignay',NULL,NULL,0),(38,31,2,'0.00','0.00','0.00','0.00','0.00','0.00','2012-05-21 11:46:27','jimabignay',NULL,NULL,0),(39,32,2,'0.00','0.00','0.00','0.00','0.00','0.00','2012-05-21 11:46:27','jimabignay',NULL,NULL,0),(40,2,2,'0.00','0.00','0.00','11721.88','0.00','0.00','2012-05-21 11:46:27','jimabignay',NULL,NULL,0),(41,5,2,'0.00','0.00','0.00','31438.40','0.00','0.00','2012-05-21 11:46:27','jimabignay',NULL,NULL,0),(42,30,2,'0.00','0.00','0.00','42127.54','0.00','0.00','2012-05-21 11:46:27','jimabignay',NULL,NULL,0),(43,8,2,'0.32','0.00','0.00','10689.14','42127.54','0.00','2012-05-21 11:46:27','jimabignay',NULL,NULL,0),(44,10,3,'0.00','0.00','0.00','1250.00','0.00','0.00','2012-05-21 11:46:27','jimabignay',NULL,NULL,0),(45,1,3,'0.00','0.00','0.00','7500.00','0.00','0.00','2012-05-21 11:46:27','jimabignay',NULL,NULL,0),(46,4,3,'0.00','0.00','0.00','7500.00','0.00','0.00','2012-05-21 11:46:27','jimabignay',NULL,NULL,0),(47,16,3,'0.00','0.00','0.00','0.00','0.00','0.00','2012-05-21 11:46:27','jimabignay',NULL,NULL,0),(48,17,3,'0.00','0.00','0.00','0.00','0.00','0.00','2012-05-21 11:46:27','jimabignay',NULL,NULL,0),(49,25,3,'0.00','0.00','0.00','0.00','0.00','0.00','2012-05-21 11:46:27','jimabignay',NULL,NULL,0),(50,26,3,'0.00','0.00','0.00','0.00','0.00','0.00','2012-05-21 11:46:27','jimabignay',NULL,NULL,0),(51,28,3,'0.00','0.00','0.00','1500.00','0.00','0.00','2012-05-21 11:46:27','jimabignay',NULL,NULL,0),(52,29,3,'0.00','0.00','0.00','0.00','0.00','0.00','2012-05-21 11:46:27','jimabignay',NULL,NULL,0),(53,33,3,'0.00','0.00','0.00','0.00','0.00','0.00','2012-05-21 11:46:27','jimabignay',NULL,NULL,0),(54,34,3,'0.00','0.00','0.00','0.00','0.00','0.00','2012-05-21 11:46:27','jimabignay',NULL,NULL,0),(55,39,3,'0.00','0.00','0.00','0.00','0.00','0.00','2012-05-21 11:46:27','jimabignay',NULL,NULL,0),(56,7,3,'7500.00','10.00','0.00','250.00','530.00','0.00','2012-05-21 11:46:27','jimabignay',NULL,NULL,0),(57,14,3,'7500.00','0.00','0.00','87.50','87.50','0.00','2012-05-21 11:46:27','jimabignay',NULL,NULL,0),(58,15,3,'7500.00','0.00','0.00','50.00','50.00','0.00','2012-05-21 11:46:27','jimabignay',NULL,NULL,0),(59,27,3,'0.00','0.00','0.00','387.50','0.00','0.00','2012-05-21 11:46:27','jimabignay',NULL,NULL,0),(60,31,3,'0.00','0.00','0.00','1250.00','0.00','0.00','2012-05-21 11:46:27','jimabignay',NULL,NULL,0),(61,32,3,'0.00','0.00','0.00','0.00','0.00','0.00','2012-05-21 11:46:27','jimabignay',NULL,NULL,0),(62,2,3,'0.00','0.00','0.00','1047.57','0.00','0.00','2012-05-21 11:46:27','jimabignay',NULL,NULL,0),(63,5,3,'0.00','0.00','0.00','9202.43','0.00','0.00','2012-05-21 11:46:27','jimabignay',NULL,NULL,0),(64,30,3,'0.00','0.00','0.00','8612.50','0.00','0.00','2012-05-21 11:46:27','jimabignay',NULL,NULL,0),(65,8,3,'0.20','0.00','0.00','660.07','8612.50','0.00','2012-05-21 11:46:27','jimabignay',NULL,NULL,0),(66,1,4,'0.00','0.00','0.00','5672.16','0.00','0.00','2012-05-21 11:46:27','jimabignay',NULL,NULL,0),(67,4,4,'0.00','0.00','0.00','5666.72','0.00','0.00','2012-05-21 11:46:27','jimabignay',NULL,NULL,0),(68,16,4,'0.00','0.00','0.00','0.00','0.00','0.00','2012-05-21 11:46:27','jimabignay',NULL,NULL,0),(69,17,4,'0.00','0.00','0.00','5.44','0.00','0.00','2012-05-21 11:46:27','jimabignay',NULL,NULL,0),(70,25,4,'0.00','0.00','0.00','0.00','0.00','0.00','2012-05-21 11:46:27','jimabignay',NULL,NULL,0),(71,26,4,'0.00','0.00','0.00','0.00','0.00','0.00','2012-05-21 11:46:27','jimabignay',NULL,NULL,0),(72,28,4,'0.00','0.00','0.00','1000.00','0.00','0.00','2012-05-21 11:46:27','jimabignay',NULL,NULL,0),(73,29,4,'0.00','0.00','0.00','0.00','0.00','0.00','2012-05-21 11:46:27','jimabignay',NULL,NULL,0),(74,33,4,'0.00','0.00','0.00','0.00','0.00','0.00','2012-05-21 11:46:27','jimabignay',NULL,NULL,0),(75,34,4,'0.00','0.00','0.00','0.00','0.00','0.00','2012-05-21 11:46:27','jimabignay',NULL,NULL,0),(76,39,4,'0.00','0.00','0.00','0.00','0.00','0.00','2012-05-21 11:46:27','jimabignay',NULL,NULL,0),(77,7,4,'5666.72','10.00','0.00','183.30','388.70','0.00','2012-05-21 11:46:27','jimabignay',NULL,NULL,0),(78,14,4,'5666.72','0.00','0.00','62.50','62.50','0.00','2012-05-21 11:46:27','jimabignay',NULL,NULL,0),(79,15,4,'5666.72','0.00','0.00','50.00','50.00','0.00','2012-05-21 11:46:27','jimabignay',NULL,NULL,0),(80,27,4,'0.00','0.00','0.00','295.80','0.00','0.00','2012-05-21 11:46:27','jimabignay',NULL,NULL,0),(81,31,4,'0.00','0.00','0.00','0.00','0.00','0.00','2012-05-21 11:46:27','jimabignay',NULL,NULL,0),(82,32,4,'0.00','0.00','0.00','332.38','0.00','0.00','2012-05-21 11:46:27','jimabignay',NULL,NULL,0),(83,2,4,'0.00','0.00','0.00','633.62','0.00','0.00','2012-05-21 11:46:27','jimabignay',NULL,NULL,0),(84,5,4,'0.00','0.00','0.00','6038.54','0.00','0.00','2012-05-21 11:46:27','jimabignay',NULL,NULL,0),(85,30,4,'0.00','0.00','0.00','6370.92','0.00','0.00','2012-05-21 11:46:27','jimabignay',NULL,NULL,0),(86,8,4,'0.00','0.00','0.00','0.00','6370.92','0.00','2012-05-21 11:46:27','jimabignay',NULL,NULL,0),(87,1,5,'0.00','0.00','0.00','24500.00','0.00','0.00','2012-05-21 11:46:27','jimabignay',NULL,NULL,0),(88,4,5,'0.00','0.00','0.00','27565.93','0.00','0.00','2012-05-21 11:46:27','jimabignay',NULL,NULL,0),(89,16,5,'0.00','0.00','0.00','4944.52','0.00','0.00','2012-05-21 11:46:27','jimabignay',NULL,NULL,0),(90,17,5,'0.00','0.00','0.00','1878.59','0.00','0.00','2012-05-21 11:46:27','jimabignay',NULL,NULL,0),(91,25,5,'0.00','0.00','0.00','0.00','0.00','0.00','2012-05-21 11:46:27','jimabignay',NULL,NULL,0),(92,26,5,'0.00','0.00','0.00','0.00','0.00','0.00','2012-05-21 11:46:27','jimabignay',NULL,NULL,0),(93,28,5,'0.00','0.00','0.00','2500.00','0.00','0.00','2012-05-21 11:46:27','jimabignay',NULL,NULL,0),(94,29,5,'0.00','0.00','0.00','0.00','0.00','0.00','2012-05-21 11:46:27','jimabignay',NULL,NULL,0),(95,33,5,'0.00','0.00','0.00','0.00','0.00','0.00','2012-05-21 11:46:27','jimabignay',NULL,NULL,0),(96,34,5,'0.00','0.00','0.00','0.00','0.00','0.00','2012-05-21 11:46:27','jimabignay',NULL,NULL,0),(97,39,5,'0.00','0.00','0.00','0.00','0.00','0.00','2012-05-21 11:46:27','jimabignay',NULL,NULL,0),(98,7,5,'27565.93','30.00','0.00','500.00','1060.00','0.00','2012-05-21 11:46:27','jimabignay',NULL,NULL,0),(99,14,5,'27565.93','0.00','0.00','337.50','337.50','0.00','2012-05-21 11:46:27','jimabignay',NULL,NULL,0),(100,15,5,'27565.93','0.00','0.00','50.00','50.00','0.00','2012-05-21 11:46:27','jimabignay',NULL,NULL,0),(101,27,5,'0.00','0.00','0.00','887.50','0.00','0.00','2012-05-21 11:46:27','jimabignay',NULL,NULL,0),(102,31,5,'0.00','0.00','0.00','0.00','0.00','0.00','2012-05-21 11:46:27','jimabignay',NULL,NULL,0),(103,32,5,'0.00','0.00','0.00','0.00','0.00','0.00','2012-05-21 11:46:27','jimabignay',NULL,NULL,0),(104,2,5,'0.00','0.00','0.00','8644.96','0.00','0.00','2012-05-21 11:46:27','jimabignay',NULL,NULL,0),(105,5,5,'0.00','0.00','0.00','23299.56','0.00','0.00','2012-05-21 11:46:27','jimabignay',NULL,NULL,0),(106,30,5,'0.00','0.00','0.00','29178.43','0.00','0.00','2012-05-21 11:46:27','jimabignay',NULL,NULL,0),(107,8,5,'0.32','0.00','0.00','5878.87','29178.43','0.00','2012-05-21 11:46:27','jimabignay',NULL,NULL,0),(108,1,6,'0.00','0.00','0.00','15000.00','0.00','0.00','2012-05-21 11:46:27','jimabignay',NULL,NULL,0),(109,4,6,'0.00','0.00','0.00','14953.99','0.00','0.00','2012-05-21 11:46:27','jimabignay',NULL,NULL,0),(110,16,6,'0.00','0.00','0.00','0.00','0.00','0.00','2012-05-21 11:46:27','jimabignay',NULL,NULL,0),(111,17,6,'0.00','0.00','0.00','46.01','0.00','0.00','2012-05-21 11:46:27','jimabignay',NULL,NULL,0),(112,25,6,'0.00','0.00','0.00','0.00','0.00','0.00','2012-05-21 11:46:27','jimabignay',NULL,NULL,0),(113,26,6,'0.00','0.00','0.00','0.00','0.00','0.00','2012-05-21 11:46:27','jimabignay',NULL,NULL,0),(114,28,6,'0.00','0.00','0.00','1500.00','0.00','0.00','2012-05-21 11:46:27','jimabignay',NULL,NULL,0),(115,29,6,'0.00','0.00','0.00','0.00','0.00','0.00','2012-05-21 11:46:27','jimabignay',NULL,NULL,0),(116,33,6,'0.00','0.00','0.00','0.00','0.00','0.00','2012-05-21 11:46:27','jimabignay',NULL,NULL,0),(117,34,6,'0.00','0.00','0.00','0.00','0.00','0.00','2012-05-21 11:46:27','jimabignay',NULL,NULL,0),(118,39,6,'0.00','0.00','0.00','0.00','0.00','0.00','2012-05-21 11:46:27','jimabignay',NULL,NULL,0),(119,7,6,'14953.99','30.00','0.00','500.00','1060.00','0.00','2012-05-21 11:46:27','jimabignay',NULL,NULL,0),(120,14,6,'14953.99','0.00','0.00','175.00','175.00','0.00','2012-05-21 11:46:27','jimabignay',NULL,NULL,0),(121,15,6,'14953.99','0.00','0.00','50.00','50.00','0.00','2012-05-21 11:46:27','jimabignay',NULL,NULL,0),(122,27,6,'0.00','0.00','0.00','725.00','0.00','0.00','2012-05-21 11:46:27','jimabignay',NULL,NULL,0),(123,31,6,'0.00','0.00','0.00','0.00','0.00','0.00','2012-05-21 11:46:27','jimabignay',NULL,NULL,0),(124,32,6,'0.00','0.00','0.00','525.00','0.00','0.00','2012-05-21 11:46:27','jimabignay',NULL,NULL,0),(125,2,6,'0.00','0.00','0.00','4348.04','0.00','0.00','2012-05-21 11:46:27','jimabignay',NULL,NULL,0),(126,5,6,'0.00','0.00','0.00','12151.96','0.00','0.00','2012-05-21 11:46:27','jimabignay',NULL,NULL,0),(127,30,6,'0.00','0.00','0.00','15728.99','0.00','0.00','2012-05-21 11:46:27','jimabignay',NULL,NULL,0),(128,8,6,'0.30','0.00','0.00','3052.03','15728.99','0.00','2012-05-21 11:46:27','jimabignay',NULL,NULL,0),(129,1,7,'0.00','0.00','0.00','17500.00','0.00','0.00','2012-05-21 11:46:27','jimabignay',NULL,NULL,0),(130,4,7,'0.00','0.00','0.00','20284.34','0.00','0.00','2012-05-21 11:46:27','jimabignay',NULL,NULL,0),(131,16,7,'0.00','0.00','0.00','2893.37','0.00','0.00','2012-05-21 11:46:27','jimabignay',NULL,NULL,0),(132,17,7,'0.00','0.00','0.00','109.03','0.00','0.00','2012-05-21 11:46:27','jimabignay',NULL,NULL,0),(133,25,7,'0.00','0.00','0.00','0.00','0.00','0.00','2012-05-21 11:46:27','jimabignay',NULL,NULL,0),(134,26,7,'0.00','0.00','0.00','0.00','0.00','0.00','2012-05-21 11:46:27','jimabignay',NULL,NULL,0),(135,28,7,'0.00','0.00','0.00','2500.00','0.00','0.00','2012-05-21 11:46:27','jimabignay',NULL,NULL,0),(136,29,7,'0.00','0.00','0.00','0.00','0.00','0.00','2012-05-21 11:46:27','jimabignay',NULL,NULL,0),(137,33,7,'0.00','0.00','0.00','0.00','0.00','0.00','2012-05-21 11:46:27','jimabignay',NULL,NULL,0),(138,34,7,'0.00','0.00','0.00','0.00','0.00','0.00','2012-05-21 11:46:27','jimabignay',NULL,NULL,0),(139,39,7,'0.00','0.00','0.00','0.00','0.00','0.00','2012-05-21 11:46:27','jimabignay',NULL,NULL,0),(140,7,7,'20284.34','30.00','0.00','500.00','1060.00','0.00','2012-05-21 11:46:27','jimabignay',NULL,NULL,0),(141,14,7,'20284.34','0.00','0.00','250.00','250.00','0.00','2012-05-21 11:46:27','jimabignay',NULL,NULL,0),(142,15,7,'20284.34','0.00','0.00','50.00','50.00','0.00','2012-05-21 11:46:27','jimabignay',NULL,NULL,0),(143,27,7,'0.00','0.00','0.00','800.00','0.00','0.00','2012-05-21 11:46:27','jimabignay',NULL,NULL,0),(144,31,7,'0.00','0.00','0.00','0.00','0.00','0.00','2012-05-21 11:46:27','jimabignay',NULL,NULL,0),(145,32,7,'0.00','0.00','0.00','1025.00','0.00','0.00','2012-05-21 11:46:27','jimabignay',NULL,NULL,0),(146,2,7,'0.00','0.00','0.00','6550.06','0.00','0.00','2012-05-21 11:46:27','jimabignay',NULL,NULL,0),(147,5,7,'0.00','0.00','0.00','16343.31','0.00','0.00','2012-05-21 11:46:27','jimabignay',NULL,NULL,0),(148,30,7,'0.00','0.00','0.00','21984.34','0.00','0.00','2012-05-21 11:46:27','jimabignay',NULL,NULL,0),(149,8,7,'0.30','0.00','0.00','4616.03','21984.34','0.00','2012-05-21 11:46:27','jimabignay',NULL,NULL,0),(150,37,8,'0.00','0.00','0.00','2000.00','0.00','0.00','2012-05-21 11:46:27','jimabignay',NULL,NULL,0),(151,1,8,'0.00','0.00','0.00','8500.00','0.00','0.00','2012-05-21 11:46:27','jimabignay',NULL,NULL,0),(152,4,8,'0.00','0.00','0.00','8500.00','0.00','0.00','2012-05-21 11:46:27','jimabignay',NULL,NULL,0),(153,16,8,'0.00','0.00','0.00','0.00','0.00','0.00','2012-05-21 11:46:27','jimabignay',NULL,NULL,0),(154,17,8,'0.00','0.00','0.00','0.00','0.00','0.00','2012-05-21 11:46:27','jimabignay',NULL,NULL,0),(155,25,8,'0.00','0.00','0.00','0.00','0.00','0.00','2012-05-21 11:46:27','jimabignay',NULL,NULL,0),(156,26,8,'0.00','0.00','0.00','0.00','0.00','0.00','2012-05-21 11:46:27','jimabignay',NULL,NULL,0),(157,28,8,'0.00','0.00','0.00','2000.00','0.00','0.00','2012-05-21 11:46:27','jimabignay',NULL,NULL,0),(158,29,8,'0.00','0.00','0.00','0.00','0.00','0.00','2012-05-21 11:46:27','jimabignay',NULL,NULL,0),(159,33,8,'0.00','0.00','0.00','0.00','0.00','0.00','2012-05-21 11:46:27','jimabignay',NULL,NULL,0),(160,34,8,'0.00','0.00','0.00','0.00','0.00','0.00','2012-05-21 11:46:27','jimabignay',NULL,NULL,0),(161,39,8,'0.00','0.00','0.00','0.00','0.00','0.00','2012-05-21 11:46:27','jimabignay',NULL,NULL,0),(162,7,8,'8500.00','10.00','0.00','283.30','600.70','0.00','2012-05-21 11:46:27','jimabignay',NULL,NULL,0),(163,14,8,'8500.00','0.00','0.00','100.00','100.00','0.00','2012-05-21 11:46:27','jimabignay',NULL,NULL,0),(164,15,8,'8500.00','0.00','0.00','50.00','50.00','0.00','2012-05-21 11:46:27','jimabignay',NULL,NULL,0),(165,27,8,'0.00','0.00','0.00','433.30','0.00','0.00','2012-05-21 11:46:27','jimabignay',NULL,NULL,0),(166,31,8,'0.00','0.00','0.00','2000.00','0.00','0.00','2012-05-21 11:46:27','jimabignay',NULL,NULL,0),(167,32,8,'0.00','0.00','0.00','525.00','0.00','0.00','2012-05-21 11:46:27','jimabignay',NULL,NULL,0),(168,2,8,'0.00','0.00','0.00','1912.48','0.00','0.00','2012-05-21 11:46:27','jimabignay',NULL,NULL,0),(169,5,8,'0.00','0.00','0.00','10587.52','0.00','0.00','2012-05-21 11:46:27','jimabignay',NULL,NULL,0),(170,30,8,'0.00','0.00','0.00','10066.70','0.00','0.00','2012-05-21 11:46:27','jimabignay',NULL,NULL,0),(171,8,8,'0.25','0.00','0.00','954.18','10066.70','0.00','2012-05-21 11:46:27','jimabignay',NULL,NULL,0),(172,12,9,'0.00','0.00','0.00','500.00','0.00','0.00','2012-05-21 12:08:25','jimabignay',NULL,NULL,0),(173,1,9,'0.00','0.00','0.00','7000.00','0.00','0.00','2012-05-21 12:08:25','jimabignay',NULL,NULL,0),(174,4,9,'0.00','0.00','0.00','6956.39','0.00','0.00','2012-05-21 12:08:25','jimabignay',NULL,NULL,0),(175,16,9,'0.00','0.00','0.00','0.00','0.00','0.00','2012-05-21 12:08:25','jimabignay',NULL,NULL,0),(176,17,9,'0.00','0.00','0.00','43.61','0.00','0.00','2012-05-21 12:08:25','jimabignay',NULL,NULL,0),(177,25,9,'0.00','0.00','0.00','0.00','0.00','0.00','2012-05-21 12:08:25','jimabignay',NULL,NULL,0),(178,26,9,'0.00','0.00','0.00','500.00','0.00','0.00','2012-05-21 12:08:25','jimabignay',NULL,NULL,0),(179,28,9,'0.00','0.00','0.00','1500.00','0.00','0.00','2012-05-21 12:08:25','jimabignay',NULL,NULL,0),(180,29,9,'0.00','0.00','0.00','0.00','0.00','0.00','2012-05-21 12:08:25','jimabignay',NULL,NULL,0),(181,33,9,'0.00','0.00','0.00','0.00','0.00','0.00','2012-05-21 12:08:25','jimabignay',NULL,NULL,0),(182,34,9,'0.00','0.00','0.00','0.00','0.00','0.00','2012-05-21 12:08:25','jimabignay',NULL,NULL,0),(183,39,9,'0.00','0.00','0.00','0.00','0.00','0.00','2012-05-21 12:08:25','jimabignay',NULL,NULL,0),(184,7,9,'14419.65','0.00','0.00','250.00','530.00','0.00','2012-05-21 12:08:25','jimabignay',NULL,NULL,0),(185,14,9,'14419.65','0.00','0.00','100.00','100.00','0.00','2012-05-21 12:08:25','jimabignay',NULL,NULL,0),(186,15,9,'0.00','0.00','0.00','50.00','50.00','0.00','2012-05-21 12:08:25','jimabignay',NULL,NULL,0),(187,27,9,'0.00','0.00','0.00','400.00','0.00','0.00','2012-05-21 12:08:25','jimabignay',NULL,NULL,0),(188,31,9,'0.00','0.00','0.00','0.00','0.00','0.00','2012-05-21 12:08:25','jimabignay',NULL,NULL,0),(189,32,9,'0.00','0.00','0.00','0.00','0.00','0.00','2012-05-21 12:08:25','jimabignay',NULL,NULL,0),(190,2,9,'0.00','0.00','0.00','1540.96','0.00','0.00','2012-05-21 12:08:25','jimabignay',NULL,NULL,0),(191,5,9,'0.00','0.00','0.00','7459.04','0.00','0.00','2012-05-21 12:08:25','jimabignay',NULL,NULL,0),(192,30,9,'0.00','0.00','0.00','8556.39','0.00','0.00','2012-05-21 12:08:25','jimabignay',NULL,NULL,0),(193,8,9,'0.25','0.00','0.00','1097.35','8556.39','0.00','2012-05-21 12:08:25','jimabignay',NULL,NULL,0),(194,1,10,'0.00','0.00','0.00','32117.41','0.00','0.00','2012-05-21 12:08:25','jimabignay',NULL,NULL,0),(195,4,10,'0.00','0.00','0.00','32694.60','0.00','0.00','2012-05-21 12:08:25','jimabignay',NULL,NULL,0),(196,16,10,'0.00','0.00','0.00','577.19','0.00','0.00','2012-05-21 12:08:25','jimabignay',NULL,NULL,0),(197,17,10,'0.00','0.00','0.00','0.00','0.00','0.00','2012-05-21 12:08:25','jimabignay',NULL,NULL,0),(198,25,10,'0.00','0.00','0.00','0.00','0.00','0.00','2012-05-21 12:08:25','jimabignay',NULL,NULL,0),(199,26,10,'0.00','0.00','0.00','0.00','0.00','0.00','2012-05-21 12:08:25','jimabignay',NULL,NULL,0),(200,28,10,'0.00','0.00','0.00','1500.00','0.00','0.00','2012-05-21 12:08:25','jimabignay',NULL,NULL,0),(201,29,10,'0.00','0.00','0.00','0.00','0.00','0.00','2012-05-21 12:08:25','jimabignay',NULL,NULL,0),(202,33,10,'0.00','0.00','0.00','0.00','0.00','0.00','2012-05-21 12:08:25','jimabignay',NULL,NULL,0),(203,34,10,'0.00','0.00','0.00','0.00','0.00','0.00','2012-05-21 12:08:25','jimabignay',NULL,NULL,0),(204,39,10,'0.00','0.00','0.00','0.00','0.00','0.00','2012-05-21 12:08:25','jimabignay',NULL,NULL,0),(205,7,10,'74247.14','0.00','0.00','0.00','0.00','0.00','2012-05-21 12:08:25','jimabignay',NULL,NULL,0),(206,14,10,'74247.14','0.00','0.00','0.00','0.00','0.00','2012-05-21 12:08:25','jimabignay',NULL,NULL,0),(207,15,10,'0.00','0.00','0.00','50.00','50.00','0.00','2012-05-21 12:08:25','jimabignay',NULL,NULL,0),(208,27,10,'0.00','0.00','0.00','50.00','0.00','0.00','2012-05-21 12:08:25','jimabignay',NULL,NULL,0),(209,31,10,'0.00','0.00','0.00','0.00','0.00','0.00','2012-05-21 12:08:25','jimabignay',NULL,NULL,0),(210,32,10,'0.00','0.00','0.00','0.00','0.00','0.00','2012-05-21 12:08:25','jimabignay',NULL,NULL,0),(211,2,10,'0.00','0.00','0.00','8184.60','0.00','0.00','2012-05-21 12:08:25','jimabignay',NULL,NULL,0),(212,5,10,'0.00','0.00','0.00','26009.99','0.00','0.00','2012-05-21 12:08:25','jimabignay',NULL,NULL,0),(213,30,10,'0.00','0.00','0.00','34144.60','0.00','0.00','2012-05-21 12:08:25','jimabignay',NULL,NULL,0),(214,8,10,'0.32','0.00','0.00','8134.60','34144.60','0.00','2012-05-21 12:08:25','jimabignay',NULL,NULL,0),(215,10,11,'0.00','0.00','0.00','1250.00','0.00','0.00','2012-05-21 12:08:25','jimabignay',NULL,NULL,0),(216,1,11,'0.00','0.00','0.00','7500.00','0.00','0.00','2012-05-21 12:08:25','jimabignay',NULL,NULL,0),(217,4,11,'0.00','0.00','0.00','7477.00','0.00','0.00','2012-05-21 12:08:25','jimabignay',NULL,NULL,0),(218,16,11,'0.00','0.00','0.00','0.00','0.00','0.00','2012-05-21 12:08:25','jimabignay',NULL,NULL,0),(219,17,11,'0.00','0.00','0.00','23.00','0.00','0.00','2012-05-21 12:08:26','jimabignay',NULL,NULL,0),(220,25,11,'0.00','0.00','0.00','0.00','0.00','0.00','2012-05-21 12:08:26','jimabignay',NULL,NULL,0),(221,26,11,'0.00','0.00','0.00','0.00','0.00','0.00','2012-05-21 12:08:26','jimabignay',NULL,NULL,0),(222,28,11,'0.00','0.00','0.00','1500.00','0.00','0.00','2012-05-21 12:08:26','jimabignay',NULL,NULL,0),(223,29,11,'0.00','0.00','0.00','0.00','0.00','0.00','2012-05-21 12:08:26','jimabignay',NULL,NULL,0),(224,33,11,'0.00','0.00','0.00','0.00','0.00','0.00','2012-05-21 12:08:26','jimabignay',NULL,NULL,0),(225,34,11,'0.00','0.00','0.00','0.00','0.00','0.00','2012-05-21 12:08:26','jimabignay',NULL,NULL,0),(226,39,11,'0.00','0.00','0.00','0.00','0.00','0.00','2012-05-21 12:08:26','jimabignay',NULL,NULL,0),(227,7,11,'14977.00','20.00','0.00','250.00','530.00','0.00','2012-05-21 12:08:26','jimabignay',NULL,NULL,0),(228,14,11,'14977.00','0.00','0.00','87.50','87.50','0.00','2012-05-21 12:08:26','jimabignay',NULL,NULL,0),(229,15,11,'0.00','0.00','0.00','50.00','50.00','0.00','2012-05-21 12:08:26','jimabignay',NULL,NULL,0),(230,27,11,'0.00','0.00','0.00','387.50','0.00','0.00','2012-05-21 12:08:26','jimabignay',NULL,NULL,0),(231,31,11,'0.00','0.00','0.00','1250.00','0.00','0.00','2012-05-21 12:08:26','jimabignay',NULL,NULL,0),(232,32,11,'0.00','0.00','0.00','0.00','0.00','0.00','2012-05-21 12:08:26','jimabignay',NULL,NULL,0),(233,2,11,'0.00','0.00','0.00','1065.97','0.00','0.00','2012-05-21 12:08:26','jimabignay',NULL,NULL,0),(234,5,11,'0.00','0.00','0.00','9184.03','0.00','0.00','2012-05-21 12:08:26','jimabignay',NULL,NULL,0),(235,30,11,'0.00','0.00','0.00','8589.50','0.00','0.00','2012-05-21 12:08:26','jimabignay',NULL,NULL,0),(236,8,11,'0.20','0.00','0.00','655.47','8589.50','0.00','2012-05-21 12:08:26','jimabignay',NULL,NULL,0),(237,1,12,'0.00','0.00','0.00','5672.16','0.00','0.00','2012-05-21 12:08:26','jimabignay',NULL,NULL,0),(238,4,12,'0.00','0.00','0.00','5672.16','0.00','0.00','2012-05-21 12:08:26','jimabignay',NULL,NULL,0),(239,16,12,'0.00','0.00','0.00','0.00','0.00','0.00','2012-05-21 12:08:26','jimabignay',NULL,NULL,0),(240,17,12,'0.00','0.00','0.00','0.00','0.00','0.00','2012-05-21 12:08:26','jimabignay',NULL,NULL,0),(241,25,12,'0.00','0.00','0.00','0.00','0.00','0.00','2012-05-21 12:08:26','jimabignay',NULL,NULL,0),(242,26,12,'0.00','0.00','0.00','0.00','0.00','0.00','2012-05-21 12:08:26','jimabignay',NULL,NULL,0),(243,28,12,'0.00','0.00','0.00','1500.00','0.00','0.00','2012-05-21 12:08:26','jimabignay',NULL,NULL,0),(244,29,12,'0.00','0.00','0.00','0.00','0.00','0.00','2012-05-21 12:08:26','jimabignay',NULL,NULL,0),(245,33,12,'0.00','0.00','0.00','0.00','0.00','0.00','2012-05-21 12:08:26','jimabignay',NULL,NULL,0),(246,34,12,'0.00','0.00','0.00','0.00','0.00','0.00','2012-05-21 12:08:26','jimabignay',NULL,NULL,0),(247,39,12,'0.00','0.00','0.00','0.00','0.00','0.00','2012-05-21 12:08:26','jimabignay',NULL,NULL,0),(248,7,12,'11338.88','0.00','0.00','200.00','424.00','0.00','2012-05-21 12:08:26','jimabignay',NULL,NULL,0),(249,14,12,'11338.88','0.00','0.00','75.00','75.00','0.00','2012-05-21 12:08:26','jimabignay',NULL,NULL,0),(250,15,12,'0.00','0.00','0.00','50.00','50.00','0.00','2012-05-21 12:08:26','jimabignay',NULL,NULL,0),(251,27,12,'0.00','0.00','0.00','325.00','0.00','0.00','2012-05-21 12:08:26','jimabignay',NULL,NULL,0),(252,31,12,'0.00','0.00','0.00','0.00','0.00','0.00','2012-05-21 12:08:26','jimabignay',NULL,NULL,0),(253,32,12,'0.00','0.00','0.00','332.38','0.00','0.00','2012-05-21 12:08:26','jimabignay',NULL,NULL,0),(254,2,12,'0.00','0.00','0.00','657.38','0.00','0.00','2012-05-21 12:08:26','jimabignay',NULL,NULL,0),(255,5,12,'0.00','0.00','0.00','6514.78','0.00','0.00','2012-05-21 12:08:26','jimabignay',NULL,NULL,0),(256,30,12,'0.00','0.00','0.00','6847.16','0.00','0.00','2012-05-21 12:08:26','jimabignay',NULL,NULL,0),(257,8,12,'0.00','0.00','0.00','0.00','6847.16','0.00','2012-05-21 12:08:26','jimabignay',NULL,NULL,0),(258,36,13,'0.00','0.00','0.00','1500.00','0.00','0.00','2012-05-21 12:08:26','jimabignay',NULL,NULL,0),(259,1,13,'0.00','0.00','0.00','24500.00','0.00','0.00','2012-05-21 12:08:26','jimabignay',NULL,NULL,0),(260,4,13,'0.00','0.00','0.00','24500.00','0.00','0.00','2012-05-21 12:08:26','jimabignay',NULL,NULL,0),(261,16,13,'0.00','0.00','0.00','0.00','0.00','0.00','2012-05-21 12:08:26','jimabignay',NULL,NULL,0),(262,17,13,'0.00','0.00','0.00','0.00','0.00','0.00','2012-05-21 12:08:26','jimabignay',NULL,NULL,0),(263,25,13,'0.00','0.00','0.00','0.00','0.00','0.00','2012-05-21 12:08:26','jimabignay',NULL,NULL,0),(264,26,13,'0.00','0.00','0.00','0.00','0.00','0.00','2012-05-21 12:08:26','jimabignay',NULL,NULL,0),(265,28,13,'0.00','0.00','0.00','1500.00','0.00','0.00','2012-05-21 12:08:26','jimabignay',NULL,NULL,0),(266,29,13,'0.00','0.00','0.00','0.00','0.00','0.00','2012-05-21 12:08:26','jimabignay',NULL,NULL,0),(267,33,13,'0.00','0.00','0.00','0.00','0.00','0.00','2012-05-21 12:08:26','jimabignay',NULL,NULL,0),(268,34,13,'0.00','0.00','0.00','0.00','0.00','0.00','2012-05-21 12:08:26','jimabignay',NULL,NULL,0),(269,39,13,'0.00','0.00','0.00','0.00','0.00','0.00','2012-05-21 12:08:26','jimabignay',NULL,NULL,0),(270,7,13,'52065.93','0.00','0.00','0.00','0.00','0.00','2012-05-21 12:08:26','jimabignay',NULL,NULL,0),(271,14,13,'52065.93','0.00','0.00','37.50','37.50','0.00','2012-05-21 12:08:26','jimabignay',NULL,NULL,0),(272,15,13,'0.00','0.00','0.00','50.00','50.00','0.00','2012-05-21 12:08:26','jimabignay',NULL,NULL,0),(273,27,13,'0.00','0.00','0.00','87.50','0.00','0.00','2012-05-21 12:08:26','jimabignay',NULL,NULL,0),(274,31,13,'0.00','0.00','0.00','1500.00','0.00','0.00','2012-05-21 12:08:26','jimabignay',NULL,NULL,0),(275,32,13,'0.00','0.00','0.00','0.00','0.00','0.00','2012-05-21 12:08:26','jimabignay',NULL,NULL,0),(276,2,13,'0.00','0.00','0.00','4944.48','0.00','0.00','2012-05-21 12:08:26','jimabignay',NULL,NULL,0),(277,5,13,'0.00','0.00','0.00','22555.52','0.00','0.00','2012-05-21 12:08:26','jimabignay',NULL,NULL,0),(278,30,13,'0.00','0.00','0.00','25912.50','0.00','0.00','2012-05-21 12:08:26','jimabignay',NULL,NULL,0),(279,8,13,'0.30','0.00','0.00','4856.98','25912.50','0.00','2012-05-21 12:08:26','jimabignay',NULL,NULL,0),(280,1,14,'0.00','0.00','0.00','15000.00','0.00','0.00','2012-05-21 12:08:26','jimabignay',NULL,NULL,0),(281,4,14,'0.00','0.00','0.00','15567.89','0.00','0.00','2012-05-21 12:08:26','jimabignay',NULL,NULL,0),(282,16,14,'0.00','0.00','0.00','567.89','0.00','0.00','2012-05-21 12:08:26','jimabignay',NULL,NULL,0),(283,17,14,'0.00','0.00','0.00','0.00','0.00','0.00','2012-05-21 12:08:26','jimabignay',NULL,NULL,0),(284,25,14,'0.00','0.00','0.00','0.00','0.00','0.00','2012-05-21 12:08:26','jimabignay',NULL,NULL,0),(285,26,14,'0.00','0.00','0.00','0.00','0.00','0.00','2012-05-21 12:08:26','jimabignay',NULL,NULL,0),(286,28,14,'0.00','0.00','0.00','1500.00','0.00','0.00','2012-05-21 12:08:26','jimabignay',NULL,NULL,0),(287,29,14,'0.00','0.00','0.00','0.00','0.00','0.00','2012-05-21 12:08:26','jimabignay',NULL,NULL,0),(288,33,14,'0.00','0.00','0.00','0.00','0.00','0.00','2012-05-21 12:08:26','jimabignay',NULL,NULL,0),(289,34,14,'0.00','0.00','0.00','0.00','0.00','0.00','2012-05-21 12:08:26','jimabignay',NULL,NULL,0),(290,39,14,'0.00','0.00','0.00','0.00','0.00','0.00','2012-05-21 12:08:26','jimabignay',NULL,NULL,0),(291,7,14,'30521.88','0.00','0.00','0.00','0.00','0.00','2012-05-21 12:08:26','jimabignay',NULL,NULL,0),(292,14,14,'30521.88','0.00','0.00','200.00','200.00','0.00','2012-05-21 12:08:26','jimabignay',NULL,NULL,0),(293,15,14,'0.00','0.00','0.00','50.00','50.00','0.00','2012-05-21 12:08:26','jimabignay',NULL,NULL,0),(294,27,14,'0.00','0.00','0.00','250.00','0.00','0.00','2012-05-21 12:08:26','jimabignay',NULL,NULL,0),(295,31,14,'0.00','0.00','0.00','0.00','0.00','0.00','2012-05-21 12:08:26','jimabignay',NULL,NULL,0),(296,32,14,'0.00','0.00','0.00','525.00','0.00','0.00','2012-05-21 12:08:26','jimabignay',NULL,NULL,0),(297,2,14,'0.00','0.00','0.00','4153.70','0.00','0.00','2012-05-21 12:08:26','jimabignay',NULL,NULL,0),(298,5,14,'0.00','0.00','0.00','12914.19','0.00','0.00','2012-05-21 12:08:26','jimabignay',NULL,NULL,0),(299,30,14,'0.00','0.00','0.00','16817.89','0.00','0.00','2012-05-21 12:08:26','jimabignay',NULL,NULL,0),(300,8,14,'0.30','0.00','0.00','3378.70','16817.89','0.00','2012-05-21 12:08:26','jimabignay',NULL,NULL,0),(301,1,15,'0.00','0.00','0.00','17500.00','0.00','0.00','2012-05-21 12:08:26','jimabignay',NULL,NULL,0),(302,4,15,'0.00','0.00','0.00','17483.23','0.00','0.00','2012-05-21 12:08:26','jimabignay',NULL,NULL,0),(303,16,15,'0.00','0.00','0.00','0.00','0.00','0.00','2012-05-21 12:08:26','jimabignay',NULL,NULL,0),(304,17,15,'0.00','0.00','0.00','16.77','0.00','0.00','2012-05-21 12:08:26','jimabignay',NULL,NULL,0),(305,25,15,'0.00','0.00','0.00','0.00','0.00','0.00','2012-05-21 12:08:26','jimabignay',NULL,NULL,0),(306,26,15,'0.00','0.00','0.00','0.00','0.00','0.00','2012-05-21 12:08:26','jimabignay',NULL,NULL,0),(307,28,15,'0.00','0.00','0.00','1500.00','0.00','0.00','2012-05-21 12:08:26','jimabignay',NULL,NULL,0),(308,29,15,'0.00','0.00','0.00','0.00','0.00','0.00','2012-05-21 12:08:26','jimabignay',NULL,NULL,0),(309,33,15,'0.00','0.00','0.00','0.00','0.00','0.00','2012-05-21 12:08:26','jimabignay',NULL,NULL,0),(310,34,15,'0.00','0.00','0.00','0.00','0.00','0.00','2012-05-21 12:08:26','jimabignay',NULL,NULL,0),(311,39,15,'0.00','0.00','0.00','0.00','0.00','0.00','2012-05-21 12:08:26','jimabignay',NULL,NULL,0),(312,7,15,'37767.57','0.00','0.00','0.00','0.00','0.00','2012-05-21 12:08:26','jimabignay',NULL,NULL,0),(313,14,15,'37767.57','0.00','0.00','125.00','125.00','0.00','2012-05-21 12:08:26','jimabignay',NULL,NULL,0),(314,15,15,'0.00','0.00','0.00','50.00','50.00','0.00','2012-05-21 12:08:26','jimabignay',NULL,NULL,0),(315,27,15,'0.00','0.00','0.00','175.00','0.00','0.00','2012-05-21 12:08:26','jimabignay',NULL,NULL,0),(316,31,15,'0.00','0.00','0.00','0.00','0.00','0.00','2012-05-21 12:08:26','jimabignay',NULL,NULL,0),(317,32,15,'0.00','0.00','0.00','525.00','0.00','0.00','2012-05-21 12:08:26','jimabignay',NULL,NULL,0),(318,2,15,'0.00','0.00','0.00','4379.97','0.00','0.00','2012-05-21 12:08:26','jimabignay',NULL,NULL,0),(319,5,15,'0.00','0.00','0.00','14620.03','0.00','0.00','2012-05-21 12:08:26','jimabignay',NULL,NULL,0),(320,30,15,'0.00','0.00','0.00','18808.23','0.00','0.00','2012-05-21 12:08:26','jimabignay',NULL,NULL,0),(321,8,15,'0.30','0.00','0.00','3663.20','18808.23','0.00','2012-05-21 12:08:26','jimabignay',NULL,NULL,0),(322,37,16,'0.00','0.00','0.00','2000.00','0.00','0.00','2012-05-21 12:08:26','jimabignay',NULL,NULL,0),(323,1,16,'0.00','0.00','0.00','8500.00','0.00','0.00','2012-05-21 12:08:26','jimabignay',NULL,NULL,0),(324,4,16,'0.00','0.00','0.00','9797.00','0.00','0.00','2012-05-21 12:08:26','jimabignay',NULL,NULL,0),(325,16,16,'0.00','0.00','0.00','1297.00','0.00','0.00','2012-05-21 12:08:26','jimabignay',NULL,NULL,0),(326,17,16,'0.00','0.00','0.00','0.00','0.00','0.00','2012-05-21 12:08:26','jimabignay',NULL,NULL,0),(327,25,16,'0.00','0.00','0.00','0.00','0.00','0.00','2012-05-21 12:08:26','jimabignay',NULL,NULL,0),(328,26,16,'0.00','0.00','0.00','0.00','0.00','0.00','2012-05-21 12:08:26','jimabignay',NULL,NULL,0),(329,28,16,'0.00','0.00','0.00','1500.00','0.00','0.00','2012-05-21 12:08:26','jimabignay',NULL,NULL,0),(330,29,16,'0.00','0.00','0.00','0.00','0.00','0.00','2012-05-21 12:08:26','jimabignay',NULL,NULL,0),(331,33,16,'0.00','0.00','0.00','0.00','0.00','0.00','2012-05-21 12:08:26','jimabignay',NULL,NULL,0),(332,34,16,'0.00','0.00','0.00','0.00','0.00','0.00','2012-05-21 12:08:26','jimabignay',NULL,NULL,0),(333,39,16,'0.00','0.00','0.00','0.00','0.00','0.00','2012-05-21 12:08:26','jimabignay',NULL,NULL,0),(334,7,16,'18297.00','20.00','0.00','216.70','459.30','0.00','2012-05-21 12:08:26','jimabignay',NULL,NULL,0),(335,14,16,'18297.00','0.00','0.00','125.00','125.00','0.00','2012-05-21 12:08:26','jimabignay',NULL,NULL,0),(336,15,16,'0.00','0.00','0.00','50.00','50.00','0.00','2012-05-21 12:08:26','jimabignay',NULL,NULL,0),(337,27,16,'0.00','0.00','0.00','391.70','0.00','0.00','2012-05-21 12:08:26','jimabignay',NULL,NULL,0),(338,31,16,'0.00','0.00','0.00','2000.00','0.00','0.00','2012-05-21 12:08:26','jimabignay',NULL,NULL,0),(339,32,16,'0.00','0.00','0.00','525.00','0.00','0.00','2012-05-21 12:08:26','jimabignay',NULL,NULL,0),(340,2,16,'0.00','0.00','0.00','2080.53','0.00','0.00','2012-05-21 12:08:26','jimabignay',NULL,NULL,0),(341,5,16,'0.00','0.00','0.00','11216.47','0.00','0.00','2012-05-21 12:08:26','jimabignay',NULL,NULL,0),(342,30,16,'0.00','0.00','0.00','10905.30','0.00','0.00','2012-05-21 12:08:26','jimabignay',NULL,NULL,0),(343,8,16,'0.25','0.00','0.00','1163.83','10905.30','0.00','2012-05-21 12:08:26','jimabignay',NULL,NULL,0),(344,1,17,'0.00','0.00','0.00','13000.00','0.00','0.00','2012-05-21 12:08:26','jimabignay',NULL,NULL,0),(345,4,17,'0.00','0.00','0.00','12003.19','0.00','0.00','2012-05-21 12:08:26','jimabignay',NULL,NULL,0),(346,16,17,'0.00','0.00','0.00','0.00','0.00','0.00','2012-05-21 12:08:26','jimabignay',NULL,NULL,0),(347,17,17,'0.00','0.00','0.00','996.81','0.00','0.00','2012-05-21 12:08:26','jimabignay',NULL,NULL,0),(348,25,17,'0.00','0.00','0.00','0.00','0.00','0.00','2012-05-21 12:08:26','jimabignay',NULL,NULL,0),(349,26,17,'0.00','0.00','0.00','0.00','0.00','0.00','2012-05-21 12:08:26','jimabignay',NULL,NULL,0),(350,28,17,'0.00','0.00','0.00','0.00','0.00','0.00','2012-05-21 12:08:26','jimabignay',NULL,NULL,0),(351,29,17,'0.00','0.00','0.00','0.00','0.00','0.00','2012-05-21 12:08:26','jimabignay',NULL,NULL,0),(352,33,17,'0.00','0.00','0.00','0.00','0.00','0.00','2012-05-21 12:08:26','jimabignay',NULL,NULL,0),(353,34,17,'0.00','0.00','0.00','0.00','0.00','0.00','2012-05-21 12:08:26','jimabignay',NULL,NULL,0),(354,39,17,'0.00','0.00','0.00','0.00','0.00','0.00','2012-05-21 12:08:26','jimabignay',NULL,NULL,0),(355,7,17,'12003.19','10.00','0.00','400.00','848.00','0.00','2012-05-21 12:08:26','jimabignay',NULL,NULL,0),(356,14,17,'12003.19','0.00','0.00','150.00','150.00','0.00','2012-05-21 12:08:26','jimabignay',NULL,NULL,0),(357,15,17,'0.00','0.00','0.00','50.00','50.00','0.00','2012-05-21 12:08:26','jimabignay',NULL,NULL,0),(358,27,17,'0.00','0.00','0.00','600.00','0.00','0.00','2012-05-21 12:08:26','jimabignay',NULL,NULL,0),(359,31,17,'0.00','0.00','0.00','0.00','0.00','0.00','2012-05-21 12:08:26','jimabignay',NULL,NULL,0),(360,32,17,'0.00','0.00','0.00','0.00','0.00','0.00','2012-05-21 12:08:26','jimabignay',NULL,NULL,0),(361,2,17,'0.00','0.00','0.00','3405.86','0.00','0.00','2012-05-21 12:08:26','jimabignay',NULL,NULL,0),(362,5,17,'0.00','0.00','0.00','9594.14','0.00','0.00','2012-05-21 12:08:26','jimabignay',NULL,NULL,0),(363,30,17,'0.00','0.00','0.00','11403.19','0.00','0.00','2012-05-21 12:08:26','jimabignay',NULL,NULL,0),(364,8,17,'0.25','0.00','0.00','1809.05','11403.19','0.00','2012-05-21 12:08:26','jimabignay',NULL,NULL,0),(365,12,18,'0.00','0.00','0.00','500.00','0.00','0.00','2012-05-21 15:04:21','jimabignay',NULL,NULL,0),(366,1,18,'0.00','0.00','0.00','7000.00','0.00','0.00','2012-05-21 15:04:21','jimabignay',NULL,NULL,0),(367,4,18,'0.00','0.00','0.00','7167.73','0.00','0.00','2012-05-21 15:04:21','jimabignay',NULL,NULL,0),(368,16,18,'0.00','0.00','0.00','167.73','0.00','0.00','2012-05-21 15:04:21','jimabignay',NULL,NULL,0),(369,17,18,'0.00','0.00','0.00','0.00','0.00','0.00','2012-05-21 15:04:21','jimabignay',NULL,NULL,0),(370,25,18,'0.00','0.00','0.00','0.00','0.00','0.00','2012-05-21 15:04:21','jimabignay',NULL,NULL,0),(371,26,18,'0.00','0.00','0.00','500.00','0.00','0.00','2012-05-21 15:04:21','jimabignay',NULL,NULL,0),(372,28,18,'0.00','0.00','0.00','0.00','0.00','0.00','2012-05-21 15:04:21','jimabignay',NULL,NULL,0),(373,29,18,'0.00','0.00','0.00','0.00','0.00','0.00','2012-05-21 15:04:21','jimabignay',NULL,NULL,0),(374,33,18,'0.00','0.00','0.00','0.00','0.00','0.00','2012-05-21 15:04:21','jimabignay',NULL,NULL,0),(375,34,18,'0.00','0.00','0.00','0.00','0.00','0.00','2012-05-21 15:04:21','jimabignay',NULL,NULL,0),(376,39,18,'0.00','0.00','0.00','0.00','0.00','0.00','2012-05-21 15:04:21','jimabignay',NULL,NULL,0),(377,7,18,'7667.73','10.00','0.00','250.00','530.00','0.00','2012-05-21 15:04:21','jimabignay',NULL,NULL,0),(378,14,18,'7667.73','0.00','0.00','87.50','87.50','0.00','2012-05-21 15:04:21','jimabignay',NULL,NULL,0),(379,15,18,'7667.73','0.00','0.00','50.00','50.00','0.00','2012-05-21 15:04:21','jimabignay',NULL,NULL,0),(380,27,18,'0.00','0.00','0.00','387.50','0.00','0.00','2012-05-21 15:04:21','jimabignay',NULL,NULL,0),(381,31,18,'0.00','0.00','0.00','0.00','0.00','0.00','2012-05-21 15:04:21','jimabignay',NULL,NULL,0),(382,32,18,'0.00','0.00','0.00','150.00','0.00','0.00','2012-05-21 15:04:21','jimabignay',NULL,NULL,0),(383,2,18,'0.00','0.00','0.00','1347.72','0.00','0.00','2012-05-21 15:04:21','jimabignay',NULL,NULL,0),(384,5,18,'0.00','0.00','0.00','6320.01','0.00','0.00','2012-05-21 15:04:21','jimabignay',NULL,NULL,0),(385,30,18,'0.00','0.00','0.00','7280.23','0.00','0.00','2012-05-21 15:04:21','jimabignay',NULL,NULL,0),(386,8,18,'0.20','0.00','0.00','810.22','7280.23','0.00','2012-05-21 15:04:21','jimabignay',NULL,NULL,0),(387,1,19,'0.00','0.00','0.00','32117.41','0.00','0.00','2012-05-21 15:04:21','jimabignay',NULL,NULL,0),(388,4,19,'0.00','0.00','0.00','32071.23','0.00','0.00','2012-05-21 15:04:21','jimabignay',NULL,NULL,0),(389,16,19,'0.00','0.00','0.00','0.00','0.00','0.00','2012-05-21 15:04:21','jimabignay',NULL,NULL,0),(390,17,19,'0.00','0.00','0.00','46.18','0.00','0.00','2012-05-21 15:04:21','jimabignay',NULL,NULL,0),(391,25,19,'0.00','0.00','0.00','0.00','0.00','0.00','2012-05-21 15:04:21','jimabignay',NULL,NULL,0),(392,26,19,'0.00','0.00','0.00','0.00','0.00','0.00','2012-05-21 15:04:21','jimabignay',NULL,NULL,0),(393,28,19,'0.00','0.00','0.00','0.00','0.00','0.00','2012-05-21 15:04:21','jimabignay',NULL,NULL,0),(394,29,19,'0.00','0.00','0.00','0.00','0.00','0.00','2012-05-21 15:04:21','jimabignay',NULL,NULL,0),(395,33,19,'0.00','0.00','0.00','0.00','0.00','0.00','2012-05-21 15:04:21','jimabignay',NULL,NULL,0),(396,34,19,'0.00','0.00','0.00','0.00','0.00','0.00','2012-05-21 15:04:21','jimabignay',NULL,NULL,0),(397,39,19,'0.00','0.00','0.00','0.00','0.00','0.00','2012-05-21 15:04:21','jimabignay',NULL,NULL,0),(398,7,19,'32071.23','30.00','0.00','500.00','1060.00','0.00','2012-05-21 15:04:21','jimabignay',NULL,NULL,0),(399,14,19,'32071.23','0.00','0.00','375.00','375.00','0.00','2012-05-21 15:04:21','jimabignay',NULL,NULL,0),(400,15,19,'32071.23','0.00','0.00','50.00','50.00','0.00','2012-05-21 15:04:21','jimabignay',NULL,NULL,0),(401,27,19,'0.00','0.00','0.00','925.00','0.00','0.00','2012-05-21 15:04:21','jimabignay',NULL,NULL,0),(402,31,19,'0.00','0.00','0.00','0.00','0.00','0.00','2012-05-21 15:04:21','jimabignay',NULL,NULL,0),(403,32,19,'0.00','0.00','0.00','0.00','0.00','0.00','2012-05-21 15:04:21','jimabignay',NULL,NULL,0),(404,2,19,'0.00','0.00','0.00','8146.30','0.00','0.00','2012-05-21 15:04:21','jimabignay',NULL,NULL,0),(405,5,19,'0.00','0.00','0.00','23971.11','0.00','0.00','2012-05-21 15:04:21','jimabignay',NULL,NULL,0),(406,30,19,'0.00','0.00','0.00','31146.23','0.00','0.00','2012-05-21 15:04:21','jimabignay',NULL,NULL,0),(407,8,19,'0.32','0.00','0.00','7175.12','31146.23','0.00','2012-05-21 15:04:21','jimabignay',NULL,NULL,0),(408,10,20,'0.00','0.00','0.00','1250.00','0.00','0.00','2012-05-21 15:04:21','jimabignay',NULL,NULL,0),(409,1,20,'0.00','0.00','0.00','7500.00','0.00','0.00','2012-05-21 15:04:21','jimabignay',NULL,NULL,0),(410,4,20,'0.00','0.00','0.00','7500.00','0.00','0.00','2012-05-21 15:04:21','jimabignay',NULL,NULL,0),(411,16,20,'0.00','0.00','0.00','0.00','0.00','0.00','2012-05-21 15:04:21','jimabignay',NULL,NULL,0),(412,17,20,'0.00','0.00','0.00','0.00','0.00','0.00','2012-05-21 15:04:21','jimabignay',NULL,NULL,0),(413,25,20,'0.00','0.00','0.00','0.00','0.00','0.00','2012-05-21 15:04:21','jimabignay',NULL,NULL,0),(414,26,20,'0.00','0.00','0.00','0.00','0.00','0.00','2012-05-21 15:04:21','jimabignay',NULL,NULL,0),(415,28,20,'0.00','0.00','0.00','0.00','0.00','0.00','2012-05-21 15:04:21','jimabignay',NULL,NULL,0),(416,29,20,'0.00','0.00','0.00','0.00','0.00','0.00','2012-05-21 15:04:21','jimabignay',NULL,NULL,0),(417,33,20,'0.00','0.00','0.00','0.00','0.00','0.00','2012-05-21 15:04:21','jimabignay',NULL,NULL,0),(418,34,20,'0.00','0.00','0.00','0.00','0.00','0.00','2012-05-21 15:04:21','jimabignay',NULL,NULL,0),(419,39,20,'0.00','0.00','0.00','0.00','0.00','0.00','2012-05-21 15:04:21','jimabignay',NULL,NULL,0),(420,7,20,'7500.00','10.00','0.00','250.00','530.00','0.00','2012-05-21 15:04:21','jimabignay',NULL,NULL,0),(421,14,20,'7500.00','0.00','0.00','87.50','87.50','0.00','2012-05-21 15:04:21','jimabignay',NULL,NULL,0),(422,15,20,'7500.00','0.00','0.00','50.00','50.00','0.00','2012-05-21 15:04:21','jimabignay',NULL,NULL,0),(423,27,20,'0.00','0.00','0.00','387.50','0.00','0.00','2012-05-21 15:04:21','jimabignay',NULL,NULL,0),(424,31,20,'0.00','0.00','0.00','1250.00','0.00','0.00','2012-05-21 15:04:21','jimabignay',NULL,NULL,0),(425,32,20,'0.00','0.00','0.00','0.00','0.00','0.00','2012-05-21 15:04:21','jimabignay',NULL,NULL,0),(426,2,20,'0.00','0.00','0.00','747.57','0.00','0.00','2012-05-21 15:04:21','jimabignay',NULL,NULL,0),(427,5,20,'0.00','0.00','0.00','8002.43','0.00','0.00','2012-05-21 15:04:21','jimabignay',NULL,NULL,0),(428,30,20,'0.00','0.00','0.00','7112.50','0.00','0.00','2012-05-21 15:04:21','jimabignay',NULL,NULL,0),(429,8,20,'0.20','0.00','0.00','360.07','7112.50','0.00','2012-05-21 15:04:21','jimabignay',NULL,NULL,0),(430,1,21,'0.00','0.00','0.00','5672.16','0.00','0.00','2012-05-21 15:04:21','jimabignay',NULL,NULL,0),(431,4,21,'0.00','0.00','0.00','5237.23','0.00','0.00','2012-05-21 15:04:21','jimabignay',NULL,NULL,0),(432,16,21,'0.00','0.00','0.00','0.00','0.00','0.00','2012-05-21 15:04:21','jimabignay',NULL,NULL,0),(433,17,21,'0.00','0.00','0.00','434.93','0.00','0.00','2012-05-21 15:04:21','jimabignay',NULL,NULL,0),(434,25,21,'0.00','0.00','0.00','0.00','0.00','0.00','2012-05-21 15:04:21','jimabignay',NULL,NULL,0),(435,26,21,'0.00','0.00','0.00','0.00','0.00','0.00','2012-05-21 15:04:21','jimabignay',NULL,NULL,0),(436,28,21,'0.00','0.00','0.00','0.00','0.00','0.00','2012-05-21 15:04:21','jimabignay',NULL,NULL,0),(437,29,21,'0.00','0.00','0.00','0.00','0.00','0.00','2012-05-21 15:04:21','jimabignay',NULL,NULL,0),(438,33,21,'0.00','0.00','0.00','0.00','0.00','0.00','2012-05-21 15:04:21','jimabignay',NULL,NULL,0),(439,34,21,'0.00','0.00','0.00','0.00','0.00','0.00','2012-05-21 15:04:21','jimabignay',NULL,NULL,0),(440,39,21,'0.00','0.00','0.00','0.00','0.00','0.00','2012-05-21 15:04:21','jimabignay',NULL,NULL,0),(441,7,21,'5237.23','10.00','0.00','166.70','353.30','0.00','2012-05-21 15:04:21','jimabignay',NULL,NULL,0),(442,14,21,'5237.23','0.00','0.00','62.50','62.50','0.00','2012-05-21 15:04:21','jimabignay',NULL,NULL,0),(443,15,21,'5237.23','0.00','0.00','50.00','50.00','0.00','2012-05-21 15:04:21','jimabignay',NULL,NULL,0),(444,27,21,'0.00','0.00','0.00','279.20','0.00','0.00','2012-05-21 15:04:21','jimabignay',NULL,NULL,0),(445,31,21,'0.00','0.00','0.00','0.00','0.00','0.00','2012-05-21 15:04:21','jimabignay',NULL,NULL,0),(446,32,21,'0.00','0.00','0.00','332.38','0.00','0.00','2012-05-21 15:04:21','jimabignay',NULL,NULL,0),(447,2,21,'0.00','0.00','0.00','1046.51','0.00','0.00','2012-05-21 15:04:21','jimabignay',NULL,NULL,0),(448,5,21,'0.00','0.00','0.00','4625.65','0.00','0.00','2012-05-21 15:04:21','jimabignay',NULL,NULL,0),(449,30,21,'0.00','0.00','0.00','4958.03','0.00','0.00','2012-05-21 15:04:21','jimabignay',NULL,NULL,0),(450,8,21,'0.00','0.00','0.00','0.00','4958.03','0.00','2012-05-21 15:04:21','jimabignay',NULL,NULL,0),(451,1,22,'0.00','0.00','0.00','24500.00','0.00','0.00','2012-05-21 15:04:21','jimabignay',NULL,NULL,0),(452,4,22,'0.00','0.00','0.00','30041.86','0.00','0.00','2012-05-21 15:04:21','jimabignay',NULL,NULL,0),(453,16,22,'0.00','0.00','0.00','5617.00','0.00','0.00','2012-05-21 15:04:21','jimabignay',NULL,NULL,0),(454,17,22,'0.00','0.00','0.00','75.14','0.00','0.00','2012-05-21 15:04:21','jimabignay',NULL,NULL,0),(455,25,22,'0.00','0.00','0.00','0.00','0.00','0.00','2012-05-21 15:04:21','jimabignay',NULL,NULL,0),(456,26,22,'0.00','0.00','0.00','0.00','0.00','0.00','2012-05-21 15:04:21','jimabignay',NULL,NULL,0),(457,28,22,'0.00','0.00','0.00','0.00','0.00','0.00','2012-05-21 15:04:21','jimabignay',NULL,NULL,0),(458,29,22,'0.00','0.00','0.00','0.00','0.00','0.00','2012-05-21 15:04:21','jimabignay',NULL,NULL,0),(459,33,22,'0.00','0.00','0.00','0.00','0.00','0.00','2012-05-21 15:04:21','jimabignay',NULL,NULL,0),(460,34,22,'0.00','0.00','0.00','0.00','0.00','0.00','2012-05-21 15:04:21','jimabignay',NULL,NULL,0),(461,39,22,'0.00','0.00','0.00','0.00','0.00','0.00','2012-05-21 15:04:21','jimabignay',NULL,NULL,0),(462,7,22,'30041.86','30.00','0.00','500.00','1060.00','0.00','2012-05-21 15:04:21','jimabignay',NULL,NULL,0),(463,14,22,'30041.86','0.00','0.00','375.00','375.00','0.00','2012-05-21 15:04:21','jimabignay',NULL,NULL,0),(464,15,22,'30041.86','0.00','0.00','50.00','50.00','0.00','2012-05-21 15:04:21','jimabignay',NULL,NULL,0),(465,27,22,'0.00','0.00','0.00','925.00','0.00','0.00','2012-05-21 15:04:21','jimabignay',NULL,NULL,0),(466,31,22,'0.00','0.00','0.00','0.00','0.00','0.00','2012-05-21 15:04:21','jimabignay',NULL,NULL,0),(467,32,22,'0.00','0.00','0.00','200.00','0.00','0.00','2012-05-21 15:04:21','jimabignay',NULL,NULL,0),(468,2,22,'0.00','0.00','0.00','7059.31','0.00','0.00','2012-05-21 15:04:21','jimabignay',NULL,NULL,0),(469,5,22,'0.00','0.00','0.00','23057.69','0.00','0.00','2012-05-21 15:04:21','jimabignay',NULL,NULL,0),(470,30,22,'0.00','0.00','0.00','29116.86','0.00','0.00','2012-05-21 15:04:21','jimabignay',NULL,NULL,0),(471,8,22,'0.32','0.00','0.00','5859.17','29116.86','0.00','2012-05-21 15:04:21','jimabignay',NULL,NULL,0),(472,1,23,'0.00','0.00','0.00','15000.00','0.00','0.00','2012-05-21 15:04:21','jimabignay',NULL,NULL,0),(473,4,23,'0.00','0.00','0.00','15000.00','0.00','0.00','2012-05-21 15:04:21','jimabignay',NULL,NULL,0),(474,16,23,'0.00','0.00','0.00','0.00','0.00','0.00','2012-05-21 15:04:21','jimabignay',NULL,NULL,0),(475,17,23,'0.00','0.00','0.00','0.00','0.00','0.00','2012-05-21 15:04:21','jimabignay',NULL,NULL,0),(476,25,23,'0.00','0.00','0.00','0.00','0.00','0.00','2012-05-21 15:04:21','jimabignay',NULL,NULL,0),(477,26,23,'0.00','0.00','0.00','0.00','0.00','0.00','2012-05-21 15:04:21','jimabignay',NULL,NULL,0),(478,28,23,'0.00','0.00','0.00','0.00','0.00','0.00','2012-05-21 15:04:21','jimabignay',NULL,NULL,0),(479,29,23,'0.00','0.00','0.00','0.00','0.00','0.00','2012-05-21 15:04:21','jimabignay',NULL,NULL,0),(480,33,23,'0.00','0.00','0.00','0.00','0.00','0.00','2012-05-21 15:04:21','jimabignay',NULL,NULL,0),(481,34,23,'0.00','0.00','0.00','0.00','0.00','0.00','2012-05-21 15:04:21','jimabignay',NULL,NULL,0),(482,39,23,'0.00','0.00','0.00','0.00','0.00','0.00','2012-05-21 15:04:21','jimabignay',NULL,NULL,0),(483,7,23,'15000.00','30.00','0.00','500.00','1060.00','0.00','2012-05-21 15:04:21','jimabignay',NULL,NULL,0),(484,14,23,'15000.00','0.00','0.00','187.50','187.50','0.00','2012-05-21 15:04:21','jimabignay',NULL,NULL,0),(485,15,23,'15000.00','0.00','0.00','50.00','50.00','0.00','2012-05-21 15:04:21','jimabignay',NULL,NULL,0),(486,27,23,'0.00','0.00','0.00','737.50','0.00','0.00','2012-05-21 15:04:21','jimabignay',NULL,NULL,0),(487,31,23,'0.00','0.00','0.00','0.00','0.00','0.00','2012-05-21 15:04:21','jimabignay',NULL,NULL,0),(488,32,23,'0.00','0.00','0.00','525.00','0.00','0.00','2012-05-21 15:04:21','jimabignay',NULL,NULL,0),(489,2,23,'0.00','0.00','0.00','3874.58','0.00','0.00','2012-05-21 15:04:21','jimabignay',NULL,NULL,0),(490,5,23,'0.00','0.00','0.00','11125.42','0.00','0.00','2012-05-21 15:04:21','jimabignay',NULL,NULL,0),(491,30,23,'0.00','0.00','0.00','14262.50','0.00','0.00','2012-05-21 15:04:21','jimabignay',NULL,NULL,0),(492,8,23,'0.30','0.00','0.00','2612.08','14262.50','0.00','2012-05-21 15:04:21','jimabignay',NULL,NULL,0),(493,1,24,'0.00','0.00','0.00','17500.00','0.00','0.00','2012-05-21 15:04:21','jimabignay',NULL,NULL,0),(494,4,24,'0.00','0.00','0.00','16158.15','0.00','0.00','2012-05-21 15:04:21','jimabignay',NULL,NULL,0),(495,16,24,'0.00','0.00','0.00','0.00','0.00','0.00','2012-05-21 15:04:21','jimabignay',NULL,NULL,0),(496,17,24,'0.00','0.00','0.00','1341.85','0.00','0.00','2012-05-21 15:04:21','jimabignay',NULL,NULL,0),(497,25,24,'0.00','0.00','0.00','0.00','0.00','0.00','2012-05-21 15:04:21','jimabignay',NULL,NULL,0),(498,26,24,'0.00','0.00','0.00','0.00','0.00','0.00','2012-05-21 15:04:21','jimabignay',NULL,NULL,0),(499,28,24,'0.00','0.00','0.00','0.00','0.00','0.00','2012-05-21 15:04:21','jimabignay',NULL,NULL,0),(500,29,24,'0.00','0.00','0.00','0.00','0.00','0.00','2012-05-21 15:04:21','jimabignay',NULL,NULL,0),(501,33,24,'0.00','0.00','0.00','0.00','0.00','0.00','2012-05-21 15:04:21','jimabignay',NULL,NULL,0),(502,34,24,'0.00','0.00','0.00','0.00','0.00','0.00','2012-05-21 15:04:21','jimabignay',NULL,NULL,0),(503,39,24,'0.00','0.00','0.00','0.00','0.00','0.00','2012-05-21 15:04:21','jimabignay',NULL,NULL,0),(504,7,24,'16158.15','30.00','0.00','500.00','1060.00','0.00','2012-05-21 15:04:21','jimabignay',NULL,NULL,0),(505,14,24,'16158.15','0.00','0.00','200.00','200.00','0.00','2012-05-21 15:04:21','jimabignay',NULL,NULL,0),(506,15,24,'16158.15','0.00','0.00','50.00','50.00','0.00','2012-05-21 15:04:21','jimabignay',NULL,NULL,0),(507,27,24,'0.00','0.00','0.00','750.00','0.00','0.00','2012-05-21 15:04:21','jimabignay',NULL,NULL,0),(508,31,24,'0.00','0.00','0.00','0.00','0.00','0.00','2012-05-21 15:04:21','jimabignay',NULL,NULL,0),(509,32,24,'0.00','0.00','0.00','625.00','0.00','0.00','2012-05-21 15:04:21','jimabignay',NULL,NULL,0),(510,2,24,'0.00','0.00','0.00','5360.03','0.00','0.00','2012-05-21 15:04:21','jimabignay',NULL,NULL,0),(511,5,24,'0.00','0.00','0.00','12139.97','0.00','0.00','2012-05-21 15:04:21','jimabignay',NULL,NULL,0),(512,30,24,'0.00','0.00','0.00','15408.15','0.00','0.00','2012-05-21 15:04:21','jimabignay',NULL,NULL,0),(513,8,24,'0.30','0.00','0.00','2643.18','15408.15','0.00','2012-05-21 15:04:21','jimabignay',NULL,NULL,0),(514,37,25,'0.00','0.00','0.00','2000.00','0.00','0.00','2012-05-21 15:04:21','jimabignay',NULL,NULL,0),(515,1,25,'0.00','0.00','0.00','8500.00','0.00','0.00','2012-05-21 15:04:21','jimabignay',NULL,NULL,0),(516,4,25,'0.00','0.00','0.00','8500.00','0.00','0.00','2012-05-21 15:04:22','jimabignay',NULL,NULL,0),(517,16,25,'0.00','0.00','0.00','0.00','0.00','0.00','2012-05-21 15:04:22','jimabignay',NULL,NULL,0),(518,17,25,'0.00','0.00','0.00','0.00','0.00','0.00','2012-05-21 15:04:22','jimabignay',NULL,NULL,0),(519,25,25,'0.00','0.00','0.00','0.00','0.00','0.00','2012-05-21 15:04:22','jimabignay',NULL,NULL,0),(520,26,25,'0.00','0.00','0.00','0.00','0.00','0.00','2012-05-21 15:04:22','jimabignay',NULL,NULL,0),(521,28,25,'0.00','0.00','0.00','0.00','0.00','0.00','2012-05-21 15:04:22','jimabignay',NULL,NULL,0),(522,29,25,'0.00','0.00','0.00','0.00','0.00','0.00','2012-05-21 15:04:22','jimabignay',NULL,NULL,0),(523,33,25,'0.00','0.00','0.00','0.00','0.00','0.00','2012-05-21 15:04:22','jimabignay',NULL,NULL,0),(524,34,25,'0.00','0.00','0.00','0.00','0.00','0.00','2012-05-21 15:04:22','jimabignay',NULL,NULL,0),(525,39,25,'0.00','0.00','0.00','0.00','0.00','0.00','2012-05-21 15:04:22','jimabignay',NULL,NULL,0),(526,7,25,'8500.00','10.00','0.00','283.30','600.70','0.00','2012-05-21 15:04:22','jimabignay',NULL,NULL,0),(527,14,25,'8500.00','0.00','0.00','100.00','100.00','0.00','2012-05-21 15:04:22','jimabignay',NULL,NULL,0),(528,15,25,'8500.00','0.00','0.00','50.00','50.00','0.00','2012-05-21 15:04:22','jimabignay',NULL,NULL,0),(529,27,25,'0.00','0.00','0.00','433.30','0.00','0.00','2012-05-21 15:04:22','jimabignay',NULL,NULL,0),(530,31,25,'0.00','0.00','0.00','2000.00','0.00','0.00','2012-05-21 15:04:22','jimabignay',NULL,NULL,0),(531,32,25,'0.00','0.00','0.00','525.00','0.00','0.00','2012-05-21 15:04:22','jimabignay',NULL,NULL,0),(532,2,25,'0.00','0.00','0.00','1509.21','0.00','0.00','2012-05-21 15:04:22','jimabignay',NULL,NULL,0),(533,5,25,'0.00','0.00','0.00','8990.79','0.00','0.00','2012-05-21 15:04:22','jimabignay',NULL,NULL,0),(534,30,25,'0.00','0.00','0.00','8066.70','0.00','0.00','2012-05-21 15:04:22','jimabignay',NULL,NULL,0),(535,8,25,'0.20','0.00','0.00','550.91','8066.70','0.00','2012-05-21 15:04:22','jimabignay',NULL,NULL,0),(536,1,26,'0.00','0.00','0.00','13000.00','0.00','0.00','2012-05-21 15:04:22','jimabignay',NULL,NULL,0),(537,4,26,'0.00','0.00','0.00','13274.12','0.00','0.00','2012-05-21 15:04:22','jimabignay',NULL,NULL,0),(538,16,26,'0.00','0.00','0.00','311.50','0.00','0.00','2012-05-21 15:04:22','jimabignay',NULL,NULL,0),(539,17,26,'0.00','0.00','0.00','37.38','0.00','0.00','2012-05-21 15:04:22','jimabignay',NULL,NULL,0),(540,25,26,'0.00','0.00','0.00','0.00','0.00','0.00','2012-05-21 15:04:22','jimabignay',NULL,NULL,0),(541,26,26,'0.00','0.00','0.00','0.00','0.00','0.00','2012-05-21 15:04:22','jimabignay',NULL,NULL,0),(542,28,26,'0.00','0.00','0.00','0.00','0.00','0.00','2012-05-21 15:04:22','jimabignay',NULL,NULL,0),(543,29,26,'0.00','0.00','0.00','0.00','0.00','0.00','2012-05-21 15:04:22','jimabignay',NULL,NULL,0),(544,33,26,'0.00','0.00','0.00','0.00','0.00','0.00','2012-05-21 15:04:22','jimabignay',NULL,NULL,0),(545,34,26,'0.00','0.00','0.00','0.00','0.00','0.00','2012-05-21 15:04:22','jimabignay',NULL,NULL,0),(546,39,26,'0.00','0.00','0.00','0.00','0.00','0.00','2012-05-21 15:04:22','jimabignay',NULL,NULL,0),(547,7,26,'13274.12','10.00','0.00','450.00','954.00','0.00','2012-05-21 15:04:22','jimabignay',NULL,NULL,0),(548,14,26,'13274.12','0.00','0.00','162.50','162.50','0.00','2012-05-21 15:04:22','jimabignay',NULL,NULL,0),(549,15,26,'13274.12','0.00','0.00','50.00','50.00','0.00','2012-05-21 15:04:22','jimabignay',NULL,NULL,0),(550,27,26,'0.00','0.00','0.00','662.50','0.00','0.00','2012-05-21 15:04:22','jimabignay',NULL,NULL,0),(551,31,26,'0.00','0.00','0.00','0.00','0.00','0.00','2012-05-21 15:04:22','jimabignay',NULL,NULL,0),(552,32,26,'0.00','0.00','0.00','0.00','0.00','0.00','2012-05-21 15:04:22','jimabignay',NULL,NULL,0),(553,2,26,'0.00','0.00','0.00','2816.70','0.00','0.00','2012-05-21 15:04:22','jimabignay',NULL,NULL,0),(554,5,26,'0.00','0.00','0.00','10494.80','0.00','0.00','2012-05-21 15:04:22','jimabignay',NULL,NULL,0),(555,30,26,'0.00','0.00','0.00','12611.62','0.00','0.00','2012-05-21 15:04:22','jimabignay',NULL,NULL,0),(556,8,26,'0.30','0.00','0.00','2116.82','12611.62','0.00','2012-05-21 15:04:22','jimabignay',NULL,NULL,0),(557,12,27,'0.00','0.00','0.00','500.00','0.00','0.00','2012-05-21 15:10:37','jimabignay',NULL,NULL,0),(558,1,27,'0.00','0.00','0.00','7000.00','0.00','0.00','2012-05-21 15:10:37','jimabignay',NULL,NULL,0),(559,4,27,'0.00','0.00','0.00','7083.87','0.00','0.00','2012-05-21 15:10:37','jimabignay',NULL,NULL,0),(560,16,27,'0.00','0.00','0.00','83.87','0.00','0.00','2012-05-21 15:10:37','jimabignay',NULL,NULL,0),(561,17,27,'0.00','0.00','0.00','0.00','0.00','0.00','2012-05-21 15:10:37','jimabignay',NULL,NULL,0),(562,25,27,'0.00','0.00','0.00','0.00','0.00','0.00','2012-05-21 15:10:37','jimabignay',NULL,NULL,0),(563,26,27,'0.00','0.00','0.00','1300.00','0.00','0.00','2012-05-21 15:10:37','jimabignay',NULL,NULL,0),(564,28,27,'0.00','0.00','0.00','0.00','0.00','0.00','2012-05-21 15:10:37','jimabignay',NULL,NULL,0),(565,29,27,'0.00','0.00','0.00','0.00','0.00','0.00','2012-05-21 15:10:37','jimabignay',NULL,NULL,0),(566,33,27,'0.00','0.00','0.00','0.00','0.00','0.00','2012-05-21 15:10:37','jimabignay',NULL,NULL,0),(567,34,27,'0.00','0.00','0.00','0.00','0.00','0.00','2012-05-21 15:10:37','jimabignay',NULL,NULL,0),(568,39,27,'0.00','0.00','0.00','0.00','0.00','0.00','2012-05-21 15:10:37','jimabignay',NULL,NULL,0),(569,7,27,'16051.60','20.00','0.00','250.00','530.00','0.00','2012-05-21 15:10:37','jimabignay',NULL,NULL,0),(570,14,27,'16051.60','0.00','0.00','112.50','112.50','0.00','2012-05-21 15:10:37','jimabignay',NULL,NULL,0),(571,15,27,'0.00','0.00','0.00','50.00','50.00','0.00','2012-05-21 15:10:37','jimabignay',NULL,NULL,0),(572,27,27,'0.00','0.00','0.00','412.50','0.00','0.00','2012-05-21 15:10:37','jimabignay',NULL,NULL,0),(573,31,27,'0.00','0.00','0.00','0.00','0.00','0.00','2012-05-21 15:10:37','jimabignay',NULL,NULL,0),(574,32,27,'0.00','0.00','0.00','0.00','0.00','0.00','2012-05-21 15:10:37','jimabignay',NULL,NULL,0),(575,2,27,'0.00','0.00','0.00','1363.59','0.00','0.00','2012-05-21 15:10:37','jimabignay',NULL,NULL,0),(576,5,27,'0.00','0.00','0.00','7020.28','0.00','0.00','2012-05-21 15:10:37','jimabignay',NULL,NULL,0),(577,30,27,'0.00','0.00','0.00','7971.37','0.00','0.00','2012-05-21 15:10:37','jimabignay',NULL,NULL,0),(578,8,27,'0.25','0.00','0.00','951.09','7971.37','0.00','2012-05-21 15:10:37','jimabignay',NULL,NULL,0),(579,1,28,'0.00','0.00','0.00','17500.00','0.00','0.00','2012-05-21 15:10:37','jimabignay',NULL,NULL,0),(580,4,28,'0.00','0.00','0.00','12132.59','0.00','0.00','2012-05-21 15:10:37','jimabignay',NULL,NULL,0),(581,16,28,'0.00','0.00','0.00','0.00','0.00','0.00','2012-05-21 15:10:37','jimabignay',NULL,NULL,0),(582,17,28,'0.00','0.00','0.00','5367.41','0.00','0.00','2012-05-21 15:10:37','jimabignay',NULL,NULL,0),(583,25,28,'0.00','0.00','0.00','0.00','0.00','0.00','2012-05-21 15:10:37','jimabignay',NULL,NULL,0),(584,26,28,'0.00','0.00','0.00','0.00','0.00','0.00','2012-05-21 15:10:37','jimabignay',NULL,NULL,0),(585,28,28,'0.00','0.00','0.00','0.00','0.00','0.00','2012-05-21 15:10:37','jimabignay',NULL,NULL,0),(586,29,28,'0.00','0.00','0.00','0.00','0.00','0.00','2012-05-21 15:10:37','jimabignay',NULL,NULL,0),(587,33,28,'0.00','0.00','0.00','0.00','0.00','0.00','2012-05-21 15:10:37','jimabignay',NULL,NULL,0),(588,34,28,'0.00','0.00','0.00','0.00','0.00','0.00','2012-05-21 15:10:37','jimabignay',NULL,NULL,0),(589,39,28,'0.00','0.00','0.00','0.00','0.00','0.00','2012-05-21 15:10:37','jimabignay',NULL,NULL,0),(590,7,28,'12132.59','10.00','0.00','400.00','848.00','0.00','2012-05-21 15:10:38','jimabignay',NULL,NULL,0),(591,14,28,'12132.59','0.00','0.00','150.00','150.00','0.00','2012-05-21 15:10:38','jimabignay',NULL,NULL,0),(592,15,28,'0.00','0.00','0.00','50.00','50.00','0.00','2012-05-21 15:10:38','jimabignay',NULL,NULL,0),(593,27,28,'0.00','0.00','0.00','600.00','0.00','0.00','2012-05-21 15:10:38','jimabignay',NULL,NULL,0),(594,31,28,'0.00','0.00','0.00','0.00','0.00','0.00','2012-05-21 15:10:38','jimabignay',NULL,NULL,0),(595,32,28,'0.00','0.00','0.00','0.00','0.00','0.00','2012-05-21 15:10:38','jimabignay',NULL,NULL,0),(596,2,28,'0.00','0.00','0.00','7808.81','0.00','0.00','2012-05-21 15:10:38','jimabignay',NULL,NULL,0),(597,5,28,'0.00','0.00','0.00','9691.19','0.00','0.00','2012-05-21 15:10:38','jimabignay',NULL,NULL,0),(598,30,28,'0.00','0.00','0.00','11532.59','0.00','0.00','2012-05-21 15:10:38','jimabignay',NULL,NULL,0),(599,8,28,'0.25','0.00','0.00','1841.40','11532.59','0.00','2012-05-21 15:10:38','jimabignay',NULL,NULL,0),(600,1,29,'0.00','0.00','0.00','32117.41','0.00','0.00','2012-05-21 15:10:38','jimabignay',NULL,NULL,0),(601,4,29,'0.00','0.00','0.00','32887.00','0.00','0.00','2012-05-21 15:10:38','jimabignay',NULL,NULL,0),(602,16,29,'0.00','0.00','0.00','769.59','0.00','0.00','2012-05-21 15:10:38','jimabignay',NULL,NULL,0),(603,17,29,'0.00','0.00','0.00','0.00','0.00','0.00','2012-05-21 15:10:38','jimabignay',NULL,NULL,0),(604,25,29,'0.00','0.00','0.00','0.00','0.00','0.00','2012-05-21 15:10:38','jimabignay',NULL,NULL,0),(605,26,29,'0.00','0.00','0.00','800.00','0.00','0.00','2012-05-21 15:10:38','jimabignay',NULL,NULL,0),(606,28,29,'0.00','0.00','0.00','0.00','0.00','0.00','2012-05-21 15:10:38','jimabignay',NULL,NULL,0),(607,29,29,'0.00','0.00','0.00','0.00','0.00','0.00','2012-05-21 15:10:38','jimabignay',NULL,NULL,0),(608,33,29,'0.00','0.00','0.00','0.00','0.00','0.00','2012-05-21 15:10:38','jimabignay',NULL,NULL,0),(609,34,29,'0.00','0.00','0.00','0.00','0.00','0.00','2012-05-21 15:10:38','jimabignay',NULL,NULL,0),(610,39,29,'0.00','0.00','0.00','0.00','0.00','0.00','2012-05-21 15:10:38','jimabignay',NULL,NULL,0),(611,7,29,'65758.23','0.00','0.00','0.00','0.00','0.00','2012-05-21 15:10:38','jimabignay',NULL,NULL,0),(612,14,29,'65758.23','0.00','0.00','0.00','0.00','0.00','2012-05-21 15:10:38','jimabignay',NULL,NULL,0),(613,15,29,'0.00','0.00','0.00','50.00','50.00','0.00','2012-05-21 15:10:38','jimabignay',NULL,NULL,0),(614,27,29,'0.00','0.00','0.00','50.00','0.00','0.00','2012-05-21 15:10:38','jimabignay',NULL,NULL,0),(615,31,29,'0.00','0.00','0.00','0.00','0.00','0.00','2012-05-21 15:10:38','jimabignay',NULL,NULL,0),(616,32,29,'0.00','0.00','0.00','0.00','0.00','0.00','2012-05-21 15:10:38','jimabignay',NULL,NULL,0),(617,2,29,'0.00','0.00','0.00','8022.17','0.00','0.00','2012-05-21 15:10:38','jimabignay',NULL,NULL,0),(618,5,29,'0.00','0.00','0.00','25664.82','0.00','0.00','2012-05-21 15:10:38','jimabignay',NULL,NULL,0),(619,30,29,'0.00','0.00','0.00','33637.00','0.00','0.00','2012-05-21 15:10:38','jimabignay',NULL,NULL,0),(620,8,29,'0.32','0.00','0.00','7972.17','33637.00','0.00','2012-05-21 15:10:38','jimabignay',NULL,NULL,0),(621,10,30,'0.00','0.00','0.00','1250.00','0.00','0.00','2012-05-21 15:10:38','jimabignay',NULL,NULL,0),(622,1,30,'0.00','0.00','0.00','7500.00','0.00','0.00','2012-05-21 15:10:38','jimabignay',NULL,NULL,0),(623,4,30,'0.00','0.00','0.00','7428.12','0.00','0.00','2012-05-21 15:10:38','jimabignay',NULL,NULL,0),(624,16,30,'0.00','0.00','0.00','0.00','0.00','0.00','2012-05-21 15:10:38','jimabignay',NULL,NULL,0),(625,17,30,'0.00','0.00','0.00','71.88','0.00','0.00','2012-05-21 15:10:38','jimabignay',NULL,NULL,0),(626,25,30,'0.00','0.00','0.00','0.00','0.00','0.00','2012-05-21 15:10:38','jimabignay',NULL,NULL,0),(627,26,30,'0.00','0.00','0.00','0.00','0.00','0.00','2012-05-21 15:10:38','jimabignay',NULL,NULL,0),(628,28,30,'0.00','0.00','0.00','0.00','0.00','0.00','2012-05-21 15:10:38','jimabignay',NULL,NULL,0),(629,29,30,'0.00','0.00','0.00','0.00','0.00','0.00','2012-05-21 15:10:38','jimabignay',NULL,NULL,0),(630,33,30,'0.00','0.00','0.00','0.00','0.00','0.00','2012-05-21 15:10:38','jimabignay',NULL,NULL,0),(631,34,30,'0.00','0.00','0.00','0.00','0.00','0.00','2012-05-21 15:10:38','jimabignay',NULL,NULL,0),(632,39,30,'0.00','0.00','0.00','0.00','0.00','0.00','2012-05-21 15:10:38','jimabignay',NULL,NULL,0),(633,7,30,'14928.12','20.00','0.00','250.00','530.00','0.00','2012-05-21 15:10:38','jimabignay',NULL,NULL,0),(634,14,30,'14928.12','0.00','0.00','87.50','87.50','0.00','2012-05-21 15:10:38','jimabignay',NULL,NULL,0),(635,15,30,'0.00','0.00','0.00','50.00','50.00','0.00','2012-05-21 15:10:38','jimabignay',NULL,NULL,0),(636,27,30,'0.00','0.00','0.00','387.50','0.00','0.00','2012-05-21 15:10:38','jimabignay',NULL,NULL,0),(637,31,30,'0.00','0.00','0.00','1250.00','0.00','0.00','2012-05-21 15:10:38','jimabignay',NULL,NULL,0),(638,32,30,'0.00','0.00','0.00','0.00','0.00','0.00','2012-05-21 15:10:38','jimabignay',NULL,NULL,0),(639,2,30,'0.00','0.00','0.00','807.09','0.00','0.00','2012-05-21 15:10:38','jimabignay',NULL,NULL,0),(640,5,30,'0.00','0.00','0.00','7942.91','0.00','0.00','2012-05-21 15:10:38','jimabignay',NULL,NULL,0),(641,30,30,'0.00','0.00','0.00','7040.62','0.00','0.00','2012-05-21 15:10:38','jimabignay',NULL,NULL,0),(642,8,30,'0.15','0.00','0.00','347.71','7040.62','0.00','2012-05-21 15:10:38','jimabignay',NULL,NULL,0),(643,1,31,'0.00','0.00','0.00','5672.16','0.00','0.00','2012-05-21 15:10:38','jimabignay',NULL,NULL,0),(644,4,31,'0.00','0.00','0.00','6605.62','0.00','0.00','2012-05-21 15:10:38','jimabignay',NULL,NULL,0),(645,16,31,'0.00','0.00','0.00','1368.39','0.00','0.00','2012-05-21 15:10:38','jimabignay',NULL,NULL,0),(646,17,31,'0.00','0.00','0.00','434.93','0.00','0.00','2012-05-21 15:10:38','jimabignay',NULL,NULL,0),(647,25,31,'0.00','0.00','0.00','0.00','0.00','0.00','2012-05-21 15:10:38','jimabignay',NULL,NULL,0),(648,26,31,'0.00','0.00','0.00','550.00','0.00','0.00','2012-05-21 15:10:38','jimabignay',NULL,NULL,0),(649,28,31,'0.00','0.00','0.00','0.00','0.00','0.00','2012-05-21 15:10:38','jimabignay',NULL,NULL,0),(650,29,31,'0.00','0.00','0.00','0.00','0.00','0.00','2012-05-21 15:10:38','jimabignay',NULL,NULL,0),(651,33,31,'0.00','0.00','0.00','0.00','0.00','0.00','2012-05-21 15:10:38','jimabignay',NULL,NULL,0),(652,34,31,'0.00','0.00','0.00','0.00','0.00','0.00','2012-05-21 15:10:38','jimabignay',NULL,NULL,0),(653,39,31,'0.00','0.00','0.00','0.00','0.00','0.00','2012-05-21 15:10:38','jimabignay',NULL,NULL,0),(654,7,31,'12392.85','0.00','0.00','250.00','530.00','0.00','2012-05-21 15:10:38','jimabignay',NULL,NULL,0),(655,14,31,'12392.85','0.00','0.00','87.50','87.50','0.00','2012-05-21 15:10:38','jimabignay',NULL,NULL,0),(656,15,31,'0.00','0.00','0.00','50.00','50.00','0.00','2012-05-21 15:10:38','jimabignay',NULL,NULL,0),(657,27,31,'0.00','0.00','0.00','387.50','0.00','0.00','2012-05-21 15:10:38','jimabignay',NULL,NULL,0),(658,31,31,'0.00','0.00','0.00','0.00','0.00','0.00','2012-05-21 15:10:38','jimabignay',NULL,NULL,0),(659,32,31,'0.00','0.00','0.00','332.38','0.00','0.00','2012-05-21 15:10:38','jimabignay',NULL,NULL,0),(660,2,31,'0.00','0.00','0.00','1154.81','0.00','0.00','2012-05-21 15:10:38','jimabignay',NULL,NULL,0),(661,5,31,'0.00','0.00','0.00','6435.74','0.00','0.00','2012-05-21 15:10:38','jimabignay',NULL,NULL,0),(662,30,31,'0.00','0.00','0.00','6768.12','0.00','0.00','2012-05-21 15:10:38','jimabignay',NULL,NULL,0),(663,8,31,'0.00','0.00','0.00','0.00','6768.12','0.00','2012-05-21 15:10:38','jimabignay',NULL,NULL,0),(664,36,32,'0.00','0.00','0.00','1500.00','0.00','0.00','2012-05-21 15:10:38','jimabignay',NULL,NULL,0),(665,1,32,'0.00','0.00','0.00','24500.00','0.00','0.00','2012-05-21 15:10:38','jimabignay',NULL,NULL,0),(666,4,32,'0.00','0.00','0.00','24928.56','0.00','0.00','2012-05-21 15:10:38','jimabignay',NULL,NULL,0),(667,16,32,'0.00','0.00','0.00','440.30','0.00','0.00','2012-05-21 15:10:38','jimabignay',NULL,NULL,0),(668,17,32,'0.00','0.00','0.00','11.74','0.00','0.00','2012-05-21 15:10:38','jimabignay',NULL,NULL,0),(669,25,32,'0.00','0.00','0.00','0.00','0.00','0.00','2012-05-21 15:10:38','jimabignay',NULL,NULL,0),(670,26,32,'0.00','0.00','0.00','0.00','0.00','0.00','2012-05-21 15:10:38','jimabignay',NULL,NULL,0),(671,28,32,'0.00','0.00','0.00','0.00','0.00','0.00','2012-05-21 15:10:38','jimabignay',NULL,NULL,0),(672,29,32,'0.00','0.00','0.00','0.00','0.00','0.00','2012-05-21 15:10:38','jimabignay',NULL,NULL,0),(673,33,32,'0.00','0.00','0.00','0.00','0.00','0.00','2012-05-21 15:10:38','jimabignay',NULL,NULL,0),(674,34,32,'0.00','0.00','0.00','0.00','0.00','0.00','2012-05-21 15:10:38','jimabignay',NULL,NULL,0),(675,39,32,'0.00','0.00','0.00','0.00','0.00','0.00','2012-05-21 15:10:38','jimabignay',NULL,NULL,0),(676,7,32,'54970.42','0.00','0.00','0.00','0.00','0.00','2012-05-21 15:10:38','jimabignay',NULL,NULL,0),(677,14,32,'54970.42','0.00','0.00','0.00','0.00','0.00','2012-05-21 15:10:38','jimabignay',NULL,NULL,0),(678,15,32,'0.00','0.00','0.00','50.00','50.00','0.00','2012-05-21 15:10:38','jimabignay',NULL,NULL,0),(679,27,32,'0.00','0.00','0.00','50.00','0.00','0.00','2012-05-21 15:10:38','jimabignay',NULL,NULL,0),(680,31,32,'0.00','0.00','0.00','1500.00','0.00','0.00','2012-05-21 15:10:38','jimabignay',NULL,NULL,0),(681,32,32,'0.00','0.00','0.00','0.00','0.00','0.00','2012-05-21 15:10:38','jimabignay',NULL,NULL,0),(682,2,32,'0.00','0.00','0.00','4608.54','0.00','0.00','2012-05-21 15:10:38','jimabignay',NULL,NULL,0),(683,5,32,'0.00','0.00','0.00','21831.76','0.00','0.00','2012-05-21 15:10:38','jimabignay',NULL,NULL,0),(684,30,32,'0.00','0.00','0.00','24878.56','0.00','0.00','2012-05-21 15:10:38','jimabignay',NULL,NULL,0),(685,8,32,'0.30','0.00','0.00','4546.80','24878.56','0.00','2012-05-21 15:10:38','jimabignay',NULL,NULL,0),(686,1,33,'0.00','0.00','0.00','15000.00','0.00','0.00','2012-05-21 15:10:38','jimabignay',NULL,NULL,0),(687,4,33,'0.00','0.00','0.00','14712.46','0.00','0.00','2012-05-21 15:10:38','jimabignay',NULL,NULL,0),(688,16,33,'0.00','0.00','0.00','0.00','0.00','0.00','2012-05-21 15:10:38','jimabignay',NULL,NULL,0),(689,17,33,'0.00','0.00','0.00','287.54','0.00','0.00','2012-05-21 15:10:38','jimabignay',NULL,NULL,0),(690,25,33,'0.00','0.00','0.00','0.00','0.00','0.00','2012-05-21 15:10:38','jimabignay',NULL,NULL,0),(691,26,33,'0.00','0.00','0.00','750.00','0.00','0.00','2012-05-21 15:10:38','jimabignay',NULL,NULL,0),(692,28,33,'0.00','0.00','0.00','0.00','0.00','0.00','2012-05-21 15:10:38','jimabignay',NULL,NULL,0),(693,29,33,'0.00','0.00','0.00','0.00','0.00','0.00','2012-05-21 15:10:38','jimabignay',NULL,NULL,0),(694,33,33,'0.00','0.00','0.00','0.00','0.00','0.00','2012-05-21 15:10:38','jimabignay',NULL,NULL,0),(695,34,33,'0.00','0.00','0.00','0.00','0.00','0.00','2012-05-21 15:10:38','jimabignay',NULL,NULL,0),(696,39,33,'0.00','0.00','0.00','0.00','0.00','0.00','2012-05-21 15:10:38','jimabignay',NULL,NULL,0),(697,7,33,'30462.46','0.00','0.00','0.00','0.00','0.00','2012-05-21 15:10:38','jimabignay',NULL,NULL,0),(698,14,33,'30462.46','0.00','0.00','187.50','187.50','0.00','2012-05-21 15:10:38','jimabignay',NULL,NULL,0),(699,15,33,'0.00','0.00','0.00','50.00','50.00','0.00','2012-05-21 15:10:38','jimabignay',NULL,NULL,0),(700,27,33,'0.00','0.00','0.00','237.50','0.00','0.00','2012-05-21 15:10:38','jimabignay',NULL,NULL,0),(701,31,33,'0.00','0.00','0.00','0.00','0.00','0.00','2012-05-21 15:10:38','jimabignay',NULL,NULL,0),(702,32,33,'0.00','0.00','0.00','525.00','0.00','0.00','2012-05-21 15:10:38','jimabignay',NULL,NULL,0),(703,2,33,'0.00','0.00','0.00','3950.86','0.00','0.00','2012-05-21 15:10:38','jimabignay',NULL,NULL,0),(704,5,33,'0.00','0.00','0.00','11799.14','0.00','0.00','2012-05-21 15:10:38','jimabignay',NULL,NULL,0),(705,30,33,'0.00','0.00','0.00','15224.96','0.00','0.00','2012-05-21 15:10:38','jimabignay',NULL,NULL,0),(706,8,33,'0.30','0.00','0.00','2900.82','15224.96','0.00','2012-05-21 15:10:38','jimabignay',NULL,NULL,0),(707,1,34,'0.00','0.00','0.00','17500.00','0.00','0.00','2012-05-21 15:10:38','jimabignay',NULL,NULL,0),(708,4,34,'0.00','0.00','0.00','17902.56','0.00','0.00','2012-05-21 15:10:38','jimabignay',NULL,NULL,0),(709,16,34,'0.00','0.00','0.00','419.33','0.00','0.00','2012-05-21 15:10:38','jimabignay',NULL,NULL,0),(710,17,34,'0.00','0.00','0.00','16.77','0.00','0.00','2012-05-21 15:10:38','jimabignay',NULL,NULL,0),(711,25,34,'0.00','0.00','0.00','0.00','0.00','0.00','2012-05-21 15:10:38','jimabignay',NULL,NULL,0),(712,26,34,'0.00','0.00','0.00','0.00','0.00','0.00','2012-05-21 15:10:38','jimabignay',NULL,NULL,0),(713,28,34,'0.00','0.00','0.00','0.00','0.00','0.00','2012-05-21 15:10:38','jimabignay',NULL,NULL,0),(714,29,34,'0.00','0.00','0.00','0.00','0.00','0.00','2012-05-21 15:10:38','jimabignay',NULL,NULL,0),(715,33,34,'0.00','0.00','0.00','0.00','0.00','0.00','2012-05-21 15:10:38','jimabignay',NULL,NULL,0),(716,34,34,'0.00','0.00','0.00','0.00','0.00','0.00','2012-05-21 15:10:38','jimabignay',NULL,NULL,0),(717,39,34,'0.00','0.00','0.00','0.00','0.00','0.00','2012-05-21 15:10:38','jimabignay',NULL,NULL,0),(718,7,34,'34060.71','0.00','0.00','0.00','0.00','0.00','2012-05-21 15:10:38','jimabignay',NULL,NULL,0),(719,14,34,'34060.71','0.00','0.00','175.00','175.00','0.00','2012-05-21 15:10:38','jimabignay',NULL,NULL,0),(720,15,34,'0.00','0.00','0.00','50.00','50.00','0.00','2012-05-21 15:10:38','jimabignay',NULL,NULL,0),(721,27,34,'0.00','0.00','0.00','225.00','0.00','0.00','2012-05-21 15:10:38','jimabignay',NULL,NULL,0),(722,31,34,'0.00','0.00','0.00','0.00','0.00','0.00','2012-05-21 15:10:38','jimabignay',NULL,NULL,0),(723,32,34,'0.00','0.00','0.00','525.00','0.00','0.00','2012-05-21 15:10:38','jimabignay',NULL,NULL,0),(724,2,34,'0.00','0.00','0.00','4090.77','0.00','0.00','2012-05-21 15:10:38','jimabignay',NULL,NULL,0),(725,5,34,'0.00','0.00','0.00','13828.56','0.00','0.00','2012-05-21 15:10:38','jimabignay',NULL,NULL,0),(726,30,34,'0.00','0.00','0.00','17677.56','0.00','0.00','2012-05-21 15:10:38','jimabignay',NULL,NULL,0),(727,8,34,'0.30','0.00','0.00','3324.00','17677.56','0.00','2012-05-21 15:10:38','jimabignay',NULL,NULL,0),(728,37,35,'0.00','0.00','0.00','2000.00','0.00','0.00','2012-05-21 15:10:38','jimabignay',NULL,NULL,0),(729,1,35,'0.00','0.00','0.00','8500.00','0.00','0.00','2012-05-21 15:10:38','jimabignay',NULL,NULL,0),(730,4,35,'0.00','0.00','0.00','8500.00','0.00','0.00','2012-05-21 15:10:38','jimabignay',NULL,NULL,0),(731,16,35,'0.00','0.00','0.00','0.00','0.00','0.00','2012-05-21 15:10:38','jimabignay',NULL,NULL,0),(732,17,35,'0.00','0.00','0.00','0.00','0.00','0.00','2012-05-21 15:10:38','jimabignay',NULL,NULL,0),(733,25,35,'0.00','0.00','0.00','0.00','0.00','0.00','2012-05-21 15:10:38','jimabignay',NULL,NULL,0),(734,26,35,'0.00','0.00','0.00','600.00','0.00','0.00','2012-05-21 15:10:38','jimabignay',NULL,NULL,0),(735,28,35,'0.00','0.00','0.00','0.00','0.00','0.00','2012-05-21 15:10:38','jimabignay',NULL,NULL,0),(736,29,35,'0.00','0.00','0.00','0.00','0.00','0.00','2012-05-21 15:10:38','jimabignay',NULL,NULL,0),(737,33,35,'0.00','0.00','0.00','0.00','0.00','0.00','2012-05-21 15:10:38','jimabignay',NULL,NULL,0),(738,34,35,'0.00','0.00','0.00','0.00','0.00','0.00','2012-05-21 15:10:38','jimabignay',NULL,NULL,0),(739,39,35,'0.00','0.00','0.00','0.00','0.00','0.00','2012-05-21 15:10:38','jimabignay',NULL,NULL,0),(740,7,35,'17600.00','20.00','0.00','216.70','459.30','0.00','2012-05-21 15:10:38','jimabignay',NULL,NULL,0),(741,14,35,'17600.00','0.00','0.00','112.50','112.50','0.00','2012-05-21 15:10:38','jimabignay',NULL,NULL,0),(742,15,35,'0.00','0.00','0.00','50.00','50.00','0.00','2012-05-21 15:10:38','jimabignay',NULL,NULL,0),(743,27,35,'0.00','0.00','0.00','379.20','0.00','0.00','2012-05-21 15:10:38','jimabignay',NULL,NULL,0),(744,31,35,'0.00','0.00','0.00','2000.00','0.00','0.00','2012-05-21 15:10:39','jimabignay',NULL,NULL,0),(745,32,35,'0.00','0.00','0.00','525.00','0.00','0.00','2012-05-21 15:10:39','jimabignay',NULL,NULL,0),(746,2,35,'0.00','0.00','0.00','1585.93','0.00','0.00','2012-05-21 15:10:39','jimabignay',NULL,NULL,0),(747,5,35,'0.00','0.00','0.00','9514.07','0.00','0.00','2012-05-21 15:10:39','jimabignay',NULL,NULL,0),(748,30,35,'0.00','0.00','0.00','8720.80','0.00','0.00','2012-05-21 15:10:39','jimabignay',NULL,NULL,0),(749,8,35,'0.20','0.00','0.00','681.73','8720.80','0.00','2012-05-21 15:10:39','jimabignay',NULL,NULL,0),(750,1,36,'0.00','0.00','0.00','13000.00','0.00','0.00','2012-05-21 15:10:39','jimabignay',NULL,NULL,0),(751,4,36,'0.00','0.00','0.00','13305.27','0.00','0.00','2012-05-21 15:10:39','jimabignay',NULL,NULL,0),(752,16,36,'0.00','0.00','0.00','492.17','0.00','0.00','2012-05-21 15:10:39','jimabignay',NULL,NULL,0),(753,17,36,'0.00','0.00','0.00','186.90','0.00','0.00','2012-05-21 15:10:39','jimabignay',NULL,NULL,0),(754,25,36,'0.00','0.00','0.00','0.00','0.00','0.00','2012-05-21 15:10:39','jimabignay',NULL,NULL,0),(755,26,36,'0.00','0.00','0.00','0.00','0.00','0.00','2012-05-21 15:10:39','jimabignay',NULL,NULL,0),(756,28,36,'0.00','0.00','0.00','0.00','0.00','0.00','2012-05-21 15:10:39','jimabignay',NULL,NULL,0),(757,29,36,'0.00','0.00','0.00','0.00','0.00','0.00','2012-05-21 15:10:39','jimabignay',NULL,NULL,0),(758,33,36,'0.00','0.00','0.00','0.00','0.00','0.00','2012-05-21 15:10:39','jimabignay',NULL,NULL,0),(759,34,36,'0.00','0.00','0.00','0.00','0.00','0.00','2012-05-21 15:10:39','jimabignay',NULL,NULL,0),(760,39,36,'0.00','0.00','0.00','0.00','0.00','0.00','2012-05-21 15:10:39','jimabignay',NULL,NULL,0),(761,7,36,'26579.39','20.00','0.00','50.00','106.00','0.00','2012-05-21 15:10:39','jimabignay',NULL,NULL,0),(762,14,36,'26579.39','0.00','0.00','162.50','162.50','0.00','2012-05-21 15:10:39','jimabignay',NULL,NULL,0),(763,15,36,'0.00','0.00','0.00','50.00','50.00','0.00','2012-05-21 15:10:39','jimabignay',NULL,NULL,0),(764,27,36,'0.00','0.00','0.00','262.50','0.00','0.00','2012-05-21 15:10:39','jimabignay',NULL,NULL,0),(765,31,36,'0.00','0.00','0.00','0.00','0.00','0.00','2012-05-21 15:10:39','jimabignay',NULL,NULL,0),(766,32,36,'0.00','0.00','0.00','0.00','0.00','0.00','2012-05-21 15:10:39','jimabignay',NULL,NULL,0),(767,2,36,'0.00','0.00','0.00','2695.56','0.00','0.00','2012-05-21 15:10:39','jimabignay',NULL,NULL,0),(768,5,36,'0.00','0.00','0.00','10796.61','0.00','0.00','2012-05-21 15:10:39','jimabignay',NULL,NULL,0),(769,30,36,'0.00','0.00','0.00','13042.77','0.00','0.00','2012-05-21 15:10:39','jimabignay',NULL,NULL,0),(770,8,36,'0.30','0.00','0.00','2246.16','13042.77','0.00','2012-05-21 15:10:39','jimabignay',NULL,NULL,0);

UNLOCK TABLES;

/*Table structure for table `payroll_paystub_report` */

DROP TABLE IF EXISTS `payroll_paystub_report`;

CREATE TABLE `payroll_paystub_report` (
  `ppr_id` int(10) unsigned NOT NULL AUTO_INCREMENT,
  `paystub_id` int(10) unsigned NOT NULL,
  `payperiod_id` int(10) unsigned NOT NULL,
  `emp_id` int(10) unsigned DEFAULT NULL,
  `ud_id` int(10) unsigned DEFAULT NULL,
  `comp_id` int(10) unsigned DEFAULT NULL,
  `ppr_paystubdetails` text COLLATE latin1_general_ci,
  `ppr_addwhen` timestamp NULL DEFAULT CURRENT_TIMESTAMP,
  `ppr_addwho` varchar(50) COLLATE latin1_general_ci DEFAULT NULL,
  `ppr_updatewhen` datetime DEFAULT NULL,
  `ppr_updatewho` varchar(50) COLLATE latin1_general_ci DEFAULT NULL,
  `ppr_status` tinyint(1) unsigned DEFAULT '1',
  `ppr_isdeleted` tinyint(1) unsigned DEFAULT '0',
  PRIMARY KEY (`ppr_id`),
  KEY `payroll_paystub_report_FKIndex1` (`payperiod_id`),
  KEY `payroll_paystub_report_FKIndex2` (`paystub_id`)
) ENGINE=MyISAM AUTO_INCREMENT=37 DEFAULT CHARSET=latin1 COLLATE=latin1_general_ci;

/*Data for the table `payroll_paystub_report` */

LOCK TABLES `payroll_paystub_report` WRITE;

insert  into `payroll_paystub_report`(`ppr_id`,`paystub_id`,`payperiod_id`,`emp_id`,`ud_id`,`comp_id`,`ppr_paystubdetails`,`ppr_addwhen`,`ppr_addwho`,`ppr_updatewhen`,`ppr_updatewho`,`ppr_status`,`ppr_isdeleted`) values (1,1,1,6,5,1,'a:2:{s:7:\"empinfo\";a:18:{s:6:\"emp_id\";s:1:\"6\";s:6:\"emp_no\";s:8:\"2011-201\";s:8:\"fullname\";s:22:\"Bryan Anthony C. Banal\";s:7:\"jobcode\";s:8:\"COSTACCT\";s:11:\"jobpos_name\";s:15:\"Cost Accountant\";s:9:\"comp_name\";s:17:\"Company XYZ, Inc.\";s:8:\"comp_add\";s:51:\"Alcar Building, Brgy. Highway Hills, Las Pinas City\";s:7:\"ud_name\";s:11:\"Acctg Dept.\";s:11:\"tax_ex_name\";s:9:\"Single(S)\";s:7:\"comp_id\";s:1:\"1\";s:5:\"ud_id\";s:1:\"5\";s:12:\"emptype_name\";s:9:\"Rank File\";s:16:\"bankiemp_acct_no\";s:10:\"0189131844\";s:13:\"banklist_name\";s:3:\"BPI\";s:11:\"pi_emailone\";s:22:\"banal@sample.email.com\";s:8:\"taxep_id\";s:1:\"3\";s:14:\"salaryclass_id\";s:1:\"4\";s:12:\"tt_pay_group\";s:1:\"3\";}s:13:\"paystubdetail\";a:2:{s:12:\"paystubsched\";a:8:{s:6:\"pps_id\";s:1:\"1\";s:8:\"pps_name\";s:12:\"Semi-Monthly\";s:12:\"payperiod_id\";s:1:\"1\";s:10:\"paystub_id\";s:1:\"1\";s:20:\"payperiod_start_date\";s:19:\"2011-12-26 00:00:00\";s:18:\"payperiod_end_date\";s:19:\"2012-01-10 23:59:00\";s:20:\"payperiod_trans_date\";s:19:\"2012-01-14 23:59:00\";s:11:\"schedSecond\";s:2:\"25\";}s:14:\"paystubaccount\";a:8:{s:7:\"earning\";a:6:{s:5:\"basic\";s:8:\"14000.00\";s:11:\"Regulartime\";d:7000;s:4:\"COLA\";N;s:10:\"COLAperDay\";N;s:9:\"totalDays\";N;s:2:\"OT\";a:4:{s:9:\"OTDetails\";N;s:10:\"TotalallOT\";s:4:\"0.00\";s:9:\"OTbackpay\";s:4:\"0.00\";s:12:\"SumAllOTRate\";s:4:\"0.00\";}}s:9:\"deduction\";a:8:{s:3:\"SSS\";s:6:\"233.30\";s:5:\"SSSER\";s:6:\"494.70\";s:5:\"SSSEC\";s:2:\"10\";s:10:\"PhilHealth\";s:5:\"75.00\";s:12:\"PhilHealthER\";s:5:\"75.00\";s:8:\"Pag-ibig\";i:50;s:10:\"Pag-ibigER\";i:50;s:6:\"Others\";N;}s:3:\"TUA\";a:2:{s:9:\"TADetails\";a:1:{i:0;a:7:{s:12:\"emp_tarec_id\";s:1:\"6\";s:7:\"ta_name\";s:27:\"Authorized absence - no pay\";s:4:\"type\";s:1:\"2\";s:11:\"totaltimehr\";s:4:\"1.00\";s:8:\"ratetype\";s:1:\"D\";s:9:\"rateperDH\";d:536.7412140575079320115037262439727783203125;s:8:\"taamount\";d:536.7412140575079320115037262439727783203125;}}s:10:\"TotalLeave\";s:6:\"536.74\";}s:12:\"leave_record\";a:0:{}s:18:\"government_regular\";a:0:{}s:8:\"benefits\";a:1:{i:0;a:18:{s:6:\"psa_id\";s:2:\"12\";s:6:\"ben_id\";s:1:\"8\";s:8:\"psa_name\";s:14:\"Rice Allowance\";s:8:\"psa_type\";s:1:\"1\";s:10:\"ben_amount\";s:4:\"1000\";s:13:\"ben_payperday\";s:3:\"500\";s:13:\"ben_startdate\";s:10:\"2012-01-01\";s:11:\"ben_enddate\";s:10:\"0000-00-00\";s:11:\"ben_isfixed\";s:1:\"0\";s:11:\"ben_suspend\";s:1:\"0\";s:19:\"ben_periodselection\";s:9:\"1,1,0,0,0\";s:12:\"psa_priority\";s:1:\"0\";s:7:\"psa_tax\";s:1:\"1\";s:13:\"psa_statutory\";s:1:\"1\";s:5:\"year_\";s:4:\"2012\";s:6:\"month_\";s:2:\"01\";s:8:\"yearend_\";s:4:\"0000\";s:9:\"monthend_\";s:2:\"00\";}}s:10:\"amendments\";a:10:{i:0;a:1:{i:0;a:14:{s:6:\"psa_id\";s:2:\"24\";s:10:\"psamend_id\";s:1:\"1\";s:11:\"amendemp_id\";s:1:\"1\";s:8:\"psa_name\";s:9:\"Incentive\";s:12:\"psamend_desc\";s:26:\"Incentive for all employee\";s:8:\"psa_type\";s:1:\"1\";s:12:\"psamend_rate\";s:4:\"0.00\";s:13:\"psamend_units\";s:4:\"0.00\";s:14:\"psamend_amount\";s:4:\"0.00\";s:19:\"psamend_effect_date\";s:10:\"2012-01-03\";s:17:\"psamend_istaxable\";s:1:\"0\";s:7:\"psa_tax\";s:1:\"1\";s:13:\"psa_statutory\";s:1:\"0\";s:15:\"amendemp_amount\";s:7:\"2500.00\";}}i:1;N;s:16:\"total_TSAEarning\";s:4:\"0.00\";s:15:\"total_TAEarning\";s:7:\"2500.00\";s:15:\"total_SAEarning\";s:4:\"0.00\";s:17:\"total_NTSAEarning\";s:4:\"0.00\";s:18:\"total_TSADeduction\";s:4:\"0.00\";s:17:\"total_TADeduction\";s:4:\"0.00\";s:17:\"total_SADeduction\";s:4:\"0.00\";s:19:\"total_NTSADeduction\";s:4:\"0.00\";}s:7:\"pstotal\";a:18:{s:5:\"gross\";s:8:\"10000.00\";s:12:\"Basic Salary\";s:8:\"14000.00\";s:8:\"PGsalary\";s:7:\"6463.26\";s:23:\"gross_nontaxable_income\";s:4:\"0.00\";s:13:\"taxable_Gross\";s:7:\"9104.96\";s:9:\"Deduction\";s:7:\"2129.53\";s:17:\"SatutoryDeduction\";s:6:\"358.30\";s:7:\"W/H Tax\";s:7:\"1234.49\";s:13:\"aftertaxgross\";s:7:\"7870.47\";s:7:\"Net Pay\";s:7:\"7870.47\";s:20:\"other_taxable_income\";s:7:\"2500.00\";s:15:\"other_deduction\";s:4:\"0.00\";s:20:\"TotalEarning_payslip\";s:8:\"10000.00\";s:13:\"SumSABEarning\";s:4:\"0.00\";s:14:\"SumTSABEarning\";s:6:\"500.00\";s:15:\"SumTABDeduction\";s:4:\"0.00\";s:13:\"SumTABEarning\";s:7:\"2500.00\";s:13:\"BaseSTATGross\";s:7:\"6963.26\";}}}}','2012-05-21 11:46:27','jimabignay',NULL,NULL,1,0),(2,2,1,5,3,1,'a:2:{s:7:\"empinfo\";a:18:{s:6:\"emp_id\";s:1:\"5\";s:6:\"emp_no\";s:8:\"2002-001\";s:8:\"fullname\";s:20:\"Mark Anthony M. Cruz\";s:7:\"jobcode\";s:6:\"ITMNGR\";s:11:\"jobpos_name\";s:10:\"IT Manager\";s:9:\"comp_name\";s:17:\"Company XYZ, Inc.\";s:8:\"comp_add\";s:51:\"Alcar Building, Brgy. Highway Hills, Las Pinas City\";s:7:\"ud_name\";s:8:\"IT Dept.\";s:11:\"tax_ex_name\";s:14:\"Married2 (ME2)\";s:7:\"comp_id\";s:1:\"1\";s:5:\"ud_id\";s:1:\"3\";s:12:\"emptype_name\";s:7:\"Manager\";s:16:\"bankiemp_acct_no\";s:10:\"0189080751\";s:13:\"banklist_name\";s:3:\"BPI\";s:11:\"pi_emailone\";s:21:\"cruz@sample.email.com\";s:8:\"taxep_id\";s:2:\"10\";s:14:\"salaryclass_id\";s:1:\"4\";s:12:\"tt_pay_group\";s:1:\"3\";}s:13:\"paystubdetail\";a:2:{s:12:\"paystubsched\";a:8:{s:6:\"pps_id\";s:1:\"1\";s:8:\"pps_name\";s:12:\"Semi-Monthly\";s:12:\"payperiod_id\";s:1:\"1\";s:10:\"paystub_id\";s:1:\"2\";s:20:\"payperiod_start_date\";s:19:\"2011-12-26 00:00:00\";s:18:\"payperiod_end_date\";s:19:\"2012-01-10 23:59:00\";s:20:\"payperiod_trans_date\";s:19:\"2012-01-14 23:59:00\";s:11:\"schedSecond\";s:2:\"25\";}s:14:\"paystubaccount\";a:8:{s:7:\"earning\";a:6:{s:5:\"basic\";s:8:\"64234.81\";s:11:\"Regulartime\";d:32117.40499999999883584678173065185546875;s:4:\"COLA\";N;s:10:\"COLAperDay\";N;s:9:\"totalDays\";N;s:2:\"OT\";a:4:{s:9:\"OTDetails\";a:2:{i:0;a:7:{s:8:\"otrec_id\";s:1:\"9\";s:7:\"ot_name\";s:7:\"Holiday\";s:4:\"rate\";s:1:\"2\";s:11:\"totaltimehr\";s:4:\"8.00\";s:8:\"ratephrs\";d:307.8345527156549223946058191359043121337890625;s:9:\"rateperhr\";d:615.669105431309844789211638271808624267578125;s:8:\"otamount\";s:7:\"4925.35\";}i:1;a:7:{s:8:\"otrec_id\";s:1:\"8\";s:7:\"ot_name\";s:3:\"ROT\";s:4:\"rate\";s:4:\"1.25\";s:11:\"totaltimehr\";s:5:\"12.00\";s:8:\"ratephrs\";d:307.8345527156549223946058191359043121337890625;s:9:\"rateperhr\";d:384.793190894568624571547843515872955322265625;s:8:\"otamount\";s:7:\"4617.52\";}}s:10:\"TotalallOT\";s:7:\"9542.87\";s:9:\"OTbackpay\";s:4:\"0.00\";s:12:\"SumAllOTRate\";s:7:\"9542.87\";}}s:9:\"deduction\";a:8:{s:3:\"SSS\";s:6:\"500.00\";s:5:\"SSSER\";s:7:\"1060.00\";s:5:\"SSSEC\";s:2:\"30\";s:10:\"PhilHealth\";s:6:\"375.00\";s:12:\"PhilHealthER\";s:6:\"375.00\";s:8:\"Pag-ibig\";i:50;s:10:\"Pag-ibigER\";i:50;s:6:\"Others\";N;}s:3:\"TUA\";a:2:{s:9:\"TADetails\";a:2:{i:0;a:7:{s:12:\"emp_tarec_id\";s:2:\"11\";s:7:\"ta_name\";s:4:\"Late\";s:4:\"type\";s:1:\"1\";s:11:\"totaltimehr\";s:4:\"0.30\";s:8:\"ratetype\";s:1:\"H\";s:9:\"rateperDH\";d:307.8345527156549223946058191359043121337890625;s:8:\"taamount\";d:92.3503658146964738762108027003705501556396484375;}i:1;a:7:{s:12:\"emp_tarec_id\";s:2:\"12\";s:7:\"ta_name\";s:9:\"Undertime\";s:4:\"type\";s:1:\"1\";s:11:\"totaltimehr\";s:4:\"0.05\";s:8:\"ratetype\";s:1:\"H\";s:9:\"rateperDH\";d:307.8345527156549223946058191359043121337890625;s:8:\"taamount\";d:15.391727635782746830273026716895401477813720703125;}}s:10:\"TotalLeave\";s:6:\"107.74\";}s:12:\"leave_record\";a:2:{i:0;a:9:{s:11:\"empleave_id\";s:2:\"13\";s:8:\"leave_id\";s:1:\"1\";s:10:\"leave_name\";s:14:\"Vacation Leave\";s:17:\"empleave_used_day\";s:4:\"0.00\";s:22:\"empleave_available_day\";s:4:\"7.00\";s:19:\"empleave_substitute\";s:0:\"\";s:16:\"empleave_creadit\";s:5:\"15.00\";s:13:\"empleave_stat\";s:1:\"1\";s:15:\"leave_conv_cash\";s:3:\"Yes\";}i:1;a:9:{s:11:\"empleave_id\";s:2:\"14\";s:8:\"leave_id\";s:1:\"2\";s:10:\"leave_name\";s:10:\"Sick Leave\";s:17:\"empleave_used_day\";s:4:\"0.00\";s:22:\"empleave_available_day\";s:5:\"15.00\";s:19:\"empleave_substitute\";s:0:\"\";s:16:\"empleave_creadit\";s:5:\"15.00\";s:13:\"empleave_stat\";s:1:\"1\";s:15:\"leave_conv_cash\";s:3:\"Yes\";}}s:18:\"government_regular\";a:0:{}s:8:\"benefits\";a:0:{}s:10:\"amendments\";a:10:{i:0;a:1:{i:0;a:14:{s:6:\"psa_id\";s:2:\"24\";s:10:\"psamend_id\";s:1:\"1\";s:11:\"amendemp_id\";s:1:\"7\";s:8:\"psa_name\";s:9:\"Incentive\";s:12:\"psamend_desc\";s:26:\"Incentive for all employee\";s:8:\"psa_type\";s:1:\"1\";s:12:\"psamend_rate\";s:4:\"0.00\";s:13:\"psamend_units\";s:4:\"0.00\";s:14:\"psamend_amount\";s:4:\"0.00\";s:19:\"psamend_effect_date\";s:10:\"2012-01-03\";s:17:\"psamend_istaxable\";s:1:\"0\";s:7:\"psa_tax\";s:1:\"1\";s:13:\"psa_statutory\";s:1:\"0\";s:15:\"amendemp_amount\";s:7:\"1500.00\";}}i:1;N;s:16:\"total_TSAEarning\";s:4:\"0.00\";s:15:\"total_TAEarning\";s:7:\"1500.00\";s:15:\"total_SAEarning\";s:4:\"0.00\";s:17:\"total_NTSAEarning\";s:4:\"0.00\";s:18:\"total_TSADeduction\";s:4:\"0.00\";s:17:\"total_TADeduction\";s:4:\"0.00\";s:17:\"total_SADeduction\";s:4:\"0.00\";s:19:\"total_NTSADeduction\";s:4:\"0.00\";}s:7:\"pstotal\";a:18:{s:5:\"gross\";s:8:\"43160.28\";s:12:\"Basic Salary\";s:8:\"64234.81\";s:8:\"PGsalary\";s:8:\"41552.54\";s:23:\"gross_nontaxable_income\";s:4:\"0.00\";s:13:\"taxable_Gross\";s:8:\"42127.54\";s:9:\"Deduction\";s:8:\"11721.88\";s:17:\"SatutoryDeduction\";s:6:\"925.00\";s:7:\"W/H Tax\";s:8:\"10689.14\";s:13:\"aftertaxgross\";s:8:\"31438.40\";s:7:\"Net Pay\";s:8:\"31438.40\";s:20:\"other_taxable_income\";s:7:\"1500.00\";s:15:\"other_deduction\";s:4:\"0.00\";s:20:\"TotalEarning_payslip\";s:8:\"43160.28\";s:13:\"SumSABEarning\";s:4:\"0.00\";s:14:\"SumTSABEarning\";s:4:\"0.00\";s:15:\"SumTABDeduction\";s:4:\"0.00\";s:13:\"SumTABEarning\";s:7:\"1500.00\";s:13:\"BaseSTATGross\";s:8:\"41552.54\";}}}}','2012-05-21 11:46:27','jimabignay',NULL,NULL,1,0),(3,3,1,7,5,1,'a:2:{s:7:\"empinfo\";a:18:{s:6:\"emp_id\";s:1:\"7\";s:6:\"emp_no\";s:8:\"2011-188\";s:8:\"fullname\";s:23:\"Alicia May M. De Guzman\";s:7:\"jobcode\";s:7:\"PAYACCT\";s:11:\"jobpos_name\";s:18:\"Payable Accountant\";s:9:\"comp_name\";s:17:\"Company XYZ, Inc.\";s:8:\"comp_add\";s:51:\"Alcar Building, Brgy. Highway Hills, Las Pinas City\";s:7:\"ud_name\";s:11:\"Acctg Dept.\";s:11:\"tax_ex_name\";s:14:\"Married2 (ME2)\";s:7:\"comp_id\";s:1:\"1\";s:5:\"ud_id\";s:1:\"5\";s:12:\"emptype_name\";s:9:\"Rank File\";s:16:\"bankiemp_acct_no\";s:10:\"0189128541\";s:13:\"banklist_name\";s:3:\"BPI\";s:11:\"pi_emailone\";s:23:\"guzman@sample.email.com\";s:8:\"taxep_id\";s:2:\"10\";s:14:\"salaryclass_id\";s:1:\"4\";s:12:\"tt_pay_group\";s:1:\"3\";}s:13:\"paystubdetail\";a:2:{s:12:\"paystubsched\";a:8:{s:6:\"pps_id\";s:1:\"1\";s:8:\"pps_name\";s:12:\"Semi-Monthly\";s:12:\"payperiod_id\";s:1:\"1\";s:10:\"paystub_id\";s:1:\"3\";s:20:\"payperiod_start_date\";s:19:\"2011-12-26 00:00:00\";s:18:\"payperiod_end_date\";s:19:\"2012-01-10 23:59:00\";s:20:\"payperiod_trans_date\";s:19:\"2012-01-14 23:59:00\";s:11:\"schedSecond\";s:2:\"25\";}s:14:\"paystubaccount\";a:8:{s:7:\"earning\";a:6:{s:5:\"basic\";s:8:\"15000.00\";s:11:\"Regulartime\";d:7500;s:4:\"COLA\";N;s:10:\"COLAperDay\";N;s:9:\"totalDays\";N;s:2:\"OT\";a:4:{s:9:\"OTDetails\";N;s:10:\"TotalallOT\";s:4:\"0.00\";s:9:\"OTbackpay\";s:4:\"0.00\";s:12:\"SumAllOTRate\";s:4:\"0.00\";}}s:9:\"deduction\";a:8:{s:3:\"SSS\";s:6:\"250.00\";s:5:\"SSSER\";s:6:\"530.00\";s:5:\"SSSEC\";s:2:\"10\";s:10:\"PhilHealth\";s:5:\"87.50\";s:12:\"PhilHealthER\";s:5:\"87.50\";s:8:\"Pag-ibig\";i:50;s:10:\"Pag-ibigER\";i:50;s:6:\"Others\";N;}s:3:\"TUA\";a:2:{s:9:\"TADetails\";N;s:10:\"TotalLeave\";s:4:\"0.00\";}s:12:\"leave_record\";a:2:{i:0;a:9:{s:11:\"empleave_id\";s:1:\"5\";s:8:\"leave_id\";s:1:\"1\";s:10:\"leave_name\";s:14:\"Vacation Leave\";s:17:\"empleave_used_day\";s:4:\"0.00\";s:22:\"empleave_available_day\";s:4:\"6.00\";s:19:\"empleave_substitute\";s:0:\"\";s:16:\"empleave_creadit\";s:4:\"7.50\";s:13:\"empleave_stat\";s:1:\"1\";s:15:\"leave_conv_cash\";s:3:\"Yes\";}i:1;a:9:{s:11:\"empleave_id\";s:1:\"6\";s:8:\"leave_id\";s:1:\"2\";s:10:\"leave_name\";s:10:\"Sick Leave\";s:17:\"empleave_used_day\";s:4:\"0.00\";s:22:\"empleave_available_day\";s:4:\"7.00\";s:19:\"empleave_substitute\";s:0:\"\";s:16:\"empleave_creadit\";s:4:\"7.50\";s:13:\"empleave_stat\";s:1:\"1\";s:15:\"leave_conv_cash\";s:3:\"Yes\";}}s:18:\"government_regular\";a:0:{}s:8:\"benefits\";a:1:{i:0;a:18:{s:6:\"psa_id\";s:2:\"10\";s:6:\"ben_id\";s:1:\"9\";s:8:\"psa_name\";s:14:\"Meal Allowance\";s:8:\"psa_type\";s:1:\"1\";s:10:\"ben_amount\";s:4:\"2500\";s:13:\"ben_payperday\";s:4:\"1250\";s:13:\"ben_startdate\";s:10:\"2012-01-01\";s:11:\"ben_enddate\";s:10:\"0000-00-00\";s:11:\"ben_isfixed\";s:1:\"0\";s:11:\"ben_suspend\";s:1:\"0\";s:19:\"ben_periodselection\";s:9:\"1,1,0,0,0\";s:12:\"psa_priority\";s:1:\"0\";s:7:\"psa_tax\";s:1:\"0\";s:13:\"psa_statutory\";s:1:\"0\";s:5:\"year_\";s:4:\"2012\";s:6:\"month_\";s:2:\"01\";s:8:\"yearend_\";s:4:\"0000\";s:9:\"monthend_\";s:2:\"00\";}}s:10:\"amendments\";a:10:{i:0;a:1:{i:0;a:14:{s:6:\"psa_id\";s:2:\"24\";s:10:\"psamend_id\";s:1:\"1\";s:11:\"amendemp_id\";s:1:\"2\";s:8:\"psa_name\";s:9:\"Incentive\";s:12:\"psamend_desc\";s:26:\"Incentive for all employee\";s:8:\"psa_type\";s:1:\"1\";s:12:\"psamend_rate\";s:4:\"0.00\";s:13:\"psamend_units\";s:4:\"0.00\";s:14:\"psamend_amount\";s:4:\"0.00\";s:19:\"psamend_effect_date\";s:10:\"2012-01-03\";s:17:\"psamend_istaxable\";s:1:\"0\";s:7:\"psa_tax\";s:1:\"1\";s:13:\"psa_statutory\";s:1:\"0\";s:15:\"amendemp_amount\";s:7:\"1500.00\";}}i:1;N;s:16:\"total_TSAEarning\";s:4:\"0.00\";s:15:\"total_TAEarning\";s:7:\"1500.00\";s:15:\"total_SAEarning\";s:4:\"0.00\";s:17:\"total_NTSAEarning\";s:4:\"0.00\";s:18:\"total_TSADeduction\";s:4:\"0.00\";s:17:\"total_TADeduction\";s:4:\"0.00\";s:17:\"total_SADeduction\";s:4:\"0.00\";s:19:\"total_NTSADeduction\";s:4:\"0.00\";}s:7:\"pstotal\";a:18:{s:5:\"gross\";s:8:\"10250.00\";s:12:\"Basic Salary\";s:8:\"15000.00\";s:8:\"PGsalary\";s:7:\"7500.00\";s:23:\"gross_nontaxable_income\";s:7:\"1250.00\";s:13:\"taxable_Gross\";s:7:\"8612.50\";s:9:\"Deduction\";s:7:\"1047.57\";s:17:\"SatutoryDeduction\";s:6:\"387.50\";s:7:\"W/H Tax\";s:6:\"660.07\";s:13:\"aftertaxgross\";s:7:\"7952.43\";s:7:\"Net Pay\";s:7:\"9202.43\";s:20:\"other_taxable_income\";s:7:\"1500.00\";s:15:\"other_deduction\";s:4:\"0.00\";s:20:\"TotalEarning_payslip\";s:8:\"10250.00\";s:13:\"SumSABEarning\";s:4:\"0.00\";s:14:\"SumTSABEarning\";s:4:\"0.00\";s:15:\"SumTABDeduction\";s:4:\"0.00\";s:13:\"SumTABEarning\";s:7:\"1500.00\";s:13:\"BaseSTATGross\";s:7:\"7500.00\";}}}}','2012-05-21 11:46:27','jimabignay',NULL,NULL,1,0),(4,4,1,2,3,1,'a:2:{s:7:\"empinfo\";a:18:{s:6:\"emp_id\";s:1:\"2\";s:6:\"emp_no\";s:8:\"2009-075\";s:8:\"fullname\";s:16:\"Jessa A. De leon\";s:7:\"jobcode\";s:10:\"MEMBERSHIP\";s:11:\"jobpos_name\";s:18:\"Membership Officer\";s:9:\"comp_name\";s:17:\"Company XYZ, Inc.\";s:8:\"comp_add\";s:51:\"Alcar Building, Brgy. Highway Hills, Las Pinas City\";s:7:\"ud_name\";s:8:\"IT Dept.\";s:11:\"tax_ex_name\";s:12:\"Married (ME)\";s:7:\"comp_id\";s:1:\"1\";s:5:\"ud_id\";s:1:\"3\";s:12:\"emptype_name\";s:9:\"Rank File\";s:16:\"bankiemp_acct_no\";s:10:\"0189096062\";s:13:\"banklist_name\";s:3:\"BPI\";s:11:\"pi_emailone\";s:21:\"leon@sample.email.com\";s:8:\"taxep_id\";s:1:\"8\";s:14:\"salaryclass_id\";s:1:\"4\";s:12:\"tt_pay_group\";s:1:\"3\";}s:13:\"paystubdetail\";a:2:{s:12:\"paystubsched\";a:8:{s:6:\"pps_id\";s:1:\"1\";s:8:\"pps_name\";s:12:\"Semi-Monthly\";s:12:\"payperiod_id\";s:1:\"1\";s:10:\"paystub_id\";s:1:\"4\";s:20:\"payperiod_start_date\";s:19:\"2011-12-26 00:00:00\";s:18:\"payperiod_end_date\";s:19:\"2012-01-10 23:59:00\";s:20:\"payperiod_trans_date\";s:19:\"2012-01-14 23:59:00\";s:11:\"schedSecond\";s:2:\"25\";}s:14:\"paystubaccount\";a:8:{s:7:\"earning\";a:6:{s:5:\"basic\";s:8:\"11344.32\";s:11:\"Regulartime\";d:5672.15999999999985448084771633148193359375;s:4:\"COLA\";N;s:10:\"COLAperDay\";N;s:9:\"totalDays\";N;s:2:\"OT\";a:4:{s:9:\"OTDetails\";N;s:10:\"TotalallOT\";s:4:\"0.00\";s:9:\"OTbackpay\";s:4:\"0.00\";s:12:\"SumAllOTRate\";s:4:\"0.00\";}}s:9:\"deduction\";a:8:{s:3:\"SSS\";s:6:\"183.30\";s:5:\"SSSER\";s:6:\"388.70\";s:5:\"SSSEC\";s:2:\"10\";s:10:\"PhilHealth\";s:5:\"62.50\";s:12:\"PhilHealthER\";s:5:\"62.50\";s:8:\"Pag-ibig\";i:50;s:10:\"Pag-ibigER\";i:50;s:6:\"Others\";N;}s:3:\"TUA\";a:2:{s:9:\"TADetails\";a:1:{i:0;a:7:{s:12:\"emp_tarec_id\";s:1:\"7\";s:7:\"ta_name\";s:4:\"Late\";s:4:\"type\";s:1:\"1\";s:11:\"totaltimehr\";s:4:\"0.10\";s:8:\"ratetype\";s:1:\"H\";s:9:\"rateperDH\";d:54.36575079872203986042222823016345500946044921875;s:8:\"taamount\";d:5.4365750798722043413135907030664384365081787109375;}}s:10:\"TotalLeave\";s:4:\"5.44\";}s:12:\"leave_record\";a:2:{i:0;a:9:{s:11:\"empleave_id\";s:1:\"7\";s:8:\"leave_id\";s:1:\"1\";s:10:\"leave_name\";s:14:\"Vacation Leave\";s:17:\"empleave_used_day\";s:4:\"1.50\";s:22:\"empleave_available_day\";s:4:\"8.50\";s:19:\"empleave_substitute\";s:0:\"\";s:16:\"empleave_creadit\";s:5:\"15.00\";s:13:\"empleave_stat\";s:1:\"1\";s:15:\"leave_conv_cash\";s:3:\"Yes\";}i:1;a:9:{s:11:\"empleave_id\";s:1:\"8\";s:8:\"leave_id\";s:1:\"2\";s:10:\"leave_name\";s:10:\"Sick Leave\";s:17:\"empleave_used_day\";s:4:\"0.00\";s:22:\"empleave_available_day\";s:5:\"13.00\";s:19:\"empleave_substitute\";s:0:\"\";s:16:\"empleave_creadit\";s:5:\"15.00\";s:13:\"empleave_stat\";s:1:\"1\";s:15:\"leave_conv_cash\";s:3:\"Yes\";}}s:18:\"government_regular\";a:2:{i:0;a:27:{s:7:\"loan_id\";s:1:\"3\";s:11:\"loantype_id\";s:1:\"1\";s:6:\"psa_id\";s:1:\"9\";s:6:\"emp_id\";s:1:\"2\";s:15:\"loan_voucher_no\";s:10:\"0019017934\";s:19:\"loan_datepromissory\";s:10:\"2011-09-01\";s:14:\"loan_dategrant\";s:10:\"2011-09-01\";s:14:\"loan_principal\";s:8:\"11500.00\";s:19:\"loan_interestamount\";s:6:\"575.00\";s:17:\"loan_interestperc\";s:4:\"5.00\";s:25:\"loan_monthly_amortization\";s:6:\"503.12\";s:17:\"loan_payperperiod\";s:6:\"251.56\";s:8:\"loan_ytd\";s:7:\"2012.48\";s:12:\"loan_balance\";s:7:\"8804.60\";s:14:\"loan_startdate\";s:16:\"2011-November-01\";s:12:\"loan_enddate\";s:12:\"October 2013\";s:11:\"loan_addwho\";s:10:\"jimabignay\";s:12:\"loan_addwhen\";s:19:\"2011-12-19 15:58:24\";s:14:\"loan_updatewho\";s:5:\"admin\";s:15:\"loan_updatewhen\";s:19:\"2012-05-11 00:00:00\";s:12:\"loan_suspend\";s:1:\"0\";s:10:\"loan_total\";s:8:\"12075.00\";s:16:\"loan_numofmonths\";s:2:\"24\";s:20:\"loan_periodselection\";s:9:\"1,1,0,0,0\";s:8:\"psa_name\";s:8:\"SSS Loan\";s:6:\"month_\";s:8:\"November\";s:5:\"year_\";s:4:\"2011\";}i:1;a:27:{s:7:\"loan_id\";s:1:\"4\";s:11:\"loantype_id\";s:1:\"5\";s:6:\"psa_id\";s:2:\"13\";s:6:\"emp_id\";s:1:\"2\";s:15:\"loan_voucher_no\";s:12:\"28B 332805 M\";s:19:\"loan_datepromissory\";s:10:\"2011-05-27\";s:14:\"loan_dategrant\";s:10:\"2011-05-30\";s:14:\"loan_principal\";s:7:\"3146.38\";s:19:\"loan_interestamount\";s:6:\"723.67\";s:17:\"loan_interestperc\";s:5:\"23.00\";s:25:\"loan_monthly_amortization\";s:6:\"161.64\";s:17:\"loan_payperperiod\";s:5:\"80.82\";s:8:\"loan_ytd\";s:6:\"646.56\";s:12:\"loan_balance\";s:7:\"2262.83\";s:14:\"loan_startdate\";s:12:\"2011-July-01\";s:12:\"loan_enddate\";s:9:\"June 2013\";s:11:\"loan_addwho\";s:10:\"jimabignay\";s:12:\"loan_addwhen\";s:19:\"2011-12-19 16:00:59\";s:14:\"loan_updatewho\";s:5:\"admin\";s:15:\"loan_updatewhen\";s:19:\"2012-05-11 00:00:00\";s:12:\"loan_suspend\";s:1:\"0\";s:10:\"loan_total\";s:7:\"3879.23\";s:16:\"loan_numofmonths\";s:2:\"24\";s:20:\"loan_periodselection\";s:9:\"1,1,0,0,0\";s:8:\"psa_name\";s:9:\"HDMF Loan\";s:6:\"month_\";s:4:\"July\";s:5:\"year_\";s:4:\"2011\";}}s:8:\"benefits\";a:0:{}s:10:\"amendments\";a:10:{i:0;a:1:{i:0;a:14:{s:6:\"psa_id\";s:2:\"24\";s:10:\"psamend_id\";s:1:\"1\";s:11:\"amendemp_id\";s:1:\"6\";s:8:\"psa_name\";s:9:\"Incentive\";s:12:\"psamend_desc\";s:26:\"Incentive for all employee\";s:8:\"psa_type\";s:1:\"1\";s:12:\"psamend_rate\";s:4:\"0.00\";s:13:\"psamend_units\";s:4:\"0.00\";s:14:\"psamend_amount\";s:4:\"0.00\";s:19:\"psamend_effect_date\";s:10:\"2012-01-03\";s:17:\"psamend_istaxable\";s:1:\"0\";s:7:\"psa_tax\";s:1:\"1\";s:13:\"psa_statutory\";s:1:\"0\";s:15:\"amendemp_amount\";s:7:\"1000.00\";}}i:1;N;s:16:\"total_TSAEarning\";s:4:\"0.00\";s:15:\"total_TAEarning\";s:7:\"1000.00\";s:15:\"total_SAEarning\";s:4:\"0.00\";s:17:\"total_NTSAEarning\";s:4:\"0.00\";s:18:\"total_TSADeduction\";s:4:\"0.00\";s:17:\"total_TADeduction\";s:4:\"0.00\";s:17:\"total_SADeduction\";s:4:\"0.00\";s:19:\"total_NTSADeduction\";s:4:\"0.00\";}s:7:\"pstotal\";a:18:{s:5:\"gross\";s:7:\"6672.16\";s:12:\"Basic Salary\";s:8:\"11344.32\";s:8:\"PGsalary\";s:7:\"5666.72\";s:23:\"gross_nontaxable_income\";s:4:\"0.00\";s:13:\"taxable_Gross\";s:7:\"6370.92\";s:9:\"Deduction\";s:6:\"633.62\";s:17:\"SatutoryDeduction\";s:6:\"295.80\";s:7:\"W/H Tax\";s:4:\"0.00\";s:13:\"aftertaxgross\";s:7:\"6370.92\";s:7:\"Net Pay\";s:7:\"6038.54\";s:20:\"other_taxable_income\";s:7:\"1000.00\";s:15:\"other_deduction\";s:6:\"332.38\";s:20:\"TotalEarning_payslip\";s:7:\"6672.16\";s:13:\"SumSABEarning\";s:4:\"0.00\";s:14:\"SumTSABEarning\";s:4:\"0.00\";s:15:\"SumTABDeduction\";s:4:\"0.00\";s:13:\"SumTABEarning\";s:7:\"1000.00\";s:13:\"BaseSTATGross\";s:7:\"5666.72\";}}}}','2012-05-21 11:46:27','jimabignay',NULL,NULL,1,0),(5,5,1,9,5,1,'a:2:{s:7:\"empinfo\";a:18:{s:6:\"emp_id\";s:1:\"9\";s:6:\"emp_no\";s:8:\"2011-195\";s:8:\"fullname\";s:19:\"Christine S. Mabini\";s:7:\"jobcode\";s:9:\"ACCTGMNGR\";s:11:\"jobpos_name\";s:18:\"Accounting Manager\";s:9:\"comp_name\";s:17:\"Company XYZ, Inc.\";s:8:\"comp_add\";s:51:\"Alcar Building, Brgy. Highway Hills, Las Pinas City\";s:7:\"ud_name\";s:11:\"Acctg Dept.\";s:11:\"tax_ex_name\";s:14:\"Married4 (ME4)\";s:7:\"comp_id\";s:1:\"1\";s:5:\"ud_id\";s:1:\"5\";s:12:\"emptype_name\";s:7:\"Manager\";s:16:\"bankiemp_acct_no\";s:10:\"0189130694\";s:13:\"banklist_name\";s:3:\"BPI\";s:11:\"pi_emailone\";s:23:\"mabini@sample.email.com\";s:8:\"taxep_id\";s:2:\"12\";s:14:\"salaryclass_id\";s:1:\"4\";s:12:\"tt_pay_group\";s:1:\"3\";}s:13:\"paystubdetail\";a:2:{s:12:\"paystubsched\";a:8:{s:6:\"pps_id\";s:1:\"1\";s:8:\"pps_name\";s:12:\"Semi-Monthly\";s:12:\"payperiod_id\";s:1:\"1\";s:10:\"paystub_id\";s:1:\"5\";s:20:\"payperiod_start_date\";s:19:\"2011-12-26 00:00:00\";s:18:\"payperiod_end_date\";s:19:\"2012-01-10 23:59:00\";s:20:\"payperiod_trans_date\";s:19:\"2012-01-14 23:59:00\";s:11:\"schedSecond\";s:2:\"25\";}s:14:\"paystubaccount\";a:8:{s:7:\"earning\";a:6:{s:5:\"basic\";s:8:\"49000.00\";s:11:\"Regulartime\";d:24500;s:4:\"COLA\";N;s:10:\"COLAperDay\";N;s:9:\"totalDays\";N;s:2:\"OT\";a:4:{s:9:\"OTDetails\";a:3:{i:0;a:7:{s:8:\"otrec_id\";s:2:\"12\";s:7:\"ot_name\";s:7:\"Holiday\";s:4:\"rate\";s:1:\"2\";s:11:\"totaltimehr\";s:4:\"8.00\";s:8:\"ratephrs\";d:234.824281150159748676742310635745525360107421875;s:9:\"rateperhr\";d:469.64856230031949735348462127149105072021484375;s:8:\"otamount\";s:7:\"3757.19\";}i:1;a:7:{s:8:\"otrec_id\";s:2:\"11\";s:7:\"ot_name\";s:4:\"NDX8\";s:4:\"rate\";s:5:\"1.375\";s:11:\"totaltimehr\";s:4:\"0.95\";s:8:\"ratephrs\";d:234.824281150159748676742310635745525360107421875;s:9:\"rateperhr\";d:322.88338658146966508866171352565288543701171875;s:8:\"otamount\";s:6:\"306.74\";}i:2;a:7:{s:8:\"otrec_id\";s:2:\"10\";s:7:\"ot_name\";s:3:\"ROT\";s:4:\"rate\";s:4:\"1.25\";s:11:\"totaltimehr\";s:4:\"3.00\";s:8:\"ratephrs\";d:234.824281150159748676742310635745525360107421875;s:9:\"rateperhr\";d:293.53035143769966452964581549167633056640625;s:8:\"otamount\";s:6:\"880.59\";}}s:10:\"TotalallOT\";s:7:\"4944.52\";s:9:\"OTbackpay\";s:4:\"0.00\";s:12:\"SumAllOTRate\";s:7:\"4944.52\";}}s:9:\"deduction\";a:8:{s:3:\"SSS\";s:6:\"500.00\";s:5:\"SSSER\";s:7:\"1060.00\";s:5:\"SSSEC\";s:2:\"30\";s:10:\"PhilHealth\";s:6:\"337.50\";s:12:\"PhilHealthER\";s:6:\"337.50\";s:8:\"Pag-ibig\";i:50;s:10:\"Pag-ibigER\";i:50;s:6:\"Others\";N;}s:3:\"TUA\";a:2:{s:9:\"TADetails\";a:1:{i:0;a:7:{s:12:\"emp_tarec_id\";s:1:\"8\";s:7:\"ta_name\";s:27:\"Authorized absence - no pay\";s:4:\"type\";s:1:\"2\";s:11:\"totaltimehr\";s:4:\"1.00\";s:8:\"ratetype\";s:1:\"D\";s:9:\"rateperDH\";d:1878.594249201277989413938485085964202880859375;s:8:\"taamount\";d:1878.594249201277989413938485085964202880859375;}}s:10:\"TotalLeave\";s:7:\"1878.59\";}s:12:\"leave_record\";a:0:{}s:18:\"government_regular\";a:0:{}s:8:\"benefits\";N;s:10:\"amendments\";a:10:{i:0;a:1:{i:0;a:14:{s:6:\"psa_id\";s:2:\"24\";s:10:\"psamend_id\";s:1:\"1\";s:11:\"amendemp_id\";s:1:\"4\";s:8:\"psa_name\";s:9:\"Incentive\";s:12:\"psamend_desc\";s:26:\"Incentive for all employee\";s:8:\"psa_type\";s:1:\"1\";s:12:\"psamend_rate\";s:4:\"0.00\";s:13:\"psamend_units\";s:4:\"0.00\";s:14:\"psamend_amount\";s:4:\"0.00\";s:19:\"psamend_effect_date\";s:10:\"2012-01-03\";s:17:\"psamend_istaxable\";s:1:\"0\";s:7:\"psa_tax\";s:1:\"1\";s:13:\"psa_statutory\";s:1:\"0\";s:15:\"amendemp_amount\";s:7:\"2500.00\";}}i:1;N;s:16:\"total_TSAEarning\";s:4:\"0.00\";s:15:\"total_TAEarning\";s:7:\"2500.00\";s:15:\"total_SAEarning\";s:4:\"0.00\";s:17:\"total_NTSAEarning\";s:4:\"0.00\";s:18:\"total_TSADeduction\";s:4:\"0.00\";s:17:\"total_TADeduction\";s:4:\"0.00\";s:17:\"total_SADeduction\";s:4:\"0.00\";s:19:\"total_NTSADeduction\";s:4:\"0.00\";}s:7:\"pstotal\";a:18:{s:5:\"gross\";s:8:\"31944.52\";s:12:\"Basic Salary\";s:8:\"49000.00\";s:8:\"PGsalary\";s:8:\"27565.93\";s:23:\"gross_nontaxable_income\";s:4:\"0.00\";s:13:\"taxable_Gross\";s:8:\"29178.43\";s:9:\"Deduction\";s:7:\"8644.96\";s:17:\"SatutoryDeduction\";s:6:\"887.50\";s:7:\"W/H Tax\";s:7:\"5878.87\";s:13:\"aftertaxgross\";s:8:\"23299.56\";s:7:\"Net Pay\";s:8:\"23299.56\";s:20:\"other_taxable_income\";s:7:\"2500.00\";s:15:\"other_deduction\";s:4:\"0.00\";s:20:\"TotalEarning_payslip\";s:8:\"31944.52\";s:13:\"SumSABEarning\";s:4:\"0.00\";s:14:\"SumTSABEarning\";s:4:\"0.00\";s:15:\"SumTABDeduction\";s:4:\"0.00\";s:13:\"SumTABEarning\";s:7:\"2500.00\";s:13:\"BaseSTATGross\";s:8:\"27565.93\";}}}}','2012-05-21 11:46:27','jimabignay',NULL,NULL,1,0),(6,6,1,8,5,1,'a:2:{s:7:\"empinfo\";a:18:{s:6:\"emp_id\";s:1:\"8\";s:6:\"emp_no\";s:8:\"2011-182\";s:8:\"fullname\";s:17:\"Anna Liza A. Misa\";s:7:\"jobcode\";s:7:\"RECACCT\";s:11:\"jobpos_name\";s:21:\"Receivable Accountant\";s:9:\"comp_name\";s:17:\"Company XYZ, Inc.\";s:8:\"comp_add\";s:51:\"Alcar Building, Brgy. Highway Hills, Las Pinas City\";s:7:\"ud_name\";s:11:\"Acctg Dept.\";s:11:\"tax_ex_name\";s:12:\"Married (ME)\";s:7:\"comp_id\";s:1:\"1\";s:5:\"ud_id\";s:1:\"5\";s:12:\"emptype_name\";s:9:\"Rank File\";s:16:\"bankiemp_acct_no\";s:10:\"0189124996\";s:13:\"banklist_name\";s:3:\"BPI\";s:11:\"pi_emailone\";s:0:\"\";s:8:\"taxep_id\";s:1:\"8\";s:14:\"salaryclass_id\";s:1:\"4\";s:12:\"tt_pay_group\";s:1:\"3\";}s:13:\"paystubdetail\";a:2:{s:12:\"paystubsched\";a:8:{s:6:\"pps_id\";s:1:\"1\";s:8:\"pps_name\";s:12:\"Semi-Monthly\";s:12:\"payperiod_id\";s:1:\"1\";s:10:\"paystub_id\";s:1:\"6\";s:20:\"payperiod_start_date\";s:19:\"2011-12-26 00:00:00\";s:18:\"payperiod_end_date\";s:19:\"2012-01-10 23:59:00\";s:20:\"payperiod_trans_date\";s:19:\"2012-01-14 23:59:00\";s:11:\"schedSecond\";s:2:\"25\";}s:14:\"paystubaccount\";a:8:{s:7:\"earning\";a:6:{s:5:\"basic\";s:8:\"30000.00\";s:11:\"Regulartime\";d:15000;s:4:\"COLA\";N;s:10:\"COLAperDay\";N;s:9:\"totalDays\";N;s:2:\"OT\";a:4:{s:9:\"OTDetails\";N;s:10:\"TotalallOT\";s:4:\"0.00\";s:9:\"OTbackpay\";s:4:\"0.00\";s:12:\"SumAllOTRate\";s:4:\"0.00\";}}s:9:\"deduction\";a:8:{s:3:\"SSS\";s:6:\"500.00\";s:5:\"SSSER\";s:7:\"1060.00\";s:5:\"SSSEC\";s:2:\"30\";s:10:\"PhilHealth\";s:6:\"175.00\";s:12:\"PhilHealthER\";s:6:\"175.00\";s:8:\"Pag-ibig\";i:50;s:10:\"Pag-ibigER\";i:50;s:6:\"Others\";N;}s:3:\"TUA\";a:2:{s:9:\"TADetails\";a:1:{i:0;a:7:{s:12:\"emp_tarec_id\";s:1:\"9\";s:7:\"ta_name\";s:4:\"Late\";s:4:\"type\";s:1:\"1\";s:11:\"totaltimehr\";s:4:\"0.32\";s:8:\"ratetype\";s:1:\"H\";s:9:\"rateperDH\";d:143.76996805111821231548674404621124267578125;s:8:\"taamount\";d:46.00638977635782822517285239882767200469970703125;}}s:10:\"TotalLeave\";s:5:\"46.01\";}s:12:\"leave_record\";a:2:{i:0;a:9:{s:11:\"empleave_id\";s:1:\"9\";s:8:\"leave_id\";s:1:\"1\";s:10:\"leave_name\";s:14:\"Vacation Leave\";s:17:\"empleave_used_day\";s:4:\"0.00\";s:22:\"empleave_available_day\";s:4:\"7.50\";s:19:\"empleave_substitute\";s:0:\"\";s:16:\"empleave_creadit\";s:5:\"15.00\";s:13:\"empleave_stat\";s:1:\"1\";s:15:\"leave_conv_cash\";s:3:\"Yes\";}i:1;a:9:{s:11:\"empleave_id\";s:2:\"10\";s:8:\"leave_id\";s:1:\"2\";s:10:\"leave_name\";s:10:\"Sick Leave\";s:17:\"empleave_used_day\";s:4:\"0.00\";s:22:\"empleave_available_day\";s:5:\"10.00\";s:19:\"empleave_substitute\";s:0:\"\";s:16:\"empleave_creadit\";s:5:\"15.00\";s:13:\"empleave_stat\";s:1:\"1\";s:15:\"leave_conv_cash\";s:3:\"Yes\";}}s:18:\"government_regular\";a:1:{i:0;a:27:{s:7:\"loan_id\";s:1:\"1\";s:11:\"loantype_id\";s:1:\"1\";s:6:\"psa_id\";s:1:\"9\";s:6:\"emp_id\";s:1:\"8\";s:15:\"loan_voucher_no\";s:10:\"0019115657\";s:19:\"loan_datepromissory\";s:10:\"2011-09-28\";s:14:\"loan_dategrant\";s:10:\"2011-09-28\";s:14:\"loan_principal\";s:8:\"24000.00\";s:19:\"loan_interestamount\";s:7:\"1200.00\";s:17:\"loan_interestperc\";s:4:\"5.00\";s:25:\"loan_monthly_amortization\";s:7:\"1050.00\";s:17:\"loan_payperperiod\";s:6:\"525.00\";s:8:\"loan_ytd\";s:7:\"4200.00\";s:12:\"loan_balance\";s:8:\"18375.00\";s:14:\"loan_startdate\";s:16:\"2011-November-01\";s:12:\"loan_enddate\";s:12:\"October 2013\";s:11:\"loan_addwho\";s:10:\"jimabignay\";s:12:\"loan_addwhen\";s:19:\"2011-12-19 15:19:25\";s:14:\"loan_updatewho\";s:5:\"admin\";s:15:\"loan_updatewhen\";s:19:\"2012-05-11 00:00:00\";s:12:\"loan_suspend\";s:1:\"0\";s:10:\"loan_total\";s:8:\"25200.00\";s:16:\"loan_numofmonths\";s:2:\"24\";s:20:\"loan_periodselection\";s:9:\"1,1,0,0,0\";s:8:\"psa_name\";s:8:\"SSS Loan\";s:6:\"month_\";s:8:\"November\";s:5:\"year_\";s:4:\"2011\";}}s:8:\"benefits\";a:0:{}s:10:\"amendments\";a:10:{i:0;a:1:{i:0;a:14:{s:6:\"psa_id\";s:2:\"24\";s:10:\"psamend_id\";s:1:\"1\";s:11:\"amendemp_id\";s:1:\"3\";s:8:\"psa_name\";s:9:\"Incentive\";s:12:\"psamend_desc\";s:26:\"Incentive for all employee\";s:8:\"psa_type\";s:1:\"1\";s:12:\"psamend_rate\";s:4:\"0.00\";s:13:\"psamend_units\";s:4:\"0.00\";s:14:\"psamend_amount\";s:4:\"0.00\";s:19:\"psamend_effect_date\";s:10:\"2012-01-03\";s:17:\"psamend_istaxable\";s:1:\"0\";s:7:\"psa_tax\";s:1:\"1\";s:13:\"psa_statutory\";s:1:\"0\";s:15:\"amendemp_amount\";s:7:\"1500.00\";}}i:1;N;s:16:\"total_TSAEarning\";s:4:\"0.00\";s:15:\"total_TAEarning\";s:7:\"1500.00\";s:15:\"total_SAEarning\";s:4:\"0.00\";s:17:\"total_NTSAEarning\";s:4:\"0.00\";s:18:\"total_TSADeduction\";s:4:\"0.00\";s:17:\"total_TADeduction\";s:4:\"0.00\";s:17:\"total_SADeduction\";s:4:\"0.00\";s:19:\"total_NTSADeduction\";s:4:\"0.00\";}s:7:\"pstotal\";a:18:{s:5:\"gross\";s:8:\"16500.00\";s:12:\"Basic Salary\";s:8:\"30000.00\";s:8:\"PGsalary\";s:8:\"14953.99\";s:23:\"gross_nontaxable_income\";s:4:\"0.00\";s:13:\"taxable_Gross\";s:8:\"15728.99\";s:9:\"Deduction\";s:7:\"4348.04\";s:17:\"SatutoryDeduction\";s:6:\"725.00\";s:7:\"W/H Tax\";s:7:\"3052.03\";s:13:\"aftertaxgross\";s:8:\"12676.96\";s:7:\"Net Pay\";s:8:\"12151.96\";s:20:\"other_taxable_income\";s:7:\"1500.00\";s:15:\"other_deduction\";s:6:\"525.00\";s:20:\"TotalEarning_payslip\";s:8:\"16500.00\";s:13:\"SumSABEarning\";s:4:\"0.00\";s:14:\"SumTSABEarning\";s:4:\"0.00\";s:15:\"SumTABDeduction\";s:4:\"0.00\";s:13:\"SumTABEarning\";s:7:\"1500.00\";s:13:\"BaseSTATGross\";s:8:\"14953.99\";}}}}','2012-05-21 11:46:27','jimabignay',NULL,NULL,1,0),(7,7,1,1,6,1,'a:2:{s:7:\"empinfo\";a:18:{s:6:\"emp_id\";s:1:\"1\";s:6:\"emp_no\";s:8:\"2011-191\";s:8:\"fullname\";s:18:\"Mary Grace R. Mooc\";s:7:\"jobcode\";s:3:\"HRM\";s:11:\"jobpos_name\";s:23:\"Human Resources Manager\";s:9:\"comp_name\";s:17:\"Company XYZ, Inc.\";s:8:\"comp_add\";s:51:\"Alcar Building, Brgy. Highway Hills, Las Pinas City\";s:7:\"ud_name\";s:8:\"HR Dept.\";s:11:\"tax_ex_name\";s:14:\"Married1 (ME1)\";s:7:\"comp_id\";s:1:\"1\";s:5:\"ud_id\";s:1:\"6\";s:12:\"emptype_name\";s:7:\"Manager\";s:16:\"bankiemp_acct_no\";s:10:\"4169124375\";s:13:\"banklist_name\";s:3:\"BPI\";s:11:\"pi_emailone\";s:21:\"mooc@sample.email.com\";s:8:\"taxep_id\";s:1:\"9\";s:14:\"salaryclass_id\";s:1:\"4\";s:12:\"tt_pay_group\";s:1:\"3\";}s:13:\"paystubdetail\";a:2:{s:12:\"paystubsched\";a:8:{s:6:\"pps_id\";s:1:\"1\";s:8:\"pps_name\";s:12:\"Semi-Monthly\";s:12:\"payperiod_id\";s:1:\"1\";s:10:\"paystub_id\";s:1:\"7\";s:20:\"payperiod_start_date\";s:19:\"2011-12-26 00:00:00\";s:18:\"payperiod_end_date\";s:19:\"2012-01-10 23:59:00\";s:20:\"payperiod_trans_date\";s:19:\"2012-01-14 23:59:00\";s:11:\"schedSecond\";s:2:\"25\";}s:14:\"paystubaccount\";a:8:{s:7:\"earning\";a:6:{s:5:\"basic\";s:8:\"35000.00\";s:11:\"Regulartime\";d:17500;s:4:\"COLA\";N;s:10:\"COLAperDay\";N;s:9:\"totalDays\";N;s:2:\"OT\";a:4:{s:9:\"OTDetails\";a:2:{i:0;a:7:{s:8:\"otrec_id\";s:2:\"14\";s:7:\"ot_name\";s:7:\"Holiday\";s:4:\"rate\";s:1:\"2\";s:11:\"totaltimehr\";s:4:\"8.00\";s:8:\"ratephrs\";d:167.731629392971257175304344855248928070068359375;s:9:\"rateperhr\";d:335.46325878594251435060868971049785614013671875;s:8:\"otamount\";s:7:\"2683.71\";}i:1;a:7:{s:8:\"otrec_id\";s:2:\"13\";s:7:\"ot_name\";s:3:\"ROT\";s:4:\"rate\";s:4:\"1.25\";s:11:\"totaltimehr\";s:4:\"1.00\";s:8:\"ratephrs\";d:167.731629392971257175304344855248928070068359375;s:9:\"rateperhr\";d:209.664536741214078574557788670063018798828125;s:8:\"otamount\";s:6:\"209.66\";}}s:10:\"TotalallOT\";s:7:\"2893.37\";s:9:\"OTbackpay\";s:4:\"0.00\";s:12:\"SumAllOTRate\";s:7:\"2893.37\";}}s:9:\"deduction\";a:8:{s:3:\"SSS\";s:6:\"500.00\";s:5:\"SSSER\";s:7:\"1060.00\";s:5:\"SSSEC\";s:2:\"30\";s:10:\"PhilHealth\";s:6:\"250.00\";s:12:\"PhilHealthER\";s:6:\"250.00\";s:8:\"Pag-ibig\";i:50;s:10:\"Pag-ibigER\";i:50;s:6:\"Others\";N;}s:3:\"TUA\";a:2:{s:9:\"TADetails\";a:1:{i:0;a:7:{s:12:\"emp_tarec_id\";s:2:\"10\";s:7:\"ta_name\";s:4:\"Late\";s:4:\"type\";s:1:\"1\";s:11:\"totaltimehr\";s:4:\"0.65\";s:8:\"ratetype\";s:1:\"H\";s:9:\"rateperDH\";d:167.731629392971257175304344855248928070068359375;s:8:\"taamount\";d:109.0255591054313271115461247973144054412841796875;}}s:10:\"TotalLeave\";s:6:\"109.03\";}s:12:\"leave_record\";a:2:{i:0;a:9:{s:11:\"empleave_id\";s:2:\"11\";s:8:\"leave_id\";s:1:\"1\";s:10:\"leave_name\";s:14:\"Vacation Leave\";s:17:\"empleave_used_day\";s:4:\"0.00\";s:22:\"empleave_available_day\";s:4:\"3.00\";s:19:\"empleave_substitute\";s:0:\"\";s:16:\"empleave_creadit\";s:5:\"15.00\";s:13:\"empleave_stat\";s:1:\"1\";s:15:\"leave_conv_cash\";s:3:\"Yes\";}i:1;a:9:{s:11:\"empleave_id\";s:2:\"12\";s:8:\"leave_id\";s:1:\"2\";s:10:\"leave_name\";s:10:\"Sick Leave\";s:17:\"empleave_used_day\";s:4:\"0.00\";s:22:\"empleave_available_day\";s:4:\"2.00\";s:19:\"empleave_substitute\";s:0:\"\";s:16:\"empleave_creadit\";s:5:\"15.00\";s:13:\"empleave_stat\";s:1:\"1\";s:15:\"leave_conv_cash\";s:3:\"Yes\";}}s:18:\"government_regular\";a:1:{i:0;a:27:{s:7:\"loan_id\";s:1:\"2\";s:11:\"loantype_id\";s:1:\"1\";s:6:\"psa_id\";s:1:\"9\";s:6:\"emp_id\";s:1:\"1\";s:15:\"loan_voucher_no\";s:10:\"0019115658\";s:19:\"loan_datepromissory\";s:10:\"2011-09-28\";s:14:\"loan_dategrant\";s:10:\"2011-09-28\";s:14:\"loan_principal\";s:8:\"24000.00\";s:19:\"loan_interestamount\";s:7:\"1200.00\";s:17:\"loan_interestperc\";s:4:\"5.00\";s:25:\"loan_monthly_amortization\";s:7:\"1050.00\";s:17:\"loan_payperperiod\";s:6:\"525.00\";s:8:\"loan_ytd\";s:7:\"4200.00\";s:12:\"loan_balance\";s:8:\"18375.00\";s:14:\"loan_startdate\";s:16:\"2011-November-01\";s:12:\"loan_enddate\";s:12:\"October 2013\";s:11:\"loan_addwho\";s:10:\"jimabignay\";s:12:\"loan_addwhen\";s:19:\"2011-12-19 15:21:22\";s:14:\"loan_updatewho\";s:5:\"admin\";s:15:\"loan_updatewhen\";s:19:\"2012-05-11 00:00:00\";s:12:\"loan_suspend\";s:1:\"0\";s:10:\"loan_total\";s:8:\"25200.00\";s:16:\"loan_numofmonths\";s:2:\"24\";s:20:\"loan_periodselection\";s:9:\"1,1,0,0,0\";s:8:\"psa_name\";s:8:\"SSS Loan\";s:6:\"month_\";s:8:\"November\";s:5:\"year_\";s:4:\"2011\";}}s:8:\"benefits\";a:0:{}s:10:\"amendments\";a:10:{i:0;a:2:{i:0;a:14:{s:6:\"psa_id\";s:2:\"24\";s:10:\"psamend_id\";s:1:\"1\";s:11:\"amendemp_id\";s:1:\"5\";s:8:\"psa_name\";s:9:\"Incentive\";s:12:\"psamend_desc\";s:26:\"Incentive for all employee\";s:8:\"psa_type\";s:1:\"1\";s:12:\"psamend_rate\";s:4:\"0.00\";s:13:\"psamend_units\";s:4:\"0.00\";s:14:\"psamend_amount\";s:4:\"0.00\";s:19:\"psamend_effect_date\";s:10:\"2012-01-03\";s:17:\"psamend_istaxable\";s:1:\"0\";s:7:\"psa_tax\";s:1:\"1\";s:13:\"psa_statutory\";s:1:\"0\";s:15:\"amendemp_amount\";s:7:\"2500.00\";}i:1;a:14:{s:6:\"psa_id\";s:2:\"55\";s:10:\"psamend_id\";s:1:\"2\";s:11:\"amendemp_id\";s:1:\"9\";s:8:\"psa_name\";s:16:\"Salary deduction\";s:12:\"psamend_desc\";s:10:\"Salary Dec\";s:8:\"psa_type\";s:1:\"2\";s:12:\"psamend_rate\";s:4:\"0.00\";s:13:\"psamend_units\";s:4:\"0.00\";s:14:\"psamend_amount\";s:4:\"0.00\";s:19:\"psamend_effect_date\";s:10:\"2012-01-04\";s:17:\"psamend_istaxable\";s:1:\"0\";s:7:\"psa_tax\";s:1:\"0\";s:13:\"psa_statutory\";s:1:\"0\";s:15:\"amendemp_amount\";s:6:\"500.00\";}}i:1;N;s:16:\"total_TSAEarning\";s:4:\"0.00\";s:15:\"total_TAEarning\";s:7:\"2500.00\";s:15:\"total_SAEarning\";s:4:\"0.00\";s:17:\"total_NTSAEarning\";s:4:\"0.00\";s:18:\"total_TSADeduction\";s:4:\"0.00\";s:17:\"total_TADeduction\";s:4:\"0.00\";s:17:\"total_SADeduction\";s:4:\"0.00\";s:19:\"total_NTSADeduction\";s:6:\"500.00\";}s:7:\"pstotal\";a:18:{s:5:\"gross\";s:8:\"22893.37\";s:12:\"Basic Salary\";s:8:\"35000.00\";s:8:\"PGsalary\";s:8:\"20284.34\";s:23:\"gross_nontaxable_income\";s:4:\"0.00\";s:13:\"taxable_Gross\";s:8:\"21984.34\";s:9:\"Deduction\";s:7:\"6550.06\";s:17:\"SatutoryDeduction\";s:6:\"800.00\";s:7:\"W/H Tax\";s:7:\"4616.03\";s:13:\"aftertaxgross\";s:8:\"17368.31\";s:7:\"Net Pay\";s:8:\"16343.31\";s:20:\"other_taxable_income\";s:7:\"2500.00\";s:15:\"other_deduction\";s:7:\"1025.00\";s:20:\"TotalEarning_payslip\";s:8:\"22893.37\";s:13:\"SumSABEarning\";s:4:\"0.00\";s:14:\"SumTSABEarning\";s:4:\"0.00\";s:15:\"SumTABDeduction\";s:4:\"0.00\";s:13:\"SumTABEarning\";s:7:\"2500.00\";s:13:\"BaseSTATGross\";s:8:\"20284.34\";}}}}','2012-05-21 11:46:27','jimabignay',NULL,NULL,1,0),(8,8,1,10,4,1,'a:2:{s:7:\"empinfo\";a:18:{s:6:\"emp_id\";s:2:\"10\";s:6:\"emp_no\";s:8:\"2011-180\";s:8:\"fullname\";s:22:\"Cris Julius A. Oropesa\";s:7:\"jobcode\";s:3:\"RSO\";s:11:\"jobpos_name\";s:22:\"Regional Sales Officer\";s:9:\"comp_name\";s:17:\"Company XYZ, Inc.\";s:8:\"comp_add\";s:51:\"Alcar Building, Brgy. Highway Hills, Las Pinas City\";s:7:\"ud_name\";s:21:\"Sales and Mktg. Dept.\";s:11:\"tax_ex_name\";s:14:\"Married2 (ME2)\";s:7:\"comp_id\";s:1:\"1\";s:5:\"ud_id\";s:1:\"4\";s:12:\"emptype_name\";s:9:\"Rank File\";s:16:\"bankiemp_acct_no\";s:10:\"0189125429\";s:13:\"banklist_name\";s:3:\"BPI\";s:11:\"pi_emailone\";s:0:\"\";s:8:\"taxep_id\";s:2:\"10\";s:14:\"salaryclass_id\";s:1:\"4\";s:12:\"tt_pay_group\";s:1:\"3\";}s:13:\"paystubdetail\";a:2:{s:12:\"paystubsched\";a:8:{s:6:\"pps_id\";s:1:\"1\";s:8:\"pps_name\";s:12:\"Semi-Monthly\";s:12:\"payperiod_id\";s:1:\"1\";s:10:\"paystub_id\";s:1:\"8\";s:20:\"payperiod_start_date\";s:19:\"2011-12-26 00:00:00\";s:18:\"payperiod_end_date\";s:19:\"2012-01-10 23:59:00\";s:20:\"payperiod_trans_date\";s:19:\"2012-01-14 23:59:00\";s:11:\"schedSecond\";s:2:\"25\";}s:14:\"paystubaccount\";a:8:{s:7:\"earning\";a:6:{s:5:\"basic\";s:8:\"17000.00\";s:11:\"Regulartime\";d:8500;s:4:\"COLA\";N;s:10:\"COLAperDay\";N;s:9:\"totalDays\";N;s:2:\"OT\";a:4:{s:9:\"OTDetails\";N;s:10:\"TotalallOT\";s:4:\"0.00\";s:9:\"OTbackpay\";s:4:\"0.00\";s:12:\"SumAllOTRate\";s:4:\"0.00\";}}s:9:\"deduction\";a:8:{s:3:\"SSS\";s:6:\"283.30\";s:5:\"SSSER\";s:6:\"600.70\";s:5:\"SSSEC\";s:2:\"10\";s:10:\"PhilHealth\";s:6:\"100.00\";s:12:\"PhilHealthER\";s:6:\"100.00\";s:8:\"Pag-ibig\";i:50;s:10:\"Pag-ibigER\";i:50;s:6:\"Others\";N;}s:3:\"TUA\";a:2:{s:9:\"TADetails\";N;s:10:\"TotalLeave\";s:4:\"0.00\";}s:12:\"leave_record\";a:2:{i:0;a:9:{s:11:\"empleave_id\";s:1:\"1\";s:8:\"leave_id\";s:1:\"1\";s:10:\"leave_name\";s:14:\"Vacation Leave\";s:17:\"empleave_used_day\";s:4:\"3.00\";s:22:\"empleave_available_day\";s:5:\"12.00\";s:19:\"empleave_substitute\";s:0:\"\";s:16:\"empleave_creadit\";s:5:\"15.00\";s:13:\"empleave_stat\";s:1:\"1\";s:15:\"leave_conv_cash\";s:3:\"Yes\";}i:1;a:9:{s:11:\"empleave_id\";s:1:\"2\";s:8:\"leave_id\";s:1:\"2\";s:10:\"leave_name\";s:10:\"Sick Leave\";s:17:\"empleave_used_day\";s:4:\"0.00\";s:22:\"empleave_available_day\";s:5:\"13.00\";s:19:\"empleave_substitute\";s:0:\"\";s:16:\"empleave_creadit\";s:5:\"15.00\";s:13:\"empleave_stat\";s:1:\"1\";s:15:\"leave_conv_cash\";s:3:\"Yes\";}}s:18:\"government_regular\";a:1:{i:0;a:27:{s:7:\"loan_id\";s:1:\"7\";s:11:\"loantype_id\";s:1:\"1\";s:6:\"psa_id\";s:1:\"9\";s:6:\"emp_id\";s:2:\"10\";s:15:\"loan_voucher_no\";s:10:\"0019297934\";s:19:\"loan_datepromissory\";s:10:\"2011-11-29\";s:14:\"loan_dategrant\";s:10:\"2011-11-29\";s:14:\"loan_principal\";s:8:\"24000.00\";s:19:\"loan_interestamount\";s:7:\"1200.00\";s:17:\"loan_interestperc\";s:4:\"5.00\";s:25:\"loan_monthly_amortization\";s:7:\"1050.00\";s:17:\"loan_payperperiod\";s:6:\"525.00\";s:8:\"loan_ytd\";s:7:\"4725.00\";s:12:\"loan_balance\";s:8:\"20475.00\";s:14:\"loan_startdate\";s:15:\"2012-January-01\";s:12:\"loan_enddate\";s:13:\"December 2013\";s:11:\"loan_addwho\";s:5:\"admin\";s:12:\"loan_addwhen\";s:19:\"2012-02-13 16:14:11\";s:14:\"loan_updatewho\";s:5:\"admin\";s:15:\"loan_updatewhen\";s:19:\"2012-05-11 00:00:00\";s:12:\"loan_suspend\";s:1:\"0\";s:10:\"loan_total\";s:8:\"25200.00\";s:16:\"loan_numofmonths\";s:1:\"0\";s:20:\"loan_periodselection\";s:9:\"1,1,0,0,0\";s:8:\"psa_name\";s:8:\"SSS Loan\";s:6:\"month_\";s:7:\"January\";s:5:\"year_\";s:4:\"2012\";}}s:8:\"benefits\";a:1:{i:0;a:18:{s:6:\"psa_id\";s:2:\"37\";s:6:\"ben_id\";s:2:\"10\";s:8:\"psa_name\";s:18:\"Transpo. Allowance\";s:8:\"psa_type\";s:1:\"1\";s:10:\"ben_amount\";s:4:\"2000\";s:13:\"ben_payperday\";s:4:\"2000\";s:13:\"ben_startdate\";s:10:\"2012-01-01\";s:11:\"ben_enddate\";s:10:\"0000-00-00\";s:11:\"ben_isfixed\";s:1:\"0\";s:11:\"ben_suspend\";s:1:\"0\";s:19:\"ben_periodselection\";s:9:\"0,1,0,0,0\";s:12:\"psa_priority\";s:1:\"0\";s:7:\"psa_tax\";s:1:\"0\";s:13:\"psa_statutory\";s:1:\"0\";s:5:\"year_\";s:4:\"2012\";s:6:\"month_\";s:2:\"01\";s:8:\"yearend_\";s:4:\"0000\";s:9:\"monthend_\";s:2:\"00\";}}s:10:\"amendments\";a:10:{i:0;a:1:{i:0;a:14:{s:6:\"psa_id\";s:2:\"24\";s:10:\"psamend_id\";s:1:\"1\";s:11:\"amendemp_id\";s:1:\"8\";s:8:\"psa_name\";s:9:\"Incentive\";s:12:\"psamend_desc\";s:26:\"Incentive for all employee\";s:8:\"psa_type\";s:1:\"1\";s:12:\"psamend_rate\";s:4:\"0.00\";s:13:\"psamend_units\";s:4:\"0.00\";s:14:\"psamend_amount\";s:4:\"0.00\";s:19:\"psamend_effect_date\";s:10:\"2012-01-03\";s:17:\"psamend_istaxable\";s:1:\"0\";s:7:\"psa_tax\";s:1:\"1\";s:13:\"psa_statutory\";s:1:\"0\";s:15:\"amendemp_amount\";s:7:\"2000.00\";}}i:1;N;s:16:\"total_TSAEarning\";s:4:\"0.00\";s:15:\"total_TAEarning\";s:7:\"2000.00\";s:15:\"total_SAEarning\";s:4:\"0.00\";s:17:\"total_NTSAEarning\";s:4:\"0.00\";s:18:\"total_TSADeduction\";s:4:\"0.00\";s:17:\"total_TADeduction\";s:4:\"0.00\";s:17:\"total_SADeduction\";s:4:\"0.00\";s:19:\"total_NTSADeduction\";s:4:\"0.00\";}s:7:\"pstotal\";a:18:{s:5:\"gross\";s:8:\"12500.00\";s:12:\"Basic Salary\";s:8:\"17000.00\";s:8:\"PGsalary\";s:7:\"8500.00\";s:23:\"gross_nontaxable_income\";s:7:\"2000.00\";s:13:\"taxable_Gross\";s:8:\"10066.70\";s:9:\"Deduction\";s:7:\"1912.48\";s:17:\"SatutoryDeduction\";s:6:\"433.30\";s:7:\"W/H Tax\";s:6:\"954.18\";s:13:\"aftertaxgross\";s:7:\"9112.52\";s:7:\"Net Pay\";s:8:\"10587.52\";s:20:\"other_taxable_income\";s:7:\"2000.00\";s:15:\"other_deduction\";s:6:\"525.00\";s:20:\"TotalEarning_payslip\";s:8:\"12500.00\";s:13:\"SumSABEarning\";s:4:\"0.00\";s:14:\"SumTSABEarning\";s:4:\"0.00\";s:15:\"SumTABDeduction\";s:4:\"0.00\";s:13:\"SumTABEarning\";s:7:\"2000.00\";s:13:\"BaseSTATGross\";s:7:\"8500.00\";}}}}','2012-05-21 11:46:27','jimabignay',NULL,NULL,1,0),(9,9,2,6,5,1,'a:2:{s:7:\"empinfo\";a:18:{s:6:\"emp_id\";s:1:\"6\";s:6:\"emp_no\";s:8:\"2011-201\";s:8:\"fullname\";s:22:\"Bryan Anthony C. Banal\";s:7:\"jobcode\";s:8:\"COSTACCT\";s:11:\"jobpos_name\";s:15:\"Cost Accountant\";s:9:\"comp_name\";s:17:\"Company XYZ, Inc.\";s:8:\"comp_add\";s:51:\"Alcar Building, Brgy. Highway Hills, Las Pinas City\";s:7:\"ud_name\";s:11:\"Acctg Dept.\";s:11:\"tax_ex_name\";s:9:\"Single(S)\";s:7:\"comp_id\";s:1:\"1\";s:5:\"ud_id\";s:1:\"5\";s:12:\"emptype_name\";s:9:\"Rank File\";s:16:\"bankiemp_acct_no\";s:10:\"0189131844\";s:13:\"banklist_name\";s:3:\"BPI\";s:11:\"pi_emailone\";s:22:\"banal@sample.email.com\";s:8:\"taxep_id\";s:1:\"3\";s:14:\"salaryclass_id\";s:1:\"4\";s:12:\"tt_pay_group\";s:1:\"3\";}s:13:\"paystubdetail\";a:2:{s:12:\"paystubsched\";a:8:{s:6:\"pps_id\";s:1:\"1\";s:8:\"pps_name\";s:12:\"Semi-Monthly\";s:12:\"payperiod_id\";s:1:\"2\";s:10:\"paystub_id\";s:1:\"9\";s:20:\"payperiod_start_date\";s:19:\"2012-01-11 00:00:00\";s:18:\"payperiod_end_date\";s:19:\"2012-01-25 23:59:00\";s:20:\"payperiod_trans_date\";s:19:\"2012-01-30 23:59:00\";s:11:\"schedSecond\";s:2:\"25\";}s:14:\"paystubaccount\";a:8:{s:7:\"earning\";a:6:{s:5:\"basic\";s:8:\"14000.00\";s:11:\"Regulartime\";d:7000;s:4:\"COLA\";N;s:10:\"COLAperDay\";N;s:9:\"totalDays\";N;s:2:\"OT\";a:4:{s:9:\"OTDetails\";N;s:10:\"TotalallOT\";s:4:\"0.00\";s:9:\"OTbackpay\";s:4:\"0.00\";s:12:\"SumAllOTRate\";s:4:\"0.00\";}}s:9:\"deduction\";a:8:{s:3:\"SSS\";d:250;s:5:\"SSSER\";d:530;s:5:\"SSSEC\";d:0;s:10:\"PhilHealth\";d:100;s:12:\"PhilHealthER\";d:100;s:8:\"Pag-ibig\";i:50;s:10:\"Pag-ibigER\";i:50;s:6:\"Others\";N;}s:3:\"TUA\";a:2:{s:9:\"TADetails\";a:1:{i:0;a:7:{s:12:\"emp_tarec_id\";s:2:\"17\";s:7:\"ta_name\";s:4:\"Late\";s:4:\"type\";s:1:\"1\";s:11:\"totaltimehr\";s:4:\"0.65\";s:8:\"ratetype\";s:1:\"H\";s:9:\"rateperDH\";d:67.0926517571884915014379657804965972900390625;s:8:\"taamount\";d:43.61022364217252089702014927752315998077392578125;}}s:10:\"TotalLeave\";s:5:\"43.61\";}s:12:\"leave_record\";a:0:{}s:18:\"government_regular\";a:0:{}s:8:\"benefits\";a:1:{i:0;a:18:{s:6:\"psa_id\";s:2:\"12\";s:6:\"ben_id\";s:1:\"8\";s:8:\"psa_name\";s:14:\"Rice Allowance\";s:8:\"psa_type\";s:1:\"1\";s:10:\"ben_amount\";s:4:\"1000\";s:13:\"ben_payperday\";s:3:\"500\";s:13:\"ben_startdate\";s:10:\"2012-01-01\";s:11:\"ben_enddate\";s:10:\"0000-00-00\";s:11:\"ben_isfixed\";s:1:\"0\";s:11:\"ben_suspend\";s:1:\"0\";s:19:\"ben_periodselection\";s:9:\"1,1,0,0,0\";s:12:\"psa_priority\";s:1:\"0\";s:7:\"psa_tax\";s:1:\"1\";s:13:\"psa_statutory\";s:1:\"1\";s:5:\"year_\";s:4:\"2012\";s:6:\"month_\";s:2:\"01\";s:8:\"yearend_\";s:4:\"0000\";s:9:\"monthend_\";s:2:\"00\";}}s:10:\"amendments\";a:10:{i:0;a:1:{i:0;a:14:{s:6:\"psa_id\";s:2:\"40\";s:10:\"psamend_id\";s:1:\"3\";s:11:\"amendemp_id\";s:2:\"10\";s:8:\"psa_name\";s:19:\"EDO cash conversion\";s:12:\"psamend_desc\";s:3:\"EDO\";s:8:\"psa_type\";s:1:\"1\";s:12:\"psamend_rate\";s:4:\"0.00\";s:13:\"psamend_units\";s:4:\"0.00\";s:14:\"psamend_amount\";s:4:\"0.00\";s:19:\"psamend_effect_date\";s:10:\"2012-01-20\";s:17:\"psamend_istaxable\";s:1:\"0\";s:7:\"psa_tax\";s:1:\"1\";s:13:\"psa_statutory\";s:1:\"0\";s:15:\"amendemp_amount\";s:7:\"1500.00\";}}i:1;N;s:16:\"total_TSAEarning\";s:4:\"0.00\";s:15:\"total_TAEarning\";s:7:\"1500.00\";s:15:\"total_SAEarning\";s:4:\"0.00\";s:17:\"total_NTSAEarning\";s:4:\"0.00\";s:18:\"total_TSADeduction\";s:4:\"0.00\";s:17:\"total_TADeduction\";s:4:\"0.00\";s:17:\"total_SADeduction\";s:4:\"0.00\";s:19:\"total_NTSADeduction\";s:4:\"0.00\";}s:7:\"pstotal\";a:18:{s:5:\"gross\";s:7:\"9000.00\";s:12:\"Basic Salary\";s:8:\"14000.00\";s:8:\"PGsalary\";s:7:\"6956.39\";s:23:\"gross_nontaxable_income\";s:4:\"0.00\";s:13:\"taxable_Gross\";s:7:\"8556.39\";s:9:\"Deduction\";s:7:\"1540.96\";s:17:\"SatutoryDeduction\";s:6:\"400.00\";s:7:\"W/H Tax\";s:7:\"1097.35\";s:13:\"aftertaxgross\";s:7:\"7459.04\";s:7:\"Net Pay\";s:7:\"7459.04\";s:20:\"other_taxable_income\";s:7:\"1500.00\";s:15:\"other_deduction\";s:4:\"0.00\";s:20:\"TotalEarning_payslip\";s:7:\"9000.00\";s:13:\"SumSABEarning\";s:4:\"0.00\";s:14:\"SumTSABEarning\";s:6:\"500.00\";s:15:\"SumTABDeduction\";s:4:\"0.00\";s:13:\"SumTABEarning\";s:7:\"1500.00\";s:13:\"BaseSTATGross\";s:7:\"7456.39\";}}}}','2012-05-21 12:08:26','jimabignay',NULL,NULL,1,0),(10,10,2,5,3,1,'a:2:{s:7:\"empinfo\";a:18:{s:6:\"emp_id\";s:1:\"5\";s:6:\"emp_no\";s:8:\"2002-001\";s:8:\"fullname\";s:20:\"Mark Anthony M. Cruz\";s:7:\"jobcode\";s:6:\"ITMNGR\";s:11:\"jobpos_name\";s:10:\"IT Manager\";s:9:\"comp_name\";s:17:\"Company XYZ, Inc.\";s:8:\"comp_add\";s:51:\"Alcar Building, Brgy. Highway Hills, Las Pinas City\";s:7:\"ud_name\";s:8:\"IT Dept.\";s:11:\"tax_ex_name\";s:14:\"Married2 (ME2)\";s:7:\"comp_id\";s:1:\"1\";s:5:\"ud_id\";s:1:\"3\";s:12:\"emptype_name\";s:7:\"Manager\";s:16:\"bankiemp_acct_no\";s:10:\"0189080751\";s:13:\"banklist_name\";s:3:\"BPI\";s:11:\"pi_emailone\";s:21:\"cruz@sample.email.com\";s:8:\"taxep_id\";s:2:\"10\";s:14:\"salaryclass_id\";s:1:\"4\";s:12:\"tt_pay_group\";s:1:\"3\";}s:13:\"paystubdetail\";a:2:{s:12:\"paystubsched\";a:8:{s:6:\"pps_id\";s:1:\"1\";s:8:\"pps_name\";s:12:\"Semi-Monthly\";s:12:\"payperiod_id\";s:1:\"2\";s:10:\"paystub_id\";s:2:\"10\";s:20:\"payperiod_start_date\";s:19:\"2012-01-11 00:00:00\";s:18:\"payperiod_end_date\";s:19:\"2012-01-25 23:59:00\";s:20:\"payperiod_trans_date\";s:19:\"2012-01-30 23:59:00\";s:11:\"schedSecond\";s:2:\"25\";}s:14:\"paystubaccount\";a:8:{s:7:\"earning\";a:6:{s:5:\"basic\";s:8:\"64234.81\";s:11:\"Regulartime\";d:32117.40499999999883584678173065185546875;s:4:\"COLA\";N;s:10:\"COLAperDay\";N;s:9:\"totalDays\";N;s:2:\"OT\";a:4:{s:9:\"OTDetails\";a:1:{i:0;a:7:{s:8:\"otrec_id\";s:2:\"20\";s:7:\"ot_name\";s:3:\"ROT\";s:4:\"rate\";s:4:\"1.25\";s:11:\"totaltimehr\";s:4:\"1.50\";s:8:\"ratephrs\";d:307.8345527156549223946058191359043121337890625;s:9:\"rateperhr\";d:384.793190894568624571547843515872955322265625;s:8:\"otamount\";s:6:\"577.19\";}}s:10:\"TotalallOT\";s:6:\"577.19\";s:9:\"OTbackpay\";s:4:\"0.00\";s:12:\"SumAllOTRate\";s:6:\"577.19\";}}s:9:\"deduction\";a:8:{s:3:\"SSS\";d:0;s:5:\"SSSER\";d:0;s:5:\"SSSEC\";d:0;s:10:\"PhilHealth\";d:0;s:12:\"PhilHealthER\";d:0;s:8:\"Pag-ibig\";i:50;s:10:\"Pag-ibigER\";i:50;s:6:\"Others\";N;}s:3:\"TUA\";a:2:{s:9:\"TADetails\";N;s:10:\"TotalLeave\";s:4:\"0.00\";}s:12:\"leave_record\";a:2:{i:0;a:9:{s:11:\"empleave_id\";s:2:\"13\";s:8:\"leave_id\";s:1:\"1\";s:10:\"leave_name\";s:14:\"Vacation Leave\";s:17:\"empleave_used_day\";s:4:\"0.00\";s:22:\"empleave_available_day\";s:4:\"7.00\";s:19:\"empleave_substitute\";s:0:\"\";s:16:\"empleave_creadit\";s:5:\"15.00\";s:13:\"empleave_stat\";s:1:\"1\";s:15:\"leave_conv_cash\";s:3:\"Yes\";}i:1;a:9:{s:11:\"empleave_id\";s:2:\"14\";s:8:\"leave_id\";s:1:\"2\";s:10:\"leave_name\";s:10:\"Sick Leave\";s:17:\"empleave_used_day\";s:4:\"0.00\";s:22:\"empleave_available_day\";s:5:\"15.00\";s:19:\"empleave_substitute\";s:0:\"\";s:16:\"empleave_creadit\";s:5:\"15.00\";s:13:\"empleave_stat\";s:1:\"1\";s:15:\"leave_conv_cash\";s:3:\"Yes\";}}s:18:\"government_regular\";a:0:{}s:8:\"benefits\";a:0:{}s:10:\"amendments\";a:10:{i:0;a:1:{i:0;a:14:{s:6:\"psa_id\";s:2:\"40\";s:10:\"psamend_id\";s:1:\"3\";s:11:\"amendemp_id\";s:2:\"16\";s:8:\"psa_name\";s:19:\"EDO cash conversion\";s:12:\"psamend_desc\";s:3:\"EDO\";s:8:\"psa_type\";s:1:\"1\";s:12:\"psamend_rate\";s:4:\"0.00\";s:13:\"psamend_units\";s:4:\"0.00\";s:14:\"psamend_amount\";s:4:\"0.00\";s:19:\"psamend_effect_date\";s:10:\"2012-01-20\";s:17:\"psamend_istaxable\";s:1:\"0\";s:7:\"psa_tax\";s:1:\"1\";s:13:\"psa_statutory\";s:1:\"0\";s:15:\"amendemp_amount\";s:7:\"1500.00\";}}i:1;N;s:16:\"total_TSAEarning\";s:4:\"0.00\";s:15:\"total_TAEarning\";s:7:\"1500.00\";s:15:\"total_SAEarning\";s:4:\"0.00\";s:17:\"total_NTSAEarning\";s:4:\"0.00\";s:18:\"total_TSADeduction\";s:4:\"0.00\";s:17:\"total_TADeduction\";s:4:\"0.00\";s:17:\"total_SADeduction\";s:4:\"0.00\";s:19:\"total_NTSADeduction\";s:4:\"0.00\";}s:7:\"pstotal\";a:18:{s:5:\"gross\";s:8:\"34194.59\";s:12:\"Basic Salary\";s:8:\"64234.81\";s:8:\"PGsalary\";s:8:\"32694.60\";s:23:\"gross_nontaxable_income\";s:4:\"0.00\";s:13:\"taxable_Gross\";s:8:\"34144.60\";s:9:\"Deduction\";s:7:\"8184.60\";s:17:\"SatutoryDeduction\";s:5:\"50.00\";s:7:\"W/H Tax\";s:7:\"8134.60\";s:13:\"aftertaxgross\";s:8:\"26010.00\";s:7:\"Net Pay\";s:8:\"26009.99\";s:20:\"other_taxable_income\";s:7:\"1500.00\";s:15:\"other_deduction\";s:4:\"0.00\";s:20:\"TotalEarning_payslip\";s:8:\"34194.59\";s:13:\"SumSABEarning\";s:4:\"0.00\";s:14:\"SumTSABEarning\";s:4:\"0.00\";s:15:\"SumTABDeduction\";s:4:\"0.00\";s:13:\"SumTABEarning\";s:7:\"1500.00\";s:13:\"BaseSTATGross\";s:8:\"32694.60\";}}}}','2012-05-21 12:08:26','jimabignay',NULL,NULL,1,0),(11,11,2,7,5,1,'a:2:{s:7:\"empinfo\";a:18:{s:6:\"emp_id\";s:1:\"7\";s:6:\"emp_no\";s:8:\"2011-188\";s:8:\"fullname\";s:23:\"Alicia May M. De Guzman\";s:7:\"jobcode\";s:7:\"PAYACCT\";s:11:\"jobpos_name\";s:18:\"Payable Accountant\";s:9:\"comp_name\";s:17:\"Company XYZ, Inc.\";s:8:\"comp_add\";s:51:\"Alcar Building, Brgy. Highway Hills, Las Pinas City\";s:7:\"ud_name\";s:11:\"Acctg Dept.\";s:11:\"tax_ex_name\";s:14:\"Married2 (ME2)\";s:7:\"comp_id\";s:1:\"1\";s:5:\"ud_id\";s:1:\"5\";s:12:\"emptype_name\";s:9:\"Rank File\";s:16:\"bankiemp_acct_no\";s:10:\"0189128541\";s:13:\"banklist_name\";s:3:\"BPI\";s:11:\"pi_emailone\";s:23:\"guzman@sample.email.com\";s:8:\"taxep_id\";s:2:\"10\";s:14:\"salaryclass_id\";s:1:\"4\";s:12:\"tt_pay_group\";s:1:\"3\";}s:13:\"paystubdetail\";a:2:{s:12:\"paystubsched\";a:8:{s:6:\"pps_id\";s:1:\"1\";s:8:\"pps_name\";s:12:\"Semi-Monthly\";s:12:\"payperiod_id\";s:1:\"2\";s:10:\"paystub_id\";s:2:\"11\";s:20:\"payperiod_start_date\";s:19:\"2012-01-11 00:00:00\";s:18:\"payperiod_end_date\";s:19:\"2012-01-25 23:59:00\";s:20:\"payperiod_trans_date\";s:19:\"2012-01-30 23:59:00\";s:11:\"schedSecond\";s:2:\"25\";}s:14:\"paystubaccount\";a:8:{s:7:\"earning\";a:6:{s:5:\"basic\";s:8:\"15000.00\";s:11:\"Regulartime\";d:7500;s:4:\"COLA\";N;s:10:\"COLAperDay\";N;s:9:\"totalDays\";N;s:2:\"OT\";a:4:{s:9:\"OTDetails\";N;s:10:\"TotalallOT\";s:4:\"0.00\";s:9:\"OTbackpay\";s:4:\"0.00\";s:12:\"SumAllOTRate\";s:4:\"0.00\";}}s:9:\"deduction\";a:8:{s:3:\"SSS\";d:250;s:5:\"SSSER\";d:530;s:5:\"SSSEC\";d:20;s:10:\"PhilHealth\";d:87.5;s:12:\"PhilHealthER\";d:87.5;s:8:\"Pag-ibig\";i:50;s:10:\"Pag-ibigER\";i:50;s:6:\"Others\";N;}s:3:\"TUA\";a:2:{s:9:\"TADetails\";a:1:{i:0;a:7:{s:12:\"emp_tarec_id\";s:2:\"18\";s:7:\"ta_name\";s:4:\"Late\";s:4:\"type\";s:1:\"1\";s:11:\"totaltimehr\";s:4:\"0.32\";s:8:\"ratetype\";s:1:\"H\";s:9:\"rateperDH\";d:71.884984025559106157743372023105621337890625;s:8:\"taamount\";d:23.003194888178914112586426199413836002349853515625;}}s:10:\"TotalLeave\";s:5:\"23.00\";}s:12:\"leave_record\";a:2:{i:0;a:9:{s:11:\"empleave_id\";s:1:\"5\";s:8:\"leave_id\";s:1:\"1\";s:10:\"leave_name\";s:14:\"Vacation Leave\";s:17:\"empleave_used_day\";s:4:\"0.00\";s:22:\"empleave_available_day\";s:4:\"6.00\";s:19:\"empleave_substitute\";s:0:\"\";s:16:\"empleave_creadit\";s:4:\"7.50\";s:13:\"empleave_stat\";s:1:\"1\";s:15:\"leave_conv_cash\";s:3:\"Yes\";}i:1;a:9:{s:11:\"empleave_id\";s:1:\"6\";s:8:\"leave_id\";s:1:\"2\";s:10:\"leave_name\";s:10:\"Sick Leave\";s:17:\"empleave_used_day\";s:4:\"0.00\";s:22:\"empleave_available_day\";s:4:\"7.00\";s:19:\"empleave_substitute\";s:0:\"\";s:16:\"empleave_creadit\";s:4:\"7.50\";s:13:\"empleave_stat\";s:1:\"1\";s:15:\"leave_conv_cash\";s:3:\"Yes\";}}s:18:\"government_regular\";a:0:{}s:8:\"benefits\";a:1:{i:0;a:18:{s:6:\"psa_id\";s:2:\"10\";s:6:\"ben_id\";s:1:\"9\";s:8:\"psa_name\";s:14:\"Meal Allowance\";s:8:\"psa_type\";s:1:\"1\";s:10:\"ben_amount\";s:4:\"2500\";s:13:\"ben_payperday\";s:4:\"1250\";s:13:\"ben_startdate\";s:10:\"2012-01-01\";s:11:\"ben_enddate\";s:10:\"0000-00-00\";s:11:\"ben_isfixed\";s:1:\"0\";s:11:\"ben_suspend\";s:1:\"0\";s:19:\"ben_periodselection\";s:9:\"1,1,0,0,0\";s:12:\"psa_priority\";s:1:\"0\";s:7:\"psa_tax\";s:1:\"0\";s:13:\"psa_statutory\";s:1:\"0\";s:5:\"year_\";s:4:\"2012\";s:6:\"month_\";s:2:\"01\";s:8:\"yearend_\";s:4:\"0000\";s:9:\"monthend_\";s:2:\"00\";}}s:10:\"amendments\";a:10:{i:0;a:1:{i:0;a:14:{s:6:\"psa_id\";s:2:\"40\";s:10:\"psamend_id\";s:1:\"3\";s:11:\"amendemp_id\";s:2:\"11\";s:8:\"psa_name\";s:19:\"EDO cash conversion\";s:12:\"psamend_desc\";s:3:\"EDO\";s:8:\"psa_type\";s:1:\"1\";s:12:\"psamend_rate\";s:4:\"0.00\";s:13:\"psamend_units\";s:4:\"0.00\";s:14:\"psamend_amount\";s:4:\"0.00\";s:19:\"psamend_effect_date\";s:10:\"2012-01-20\";s:17:\"psamend_istaxable\";s:1:\"0\";s:7:\"psa_tax\";s:1:\"1\";s:13:\"psa_statutory\";s:1:\"0\";s:15:\"amendemp_amount\";s:7:\"1500.00\";}}i:1;N;s:16:\"total_TSAEarning\";s:4:\"0.00\";s:15:\"total_TAEarning\";s:7:\"1500.00\";s:15:\"total_SAEarning\";s:4:\"0.00\";s:17:\"total_NTSAEarning\";s:4:\"0.00\";s:18:\"total_TSADeduction\";s:4:\"0.00\";s:17:\"total_TADeduction\";s:4:\"0.00\";s:17:\"total_SADeduction\";s:4:\"0.00\";s:19:\"total_NTSADeduction\";s:4:\"0.00\";}s:7:\"pstotal\";a:18:{s:5:\"gross\";s:8:\"10250.00\";s:12:\"Basic Salary\";s:8:\"15000.00\";s:8:\"PGsalary\";s:7:\"7477.00\";s:23:\"gross_nontaxable_income\";s:7:\"1250.00\";s:13:\"taxable_Gross\";s:7:\"8589.50\";s:9:\"Deduction\";s:7:\"1065.97\";s:17:\"SatutoryDeduction\";s:6:\"387.50\";s:7:\"W/H Tax\";s:6:\"655.47\";s:13:\"aftertaxgross\";s:7:\"7934.03\";s:7:\"Net Pay\";s:7:\"9184.03\";s:20:\"other_taxable_income\";s:7:\"1500.00\";s:15:\"other_deduction\";s:4:\"0.00\";s:20:\"TotalEarning_payslip\";s:8:\"10250.00\";s:13:\"SumSABEarning\";s:4:\"0.00\";s:14:\"SumTSABEarning\";s:4:\"0.00\";s:15:\"SumTABDeduction\";s:4:\"0.00\";s:13:\"SumTABEarning\";s:7:\"1500.00\";s:13:\"BaseSTATGross\";s:7:\"7477.00\";}}}}','2012-05-21 12:08:26','jimabignay',NULL,NULL,1,0),(12,12,2,2,3,1,'a:2:{s:7:\"empinfo\";a:18:{s:6:\"emp_id\";s:1:\"2\";s:6:\"emp_no\";s:8:\"2009-075\";s:8:\"fullname\";s:16:\"Jessa A. De leon\";s:7:\"jobcode\";s:10:\"MEMBERSHIP\";s:11:\"jobpos_name\";s:18:\"Membership Officer\";s:9:\"comp_name\";s:17:\"Company XYZ, Inc.\";s:8:\"comp_add\";s:51:\"Alcar Building, Brgy. Highway Hills, Las Pinas City\";s:7:\"ud_name\";s:8:\"IT Dept.\";s:11:\"tax_ex_name\";s:12:\"Married (ME)\";s:7:\"comp_id\";s:1:\"1\";s:5:\"ud_id\";s:1:\"3\";s:12:\"emptype_name\";s:9:\"Rank File\";s:16:\"bankiemp_acct_no\";s:10:\"0189096062\";s:13:\"banklist_name\";s:3:\"BPI\";s:11:\"pi_emailone\";s:21:\"leon@sample.email.com\";s:8:\"taxep_id\";s:1:\"8\";s:14:\"salaryclass_id\";s:1:\"4\";s:12:\"tt_pay_group\";s:1:\"3\";}s:13:\"paystubdetail\";a:2:{s:12:\"paystubsched\";a:8:{s:6:\"pps_id\";s:1:\"1\";s:8:\"pps_name\";s:12:\"Semi-Monthly\";s:12:\"payperiod_id\";s:1:\"2\";s:10:\"paystub_id\";s:2:\"12\";s:20:\"payperiod_start_date\";s:19:\"2012-01-11 00:00:00\";s:18:\"payperiod_end_date\";s:19:\"2012-01-25 23:59:00\";s:20:\"payperiod_trans_date\";s:19:\"2012-01-30 23:59:00\";s:11:\"schedSecond\";s:2:\"25\";}s:14:\"paystubaccount\";a:8:{s:7:\"earning\";a:6:{s:5:\"basic\";s:8:\"11344.32\";s:11:\"Regulartime\";d:5672.15999999999985448084771633148193359375;s:4:\"COLA\";N;s:10:\"COLAperDay\";N;s:9:\"totalDays\";N;s:2:\"OT\";a:4:{s:9:\"OTDetails\";N;s:10:\"TotalallOT\";s:4:\"0.00\";s:9:\"OTbackpay\";s:4:\"0.00\";s:12:\"SumAllOTRate\";s:4:\"0.00\";}}s:9:\"deduction\";a:8:{s:3:\"SSS\";d:200;s:5:\"SSSER\";d:424.00000000000005684341886080801486968994140625;s:5:\"SSSEC\";d:0;s:10:\"PhilHealth\";d:75;s:12:\"PhilHealthER\";d:75;s:8:\"Pag-ibig\";i:50;s:10:\"Pag-ibigER\";i:50;s:6:\"Others\";N;}s:3:\"TUA\";a:2:{s:9:\"TADetails\";N;s:10:\"TotalLeave\";s:4:\"0.00\";}s:12:\"leave_record\";a:2:{i:0;a:9:{s:11:\"empleave_id\";s:1:\"7\";s:8:\"leave_id\";s:1:\"1\";s:10:\"leave_name\";s:14:\"Vacation Leave\";s:17:\"empleave_used_day\";s:4:\"1.50\";s:22:\"empleave_available_day\";s:4:\"8.50\";s:19:\"empleave_substitute\";s:0:\"\";s:16:\"empleave_creadit\";s:5:\"15.00\";s:13:\"empleave_stat\";s:1:\"1\";s:15:\"leave_conv_cash\";s:3:\"Yes\";}i:1;a:9:{s:11:\"empleave_id\";s:1:\"8\";s:8:\"leave_id\";s:1:\"2\";s:10:\"leave_name\";s:10:\"Sick Leave\";s:17:\"empleave_used_day\";s:4:\"0.00\";s:22:\"empleave_available_day\";s:5:\"13.00\";s:19:\"empleave_substitute\";s:0:\"\";s:16:\"empleave_creadit\";s:5:\"15.00\";s:13:\"empleave_stat\";s:1:\"1\";s:15:\"leave_conv_cash\";s:3:\"Yes\";}}s:18:\"government_regular\";a:2:{i:0;a:27:{s:7:\"loan_id\";s:1:\"3\";s:11:\"loantype_id\";s:1:\"1\";s:6:\"psa_id\";s:1:\"9\";s:6:\"emp_id\";s:1:\"2\";s:15:\"loan_voucher_no\";s:10:\"0019017934\";s:19:\"loan_datepromissory\";s:10:\"2011-09-01\";s:14:\"loan_dategrant\";s:10:\"2011-09-01\";s:14:\"loan_principal\";s:8:\"11500.00\";s:19:\"loan_interestamount\";s:6:\"575.00\";s:17:\"loan_interestperc\";s:4:\"5.00\";s:25:\"loan_monthly_amortization\";s:6:\"503.12\";s:17:\"loan_payperperiod\";s:6:\"251.56\";s:8:\"loan_ytd\";s:7:\"2264.04\";s:12:\"loan_balance\";s:7:\"8553.04\";s:14:\"loan_startdate\";s:16:\"2011-November-01\";s:12:\"loan_enddate\";s:12:\"October 2013\";s:11:\"loan_addwho\";s:10:\"jimabignay\";s:12:\"loan_addwhen\";s:19:\"2011-12-19 15:58:24\";s:14:\"loan_updatewho\";s:10:\"jimabignay\";s:15:\"loan_updatewhen\";s:19:\"2012-05-21 00:00:00\";s:12:\"loan_suspend\";s:1:\"0\";s:10:\"loan_total\";s:8:\"12075.00\";s:16:\"loan_numofmonths\";s:2:\"24\";s:20:\"loan_periodselection\";s:9:\"1,1,0,0,0\";s:8:\"psa_name\";s:8:\"SSS Loan\";s:6:\"month_\";s:8:\"November\";s:5:\"year_\";s:4:\"2011\";}i:1;a:27:{s:7:\"loan_id\";s:1:\"4\";s:11:\"loantype_id\";s:1:\"5\";s:6:\"psa_id\";s:2:\"13\";s:6:\"emp_id\";s:1:\"2\";s:15:\"loan_voucher_no\";s:12:\"28B 332805 M\";s:19:\"loan_datepromissory\";s:10:\"2011-05-27\";s:14:\"loan_dategrant\";s:10:\"2011-05-30\";s:14:\"loan_principal\";s:7:\"3146.38\";s:19:\"loan_interestamount\";s:6:\"723.67\";s:17:\"loan_interestperc\";s:5:\"23.00\";s:25:\"loan_monthly_amortization\";s:6:\"161.64\";s:17:\"loan_payperperiod\";s:5:\"80.82\";s:8:\"loan_ytd\";s:6:\"727.38\";s:12:\"loan_balance\";s:7:\"2182.01\";s:14:\"loan_startdate\";s:12:\"2011-July-01\";s:12:\"loan_enddate\";s:9:\"June 2013\";s:11:\"loan_addwho\";s:10:\"jimabignay\";s:12:\"loan_addwhen\";s:19:\"2011-12-19 16:00:59\";s:14:\"loan_updatewho\";s:10:\"jimabignay\";s:15:\"loan_updatewhen\";s:19:\"2012-05-21 00:00:00\";s:12:\"loan_suspend\";s:1:\"0\";s:10:\"loan_total\";s:7:\"3879.23\";s:16:\"loan_numofmonths\";s:2:\"24\";s:20:\"loan_periodselection\";s:9:\"1,1,0,0,0\";s:8:\"psa_name\";s:9:\"HDMF Loan\";s:6:\"month_\";s:4:\"July\";s:5:\"year_\";s:4:\"2011\";}}s:8:\"benefits\";a:0:{}s:10:\"amendments\";a:10:{i:0;a:1:{i:0;a:14:{s:6:\"psa_id\";s:2:\"40\";s:10:\"psamend_id\";s:1:\"3\";s:11:\"amendemp_id\";s:2:\"15\";s:8:\"psa_name\";s:19:\"EDO cash conversion\";s:12:\"psamend_desc\";s:3:\"EDO\";s:8:\"psa_type\";s:1:\"1\";s:12:\"psamend_rate\";s:4:\"0.00\";s:13:\"psamend_units\";s:4:\"0.00\";s:14:\"psamend_amount\";s:4:\"0.00\";s:19:\"psamend_effect_date\";s:10:\"2012-01-20\";s:17:\"psamend_istaxable\";s:1:\"0\";s:7:\"psa_tax\";s:1:\"1\";s:13:\"psa_statutory\";s:1:\"0\";s:15:\"amendemp_amount\";s:7:\"1500.00\";}}i:1;N;s:16:\"total_TSAEarning\";s:4:\"0.00\";s:15:\"total_TAEarning\";s:7:\"1500.00\";s:15:\"total_SAEarning\";s:4:\"0.00\";s:17:\"total_NTSAEarning\";s:4:\"0.00\";s:18:\"total_TSADeduction\";s:4:\"0.00\";s:17:\"total_TADeduction\";s:4:\"0.00\";s:17:\"total_SADeduction\";s:4:\"0.00\";s:19:\"total_NTSADeduction\";s:4:\"0.00\";}s:7:\"pstotal\";a:18:{s:5:\"gross\";s:7:\"7172.16\";s:12:\"Basic Salary\";s:8:\"11344.32\";s:8:\"PGsalary\";s:7:\"5672.16\";s:23:\"gross_nontaxable_income\";s:4:\"0.00\";s:13:\"taxable_Gross\";s:7:\"6847.16\";s:9:\"Deduction\";s:6:\"657.38\";s:17:\"SatutoryDeduction\";s:6:\"325.00\";s:7:\"W/H Tax\";s:4:\"0.00\";s:13:\"aftertaxgross\";s:7:\"6847.16\";s:7:\"Net Pay\";s:7:\"6514.78\";s:20:\"other_taxable_income\";s:7:\"1500.00\";s:15:\"other_deduction\";s:6:\"332.38\";s:20:\"TotalEarning_payslip\";s:7:\"7172.16\";s:13:\"SumSABEarning\";s:4:\"0.00\";s:14:\"SumTSABEarning\";s:4:\"0.00\";s:15:\"SumTABDeduction\";s:4:\"0.00\";s:13:\"SumTABEarning\";s:7:\"1500.00\";s:13:\"BaseSTATGross\";s:7:\"5672.16\";}}}}','2012-05-21 12:08:26','jimabignay',NULL,NULL,1,0),(13,13,2,9,5,1,'a:2:{s:7:\"empinfo\";a:18:{s:6:\"emp_id\";s:1:\"9\";s:6:\"emp_no\";s:8:\"2011-195\";s:8:\"fullname\";s:19:\"Christine S. Mabini\";s:7:\"jobcode\";s:9:\"ACCTGMNGR\";s:11:\"jobpos_name\";s:18:\"Accounting Manager\";s:9:\"comp_name\";s:17:\"Company XYZ, Inc.\";s:8:\"comp_add\";s:51:\"Alcar Building, Brgy. Highway Hills, Las Pinas City\";s:7:\"ud_name\";s:11:\"Acctg Dept.\";s:11:\"tax_ex_name\";s:14:\"Married4 (ME4)\";s:7:\"comp_id\";s:1:\"1\";s:5:\"ud_id\";s:1:\"5\";s:12:\"emptype_name\";s:7:\"Manager\";s:16:\"bankiemp_acct_no\";s:10:\"0189130694\";s:13:\"banklist_name\";s:3:\"BPI\";s:11:\"pi_emailone\";s:23:\"mabini@sample.email.com\";s:8:\"taxep_id\";s:2:\"12\";s:14:\"salaryclass_id\";s:1:\"4\";s:12:\"tt_pay_group\";s:1:\"3\";}s:13:\"paystubdetail\";a:2:{s:12:\"paystubsched\";a:8:{s:6:\"pps_id\";s:1:\"1\";s:8:\"pps_name\";s:12:\"Semi-Monthly\";s:12:\"payperiod_id\";s:1:\"2\";s:10:\"paystub_id\";s:2:\"13\";s:20:\"payperiod_start_date\";s:19:\"2012-01-11 00:00:00\";s:18:\"payperiod_end_date\";s:19:\"2012-01-25 23:59:00\";s:20:\"payperiod_trans_date\";s:19:\"2012-01-30 23:59:00\";s:11:\"schedSecond\";s:2:\"25\";}s:14:\"paystubaccount\";a:8:{s:7:\"earning\";a:6:{s:5:\"basic\";s:8:\"49000.00\";s:11:\"Regulartime\";d:24500;s:4:\"COLA\";N;s:10:\"COLAperDay\";N;s:9:\"totalDays\";N;s:2:\"OT\";a:4:{s:9:\"OTDetails\";N;s:10:\"TotalallOT\";s:4:\"0.00\";s:9:\"OTbackpay\";s:4:\"0.00\";s:12:\"SumAllOTRate\";s:4:\"0.00\";}}s:9:\"deduction\";a:8:{s:3:\"SSS\";d:0;s:5:\"SSSER\";d:0;s:5:\"SSSEC\";d:0;s:10:\"PhilHealth\";d:37.5;s:12:\"PhilHealthER\";d:37.5;s:8:\"Pag-ibig\";i:50;s:10:\"Pag-ibigER\";i:50;s:6:\"Others\";N;}s:3:\"TUA\";a:2:{s:9:\"TADetails\";N;s:10:\"TotalLeave\";s:4:\"0.00\";}s:12:\"leave_record\";a:0:{}s:18:\"government_regular\";a:0:{}s:8:\"benefits\";a:1:{i:0;a:18:{s:6:\"psa_id\";s:2:\"36\";s:6:\"ben_id\";s:1:\"2\";s:8:\"psa_name\";s:15:\"Comm. Allowance\";s:8:\"psa_type\";s:1:\"1\";s:10:\"ben_amount\";s:4:\"1500\";s:13:\"ben_payperday\";s:4:\"1500\";s:13:\"ben_startdate\";s:10:\"2011-09-01\";s:11:\"ben_enddate\";s:10:\"0000-00-00\";s:11:\"ben_isfixed\";s:1:\"0\";s:11:\"ben_suspend\";s:1:\"0\";s:19:\"ben_periodselection\";s:9:\"0,1,0,0,0\";s:12:\"psa_priority\";s:1:\"0\";s:7:\"psa_tax\";s:1:\"0\";s:13:\"psa_statutory\";s:1:\"0\";s:5:\"year_\";s:4:\"2011\";s:6:\"month_\";s:2:\"09\";s:8:\"yearend_\";s:4:\"0000\";s:9:\"monthend_\";s:2:\"00\";}}s:10:\"amendments\";a:10:{i:0;a:1:{i:0;a:14:{s:6:\"psa_id\";s:2:\"40\";s:10:\"psamend_id\";s:1:\"3\";s:11:\"amendemp_id\";s:2:\"13\";s:8:\"psa_name\";s:19:\"EDO cash conversion\";s:12:\"psamend_desc\";s:3:\"EDO\";s:8:\"psa_type\";s:1:\"1\";s:12:\"psamend_rate\";s:4:\"0.00\";s:13:\"psamend_units\";s:4:\"0.00\";s:14:\"psamend_amount\";s:4:\"0.00\";s:19:\"psamend_effect_date\";s:10:\"2012-01-20\";s:17:\"psamend_istaxable\";s:1:\"0\";s:7:\"psa_tax\";s:1:\"1\";s:13:\"psa_statutory\";s:1:\"0\";s:15:\"amendemp_amount\";s:7:\"1500.00\";}}i:1;N;s:16:\"total_TSAEarning\";s:4:\"0.00\";s:15:\"total_TAEarning\";s:7:\"1500.00\";s:15:\"total_SAEarning\";s:4:\"0.00\";s:17:\"total_NTSAEarning\";s:4:\"0.00\";s:18:\"total_TSADeduction\";s:4:\"0.00\";s:17:\"total_TADeduction\";s:4:\"0.00\";s:17:\"total_SADeduction\";s:4:\"0.00\";s:19:\"total_NTSADeduction\";s:4:\"0.00\";}s:7:\"pstotal\";a:18:{s:5:\"gross\";s:8:\"27500.00\";s:12:\"Basic Salary\";s:8:\"49000.00\";s:8:\"PGsalary\";s:8:\"24500.00\";s:23:\"gross_nontaxable_income\";s:7:\"1500.00\";s:13:\"taxable_Gross\";s:8:\"25912.50\";s:9:\"Deduction\";s:7:\"4944.48\";s:17:\"SatutoryDeduction\";s:5:\"87.50\";s:7:\"W/H Tax\";s:7:\"4856.98\";s:13:\"aftertaxgross\";s:8:\"21055.52\";s:7:\"Net Pay\";s:8:\"22555.52\";s:20:\"other_taxable_income\";s:7:\"1500.00\";s:15:\"other_deduction\";s:4:\"0.00\";s:20:\"TotalEarning_payslip\";s:8:\"27500.00\";s:13:\"SumSABEarning\";s:4:\"0.00\";s:14:\"SumTSABEarning\";s:4:\"0.00\";s:15:\"SumTABDeduction\";s:4:\"0.00\";s:13:\"SumTABEarning\";s:7:\"1500.00\";s:13:\"BaseSTATGross\";s:8:\"24500.00\";}}}}','2012-05-21 12:08:26','jimabignay',NULL,NULL,1,0),(14,14,2,8,5,1,'a:2:{s:7:\"empinfo\";a:18:{s:6:\"emp_id\";s:1:\"8\";s:6:\"emp_no\";s:8:\"2011-182\";s:8:\"fullname\";s:17:\"Anna Liza A. Misa\";s:7:\"jobcode\";s:7:\"RECACCT\";s:11:\"jobpos_name\";s:21:\"Receivable Accountant\";s:9:\"comp_name\";s:17:\"Company XYZ, Inc.\";s:8:\"comp_add\";s:51:\"Alcar Building, Brgy. Highway Hills, Las Pinas City\";s:7:\"ud_name\";s:11:\"Acctg Dept.\";s:11:\"tax_ex_name\";s:12:\"Married (ME)\";s:7:\"comp_id\";s:1:\"1\";s:5:\"ud_id\";s:1:\"5\";s:12:\"emptype_name\";s:9:\"Rank File\";s:16:\"bankiemp_acct_no\";s:10:\"0189124996\";s:13:\"banklist_name\";s:3:\"BPI\";s:11:\"pi_emailone\";s:0:\"\";s:8:\"taxep_id\";s:1:\"8\";s:14:\"salaryclass_id\";s:1:\"4\";s:12:\"tt_pay_group\";s:1:\"3\";}s:13:\"paystubdetail\";a:2:{s:12:\"paystubsched\";a:8:{s:6:\"pps_id\";s:1:\"1\";s:8:\"pps_name\";s:12:\"Semi-Monthly\";s:12:\"payperiod_id\";s:1:\"2\";s:10:\"paystub_id\";s:2:\"14\";s:20:\"payperiod_start_date\";s:19:\"2012-01-11 00:00:00\";s:18:\"payperiod_end_date\";s:19:\"2012-01-25 23:59:00\";s:20:\"payperiod_trans_date\";s:19:\"2012-01-30 23:59:00\";s:11:\"schedSecond\";s:2:\"25\";}s:14:\"paystubaccount\";a:8:{s:7:\"earning\";a:6:{s:5:\"basic\";s:8:\"30000.00\";s:11:\"Regulartime\";d:15000;s:4:\"COLA\";N;s:10:\"COLAperDay\";N;s:9:\"totalDays\";N;s:2:\"OT\";a:4:{s:9:\"OTDetails\";a:2:{i:0;a:7:{s:8:\"otrec_id\";s:2:\"22\";s:7:\"ot_name\";s:4:\"NDF8\";s:4:\"rate\";s:3:\"0.1\";s:11:\"totaltimehr\";s:4:\"2.00\";s:8:\"ratephrs\";d:143.76996805111821231548674404621124267578125;s:9:\"rateperhr\";d:14.37699680511182265263414592482149600982666015625;s:8:\"otamount\";s:5:\"28.75\";}i:1;a:7:{s:8:\"otrec_id\";s:2:\"21\";s:7:\"ot_name\";s:3:\"ROT\";s:4:\"rate\";s:4:\"1.25\";s:11:\"totaltimehr\";s:4:\"3.00\";s:8:\"ratephrs\";d:143.76996805111821231548674404621124267578125;s:9:\"rateperhr\";d:179.7124600638977653943584300577640533447265625;s:8:\"otamount\";s:6:\"539.14\";}}s:10:\"TotalallOT\";s:6:\"567.89\";s:9:\"OTbackpay\";s:4:\"0.00\";s:12:\"SumAllOTRate\";s:6:\"567.89\";}}s:9:\"deduction\";a:8:{s:3:\"SSS\";d:0;s:5:\"SSSER\";d:0;s:5:\"SSSEC\";d:0;s:10:\"PhilHealth\";d:200;s:12:\"PhilHealthER\";d:200;s:8:\"Pag-ibig\";i:50;s:10:\"Pag-ibigER\";i:50;s:6:\"Others\";N;}s:3:\"TUA\";a:2:{s:9:\"TADetails\";N;s:10:\"TotalLeave\";s:4:\"0.00\";}s:12:\"leave_record\";a:2:{i:0;a:9:{s:11:\"empleave_id\";s:1:\"9\";s:8:\"leave_id\";s:1:\"1\";s:10:\"leave_name\";s:14:\"Vacation Leave\";s:17:\"empleave_used_day\";s:4:\"0.00\";s:22:\"empleave_available_day\";s:4:\"7.50\";s:19:\"empleave_substitute\";s:0:\"\";s:16:\"empleave_creadit\";s:5:\"15.00\";s:13:\"empleave_stat\";s:1:\"1\";s:15:\"leave_conv_cash\";s:3:\"Yes\";}i:1;a:9:{s:11:\"empleave_id\";s:2:\"10\";s:8:\"leave_id\";s:1:\"2\";s:10:\"leave_name\";s:10:\"Sick Leave\";s:17:\"empleave_used_day\";s:4:\"0.00\";s:22:\"empleave_available_day\";s:5:\"10.00\";s:19:\"empleave_substitute\";s:0:\"\";s:16:\"empleave_creadit\";s:5:\"15.00\";s:13:\"empleave_stat\";s:1:\"1\";s:15:\"leave_conv_cash\";s:3:\"Yes\";}}s:18:\"government_regular\";a:1:{i:0;a:27:{s:7:\"loan_id\";s:1:\"1\";s:11:\"loantype_id\";s:1:\"1\";s:6:\"psa_id\";s:1:\"9\";s:6:\"emp_id\";s:1:\"8\";s:15:\"loan_voucher_no\";s:10:\"0019115657\";s:19:\"loan_datepromissory\";s:10:\"2011-09-28\";s:14:\"loan_dategrant\";s:10:\"2011-09-28\";s:14:\"loan_principal\";s:8:\"24000.00\";s:19:\"loan_interestamount\";s:7:\"1200.00\";s:17:\"loan_interestperc\";s:4:\"5.00\";s:25:\"loan_monthly_amortization\";s:7:\"1050.00\";s:17:\"loan_payperperiod\";s:6:\"525.00\";s:8:\"loan_ytd\";s:7:\"4725.00\";s:12:\"loan_balance\";s:8:\"17850.00\";s:14:\"loan_startdate\";s:16:\"2011-November-01\";s:12:\"loan_enddate\";s:12:\"October 2013\";s:11:\"loan_addwho\";s:10:\"jimabignay\";s:12:\"loan_addwhen\";s:19:\"2011-12-19 15:19:25\";s:14:\"loan_updatewho\";s:10:\"jimabignay\";s:15:\"loan_updatewhen\";s:19:\"2012-05-21 00:00:00\";s:12:\"loan_suspend\";s:1:\"0\";s:10:\"loan_total\";s:8:\"25200.00\";s:16:\"loan_numofmonths\";s:2:\"24\";s:20:\"loan_periodselection\";s:9:\"1,1,0,0,0\";s:8:\"psa_name\";s:8:\"SSS Loan\";s:6:\"month_\";s:8:\"November\";s:5:\"year_\";s:4:\"2011\";}}s:8:\"benefits\";a:0:{}s:10:\"amendments\";a:10:{i:0;a:1:{i:0;a:14:{s:6:\"psa_id\";s:2:\"40\";s:10:\"psamend_id\";s:1:\"3\";s:11:\"amendemp_id\";s:2:\"12\";s:8:\"psa_name\";s:19:\"EDO cash conversion\";s:12:\"psamend_desc\";s:3:\"EDO\";s:8:\"psa_type\";s:1:\"1\";s:12:\"psamend_rate\";s:4:\"0.00\";s:13:\"psamend_units\";s:4:\"0.00\";s:14:\"psamend_amount\";s:4:\"0.00\";s:19:\"psamend_effect_date\";s:10:\"2012-01-20\";s:17:\"psamend_istaxable\";s:1:\"0\";s:7:\"psa_tax\";s:1:\"1\";s:13:\"psa_statutory\";s:1:\"0\";s:15:\"amendemp_amount\";s:7:\"1500.00\";}}i:1;N;s:16:\"total_TSAEarning\";s:4:\"0.00\";s:15:\"total_TAEarning\";s:7:\"1500.00\";s:15:\"total_SAEarning\";s:4:\"0.00\";s:17:\"total_NTSAEarning\";s:4:\"0.00\";s:18:\"total_TSADeduction\";s:4:\"0.00\";s:17:\"total_TADeduction\";s:4:\"0.00\";s:17:\"total_SADeduction\";s:4:\"0.00\";s:19:\"total_NTSADeduction\";s:4:\"0.00\";}s:7:\"pstotal\";a:18:{s:5:\"gross\";s:8:\"17067.89\";s:12:\"Basic Salary\";s:8:\"30000.00\";s:8:\"PGsalary\";s:8:\"15567.89\";s:23:\"gross_nontaxable_income\";s:4:\"0.00\";s:13:\"taxable_Gross\";s:8:\"16817.89\";s:9:\"Deduction\";s:7:\"4153.70\";s:17:\"SatutoryDeduction\";s:6:\"250.00\";s:7:\"W/H Tax\";s:7:\"3378.70\";s:13:\"aftertaxgross\";s:8:\"13439.19\";s:7:\"Net Pay\";s:8:\"12914.19\";s:20:\"other_taxable_income\";s:7:\"1500.00\";s:15:\"other_deduction\";s:6:\"525.00\";s:20:\"TotalEarning_payslip\";s:8:\"17067.89\";s:13:\"SumSABEarning\";s:4:\"0.00\";s:14:\"SumTSABEarning\";s:4:\"0.00\";s:15:\"SumTABDeduction\";s:4:\"0.00\";s:13:\"SumTABEarning\";s:7:\"1500.00\";s:13:\"BaseSTATGross\";s:8:\"15567.89\";}}}}','2012-05-21 12:08:26','jimabignay',NULL,NULL,1,0),(15,15,2,1,6,1,'a:2:{s:7:\"empinfo\";a:18:{s:6:\"emp_id\";s:1:\"1\";s:6:\"emp_no\";s:8:\"2011-191\";s:8:\"fullname\";s:18:\"Mary Grace R. Mooc\";s:7:\"jobcode\";s:3:\"HRM\";s:11:\"jobpos_name\";s:23:\"Human Resources Manager\";s:9:\"comp_name\";s:17:\"Company XYZ, Inc.\";s:8:\"comp_add\";s:51:\"Alcar Building, Brgy. Highway Hills, Las Pinas City\";s:7:\"ud_name\";s:8:\"HR Dept.\";s:11:\"tax_ex_name\";s:14:\"Married1 (ME1)\";s:7:\"comp_id\";s:1:\"1\";s:5:\"ud_id\";s:1:\"6\";s:12:\"emptype_name\";s:7:\"Manager\";s:16:\"bankiemp_acct_no\";s:10:\"4169124375\";s:13:\"banklist_name\";s:3:\"BPI\";s:11:\"pi_emailone\";s:21:\"mooc@sample.email.com\";s:8:\"taxep_id\";s:1:\"9\";s:14:\"salaryclass_id\";s:1:\"4\";s:12:\"tt_pay_group\";s:1:\"3\";}s:13:\"paystubdetail\";a:2:{s:12:\"paystubsched\";a:8:{s:6:\"pps_id\";s:1:\"1\";s:8:\"pps_name\";s:12:\"Semi-Monthly\";s:12:\"payperiod_id\";s:1:\"2\";s:10:\"paystub_id\";s:2:\"15\";s:20:\"payperiod_start_date\";s:19:\"2012-01-11 00:00:00\";s:18:\"payperiod_end_date\";s:19:\"2012-01-25 23:59:00\";s:20:\"payperiod_trans_date\";s:19:\"2012-01-30 23:59:00\";s:11:\"schedSecond\";s:2:\"25\";}s:14:\"paystubaccount\";a:8:{s:7:\"earning\";a:6:{s:5:\"basic\";s:8:\"35000.00\";s:11:\"Regulartime\";d:17500;s:4:\"COLA\";N;s:10:\"COLAperDay\";N;s:9:\"totalDays\";N;s:2:\"OT\";a:4:{s:9:\"OTDetails\";N;s:10:\"TotalallOT\";s:4:\"0.00\";s:9:\"OTbackpay\";s:4:\"0.00\";s:12:\"SumAllOTRate\";s:4:\"0.00\";}}s:9:\"deduction\";a:8:{s:3:\"SSS\";d:0;s:5:\"SSSER\";d:0;s:5:\"SSSEC\";d:0;s:10:\"PhilHealth\";d:125;s:12:\"PhilHealthER\";d:125;s:8:\"Pag-ibig\";i:50;s:10:\"Pag-ibigER\";i:50;s:6:\"Others\";N;}s:3:\"TUA\";a:2:{s:9:\"TADetails\";a:1:{i:0;a:7:{s:12:\"emp_tarec_id\";s:2:\"19\";s:7:\"ta_name\";s:4:\"Late\";s:4:\"type\";s:1:\"1\";s:11:\"totaltimehr\";s:4:\"0.10\";s:8:\"ratetype\";s:1:\"H\";s:9:\"rateperDH\";d:167.731629392971257175304344855248928070068359375;s:8:\"taamount\";d:16.773162939297126428073170245625078678131103515625;}}s:10:\"TotalLeave\";s:5:\"16.77\";}s:12:\"leave_record\";a:2:{i:0;a:9:{s:11:\"empleave_id\";s:2:\"11\";s:8:\"leave_id\";s:1:\"1\";s:10:\"leave_name\";s:14:\"Vacation Leave\";s:17:\"empleave_used_day\";s:4:\"0.00\";s:22:\"empleave_available_day\";s:4:\"3.00\";s:19:\"empleave_substitute\";s:0:\"\";s:16:\"empleave_creadit\";s:5:\"15.00\";s:13:\"empleave_stat\";s:1:\"1\";s:15:\"leave_conv_cash\";s:3:\"Yes\";}i:1;a:9:{s:11:\"empleave_id\";s:2:\"12\";s:8:\"leave_id\";s:1:\"2\";s:10:\"leave_name\";s:10:\"Sick Leave\";s:17:\"empleave_used_day\";s:4:\"0.00\";s:22:\"empleave_available_day\";s:4:\"2.00\";s:19:\"empleave_substitute\";s:0:\"\";s:16:\"empleave_creadit\";s:5:\"15.00\";s:13:\"empleave_stat\";s:1:\"1\";s:15:\"leave_conv_cash\";s:3:\"Yes\";}}s:18:\"government_regular\";a:1:{i:0;a:27:{s:7:\"loan_id\";s:1:\"2\";s:11:\"loantype_id\";s:1:\"1\";s:6:\"psa_id\";s:1:\"9\";s:6:\"emp_id\";s:1:\"1\";s:15:\"loan_voucher_no\";s:10:\"0019115658\";s:19:\"loan_datepromissory\";s:10:\"2011-09-28\";s:14:\"loan_dategrant\";s:10:\"2011-09-28\";s:14:\"loan_principal\";s:8:\"24000.00\";s:19:\"loan_interestamount\";s:7:\"1200.00\";s:17:\"loan_interestperc\";s:4:\"5.00\";s:25:\"loan_monthly_amortization\";s:7:\"1050.00\";s:17:\"loan_payperperiod\";s:6:\"525.00\";s:8:\"loan_ytd\";s:7:\"4725.00\";s:12:\"loan_balance\";s:8:\"17850.00\";s:14:\"loan_startdate\";s:16:\"2011-November-01\";s:12:\"loan_enddate\";s:12:\"October 2013\";s:11:\"loan_addwho\";s:10:\"jimabignay\";s:12:\"loan_addwhen\";s:19:\"2011-12-19 15:21:22\";s:14:\"loan_updatewho\";s:10:\"jimabignay\";s:15:\"loan_updatewhen\";s:19:\"2012-05-21 00:00:00\";s:12:\"loan_suspend\";s:1:\"0\";s:10:\"loan_total\";s:8:\"25200.00\";s:16:\"loan_numofmonths\";s:2:\"24\";s:20:\"loan_periodselection\";s:9:\"1,1,0,0,0\";s:8:\"psa_name\";s:8:\"SSS Loan\";s:6:\"month_\";s:8:\"November\";s:5:\"year_\";s:4:\"2011\";}}s:8:\"benefits\";a:0:{}s:10:\"amendments\";a:10:{i:0;a:1:{i:0;a:14:{s:6:\"psa_id\";s:2:\"40\";s:10:\"psamend_id\";s:1:\"3\";s:11:\"amendemp_id\";s:2:\"14\";s:8:\"psa_name\";s:19:\"EDO cash conversion\";s:12:\"psamend_desc\";s:3:\"EDO\";s:8:\"psa_type\";s:1:\"1\";s:12:\"psamend_rate\";s:4:\"0.00\";s:13:\"psamend_units\";s:4:\"0.00\";s:14:\"psamend_amount\";s:4:\"0.00\";s:19:\"psamend_effect_date\";s:10:\"2012-01-20\";s:17:\"psamend_istaxable\";s:1:\"0\";s:7:\"psa_tax\";s:1:\"1\";s:13:\"psa_statutory\";s:1:\"0\";s:15:\"amendemp_amount\";s:7:\"1500.00\";}}i:1;N;s:16:\"total_TSAEarning\";s:4:\"0.00\";s:15:\"total_TAEarning\";s:7:\"1500.00\";s:15:\"total_SAEarning\";s:4:\"0.00\";s:17:\"total_NTSAEarning\";s:4:\"0.00\";s:18:\"total_TSADeduction\";s:4:\"0.00\";s:17:\"total_TADeduction\";s:4:\"0.00\";s:17:\"total_SADeduction\";s:4:\"0.00\";s:19:\"total_NTSADeduction\";s:4:\"0.00\";}s:7:\"pstotal\";a:18:{s:5:\"gross\";s:8:\"19000.00\";s:12:\"Basic Salary\";s:8:\"35000.00\";s:8:\"PGsalary\";s:8:\"17483.23\";s:23:\"gross_nontaxable_income\";s:4:\"0.00\";s:13:\"taxable_Gross\";s:8:\"18808.23\";s:9:\"Deduction\";s:7:\"4379.97\";s:17:\"SatutoryDeduction\";s:6:\"175.00\";s:7:\"W/H Tax\";s:7:\"3663.20\";s:13:\"aftertaxgross\";s:8:\"15145.03\";s:7:\"Net Pay\";s:8:\"14620.03\";s:20:\"other_taxable_income\";s:7:\"1500.00\";s:15:\"other_deduction\";s:6:\"525.00\";s:20:\"TotalEarning_payslip\";s:8:\"19000.00\";s:13:\"SumSABEarning\";s:4:\"0.00\";s:14:\"SumTSABEarning\";s:4:\"0.00\";s:15:\"SumTABDeduction\";s:4:\"0.00\";s:13:\"SumTABEarning\";s:7:\"1500.00\";s:13:\"BaseSTATGross\";s:8:\"17483.23\";}}}}','2012-05-21 12:08:26','jimabignay',NULL,NULL,1,0),(16,16,2,10,4,1,'a:2:{s:7:\"empinfo\";a:18:{s:6:\"emp_id\";s:2:\"10\";s:6:\"emp_no\";s:8:\"2011-180\";s:8:\"fullname\";s:22:\"Cris Julius A. Oropesa\";s:7:\"jobcode\";s:3:\"RSO\";s:11:\"jobpos_name\";s:22:\"Regional Sales Officer\";s:9:\"comp_name\";s:17:\"Company XYZ, Inc.\";s:8:\"comp_add\";s:51:\"Alcar Building, Brgy. Highway Hills, Las Pinas City\";s:7:\"ud_name\";s:21:\"Sales and Mktg. Dept.\";s:11:\"tax_ex_name\";s:14:\"Married2 (ME2)\";s:7:\"comp_id\";s:1:\"1\";s:5:\"ud_id\";s:1:\"4\";s:12:\"emptype_name\";s:9:\"Rank File\";s:16:\"bankiemp_acct_no\";s:10:\"0189125429\";s:13:\"banklist_name\";s:3:\"BPI\";s:11:\"pi_emailone\";s:0:\"\";s:8:\"taxep_id\";s:2:\"10\";s:14:\"salaryclass_id\";s:1:\"4\";s:12:\"tt_pay_group\";s:1:\"3\";}s:13:\"paystubdetail\";a:2:{s:12:\"paystubsched\";a:8:{s:6:\"pps_id\";s:1:\"1\";s:8:\"pps_name\";s:12:\"Semi-Monthly\";s:12:\"payperiod_id\";s:1:\"2\";s:10:\"paystub_id\";s:2:\"16\";s:20:\"payperiod_start_date\";s:19:\"2012-01-11 00:00:00\";s:18:\"payperiod_end_date\";s:19:\"2012-01-25 23:59:00\";s:20:\"payperiod_trans_date\";s:19:\"2012-01-30 23:59:00\";s:11:\"schedSecond\";s:2:\"25\";}s:14:\"paystubaccount\";a:8:{s:7:\"earning\";a:6:{s:5:\"basic\";s:8:\"17000.00\";s:11:\"Regulartime\";d:8500;s:4:\"COLA\";N;s:10:\"COLAperDay\";N;s:9:\"totalDays\";N;s:2:\"OT\";a:4:{s:9:\"OTDetails\";a:2:{i:0;a:7:{s:8:\"otrec_id\";s:2:\"24\";s:7:\"ot_name\";s:7:\"OT_SHX8\";s:4:\"rate\";s:4:\"1.69\";s:11:\"totaltimehr\";s:4:\"8.00\";s:8:\"ratephrs\";d:81.4696485623003212594994693063199520111083984375;s:9:\"rateperhr\";d:137.68370607028754193379427306354045867919921875;s:8:\"otamount\";s:7:\"1101.47\";}i:1;a:7:{s:8:\"otrec_id\";s:2:\"23\";s:7:\"ot_name\";s:8:\"OT_SHF8M\";s:4:\"rate\";s:3:\"0.3\";s:11:\"totaltimehr\";s:4:\"8.00\";s:8:\"ratephrs\";d:81.4696485623003212594994693063199520111083984375;s:9:\"rateperhr\";d:24.440894568690094246221633511595427989959716796875;s:8:\"otamount\";s:6:\"195.53\";}}s:10:\"TotalallOT\";s:7:\"1297.00\";s:9:\"OTbackpay\";s:4:\"0.00\";s:12:\"SumAllOTRate\";s:7:\"1297.00\";}}s:9:\"deduction\";a:8:{s:3:\"SSS\";d:216.69999999999998863131622783839702606201171875;s:5:\"SSSER\";d:459.299999999999954525264911353588104248046875;s:5:\"SSSEC\";d:20;s:10:\"PhilHealth\";d:125;s:12:\"PhilHealthER\";d:125;s:8:\"Pag-ibig\";i:50;s:10:\"Pag-ibigER\";i:50;s:6:\"Others\";N;}s:3:\"TUA\";a:2:{s:9:\"TADetails\";N;s:10:\"TotalLeave\";s:4:\"0.00\";}s:12:\"leave_record\";a:2:{i:0;a:9:{s:11:\"empleave_id\";s:1:\"1\";s:8:\"leave_id\";s:1:\"1\";s:10:\"leave_name\";s:14:\"Vacation Leave\";s:17:\"empleave_used_day\";s:4:\"0.00\";s:22:\"empleave_available_day\";s:5:\"12.00\";s:19:\"empleave_substitute\";s:0:\"\";s:16:\"empleave_creadit\";s:5:\"15.00\";s:13:\"empleave_stat\";s:1:\"1\";s:15:\"leave_conv_cash\";s:3:\"Yes\";}i:1;a:9:{s:11:\"empleave_id\";s:1:\"2\";s:8:\"leave_id\";s:1:\"2\";s:10:\"leave_name\";s:10:\"Sick Leave\";s:17:\"empleave_used_day\";s:4:\"0.00\";s:22:\"empleave_available_day\";s:5:\"13.00\";s:19:\"empleave_substitute\";s:0:\"\";s:16:\"empleave_creadit\";s:5:\"15.00\";s:13:\"empleave_stat\";s:1:\"1\";s:15:\"leave_conv_cash\";s:3:\"Yes\";}}s:18:\"government_regular\";a:1:{i:0;a:27:{s:7:\"loan_id\";s:1:\"7\";s:11:\"loantype_id\";s:1:\"1\";s:6:\"psa_id\";s:1:\"9\";s:6:\"emp_id\";s:2:\"10\";s:15:\"loan_voucher_no\";s:10:\"0019297934\";s:19:\"loan_datepromissory\";s:10:\"2011-11-29\";s:14:\"loan_dategrant\";s:10:\"2011-11-29\";s:14:\"loan_principal\";s:8:\"24000.00\";s:19:\"loan_interestamount\";s:7:\"1200.00\";s:17:\"loan_interestperc\";s:4:\"5.00\";s:25:\"loan_monthly_amortization\";s:7:\"1050.00\";s:17:\"loan_payperperiod\";s:6:\"525.00\";s:8:\"loan_ytd\";s:7:\"5250.00\";s:12:\"loan_balance\";s:8:\"19950.00\";s:14:\"loan_startdate\";s:15:\"2012-January-01\";s:12:\"loan_enddate\";s:13:\"December 2013\";s:11:\"loan_addwho\";s:5:\"admin\";s:12:\"loan_addwhen\";s:19:\"2012-02-13 16:14:11\";s:14:\"loan_updatewho\";s:10:\"jimabignay\";s:15:\"loan_updatewhen\";s:19:\"2012-05-21 00:00:00\";s:12:\"loan_suspend\";s:1:\"0\";s:10:\"loan_total\";s:8:\"25200.00\";s:16:\"loan_numofmonths\";s:1:\"0\";s:20:\"loan_periodselection\";s:9:\"1,1,0,0,0\";s:8:\"psa_name\";s:8:\"SSS Loan\";s:6:\"month_\";s:7:\"January\";s:5:\"year_\";s:4:\"2012\";}}s:8:\"benefits\";a:1:{i:0;a:18:{s:6:\"psa_id\";s:2:\"37\";s:6:\"ben_id\";s:2:\"10\";s:8:\"psa_name\";s:18:\"Transpo. Allowance\";s:8:\"psa_type\";s:1:\"1\";s:10:\"ben_amount\";s:4:\"2000\";s:13:\"ben_payperday\";s:4:\"2000\";s:13:\"ben_startdate\";s:10:\"2012-01-01\";s:11:\"ben_enddate\";s:10:\"0000-00-00\";s:11:\"ben_isfixed\";s:1:\"0\";s:11:\"ben_suspend\";s:1:\"0\";s:19:\"ben_periodselection\";s:9:\"0,1,0,0,0\";s:12:\"psa_priority\";s:1:\"0\";s:7:\"psa_tax\";s:1:\"0\";s:13:\"psa_statutory\";s:1:\"0\";s:5:\"year_\";s:4:\"2012\";s:6:\"month_\";s:2:\"01\";s:8:\"yearend_\";s:4:\"0000\";s:9:\"monthend_\";s:2:\"00\";}}s:10:\"amendments\";a:10:{i:0;a:1:{i:0;a:14:{s:6:\"psa_id\";s:2:\"40\";s:10:\"psamend_id\";s:1:\"3\";s:11:\"amendemp_id\";s:2:\"17\";s:8:\"psa_name\";s:19:\"EDO cash conversion\";s:12:\"psamend_desc\";s:3:\"EDO\";s:8:\"psa_type\";s:1:\"1\";s:12:\"psamend_rate\";s:4:\"0.00\";s:13:\"psamend_units\";s:4:\"0.00\";s:14:\"psamend_amount\";s:4:\"0.00\";s:19:\"psamend_effect_date\";s:10:\"2012-01-20\";s:17:\"psamend_istaxable\";s:1:\"0\";s:7:\"psa_tax\";s:1:\"1\";s:13:\"psa_statutory\";s:1:\"0\";s:15:\"amendemp_amount\";s:7:\"1500.00\";}}i:1;N;s:16:\"total_TSAEarning\";s:4:\"0.00\";s:15:\"total_TAEarning\";s:7:\"1500.00\";s:15:\"total_SAEarning\";s:4:\"0.00\";s:17:\"total_NTSAEarning\";s:4:\"0.00\";s:18:\"total_TSADeduction\";s:4:\"0.00\";s:17:\"total_TADeduction\";s:4:\"0.00\";s:17:\"total_SADeduction\";s:4:\"0.00\";s:19:\"total_NTSADeduction\";s:4:\"0.00\";}s:7:\"pstotal\";a:18:{s:5:\"gross\";s:8:\"13297.00\";s:12:\"Basic Salary\";s:8:\"17000.00\";s:8:\"PGsalary\";s:7:\"9797.00\";s:23:\"gross_nontaxable_income\";s:7:\"2000.00\";s:13:\"taxable_Gross\";s:8:\"10905.30\";s:9:\"Deduction\";s:7:\"2080.53\";s:17:\"SatutoryDeduction\";s:6:\"391.70\";s:7:\"W/H Tax\";s:7:\"1163.83\";s:13:\"aftertaxgross\";s:7:\"9741.47\";s:7:\"Net Pay\";s:8:\"11216.47\";s:20:\"other_taxable_income\";s:7:\"1500.00\";s:15:\"other_deduction\";s:6:\"525.00\";s:20:\"TotalEarning_payslip\";s:8:\"13297.00\";s:13:\"SumSABEarning\";s:4:\"0.00\";s:14:\"SumTSABEarning\";s:4:\"0.00\";s:15:\"SumTABDeduction\";s:4:\"0.00\";s:13:\"SumTABEarning\";s:7:\"1500.00\";s:13:\"BaseSTATGross\";s:7:\"9797.00\";}}}}','2012-05-21 12:08:26','jimabignay',NULL,NULL,1,0),(17,17,2,11,3,1,'a:2:{s:7:\"empinfo\";a:18:{s:6:\"emp_id\";s:2:\"11\";s:6:\"emp_no\";s:8:\"2012-001\";s:8:\"fullname\";s:13:\"Jose P. Rizal\";s:7:\"jobcode\";s:5:\"ITSUP\";s:11:\"jobpos_name\";s:13:\"IT Supervisor\";s:9:\"comp_name\";s:17:\"Company XYZ, Inc.\";s:8:\"comp_add\";s:51:\"Alcar Building, Brgy. Highway Hills, Las Pinas City\";s:7:\"ud_name\";s:8:\"IT Dept.\";s:11:\"tax_ex_name\";s:9:\"Single(S)\";s:7:\"comp_id\";s:1:\"1\";s:5:\"ud_id\";s:1:\"3\";s:12:\"emptype_name\";s:10:\"Supervisor\";s:16:\"bankiemp_acct_no\";s:9:\"010092345\";s:13:\"banklist_name\";s:3:\"BPI\";s:11:\"pi_emailone\";s:22:\"rizal@sample.email.com\";s:8:\"taxep_id\";s:1:\"3\";s:14:\"salaryclass_id\";s:1:\"4\";s:12:\"tt_pay_group\";s:1:\"3\";}s:13:\"paystubdetail\";a:2:{s:12:\"paystubsched\";a:8:{s:6:\"pps_id\";s:1:\"1\";s:8:\"pps_name\";s:12:\"Semi-Monthly\";s:12:\"payperiod_id\";s:1:\"2\";s:10:\"paystub_id\";s:2:\"17\";s:20:\"payperiod_start_date\";s:19:\"2012-01-11 00:00:00\";s:18:\"payperiod_end_date\";s:19:\"2012-01-25 23:59:00\";s:20:\"payperiod_trans_date\";s:19:\"2012-01-30 23:59:00\";s:11:\"schedSecond\";s:2:\"25\";}s:14:\"paystubaccount\";a:8:{s:7:\"earning\";a:6:{s:5:\"basic\";s:8:\"26000.00\";s:11:\"Regulartime\";d:13000;s:4:\"COLA\";N;s:10:\"COLAperDay\";N;s:9:\"totalDays\";N;s:2:\"OT\";a:4:{s:9:\"OTDetails\";N;s:10:\"TotalallOT\";s:4:\"0.00\";s:9:\"OTbackpay\";s:4:\"0.00\";s:12:\"SumAllOTRate\";s:4:\"0.00\";}}s:9:\"deduction\";a:8:{s:3:\"SSS\";d:400;s:5:\"SSSER\";d:848;s:5:\"SSSEC\";i:10;s:10:\"PhilHealth\";d:150;s:12:\"PhilHealthER\";d:150;s:8:\"Pag-ibig\";i:50;s:10:\"Pag-ibigER\";i:50;s:6:\"Others\";N;}s:3:\"TUA\";a:2:{s:9:\"TADetails\";a:1:{i:0;a:7:{s:12:\"emp_tarec_id\";s:2:\"20\";s:7:\"ta_name\";s:27:\"Authorized absence - no pay\";s:4:\"type\";s:1:\"2\";s:11:\"totaltimehr\";s:4:\"1.00\";s:8:\"ratetype\";s:1:\"D\";s:9:\"rateperDH\";d:996.805111821086256895796395838260650634765625;s:8:\"taamount\";d:996.805111821086256895796395838260650634765625;}}s:10:\"TotalLeave\";s:6:\"996.81\";}s:12:\"leave_record\";a:2:{i:0;a:9:{s:11:\"empleave_id\";s:2:\"16\";s:8:\"leave_id\";s:1:\"1\";s:10:\"leave_name\";s:14:\"Vacation Leave\";s:17:\"empleave_used_day\";s:4:\"0.00\";s:22:\"empleave_available_day\";s:5:\"15.00\";s:19:\"empleave_substitute\";N;s:16:\"empleave_creadit\";s:5:\"15.00\";s:13:\"empleave_stat\";s:1:\"1\";s:15:\"leave_conv_cash\";s:3:\"Yes\";}i:1;a:9:{s:11:\"empleave_id\";s:2:\"15\";s:8:\"leave_id\";s:1:\"2\";s:10:\"leave_name\";s:10:\"Sick Leave\";s:17:\"empleave_used_day\";s:4:\"0.00\";s:22:\"empleave_available_day\";s:5:\"15.00\";s:19:\"empleave_substitute\";N;s:16:\"empleave_creadit\";s:5:\"15.00\";s:13:\"empleave_stat\";s:1:\"1\";s:15:\"leave_conv_cash\";s:3:\"Yes\";}}s:18:\"government_regular\";a:0:{}s:8:\"benefits\";a:0:{}s:10:\"amendments\";a:10:{i:0;N;i:1;N;s:16:\"total_TSAEarning\";s:4:\"0.00\";s:15:\"total_TAEarning\";s:4:\"0.00\";s:15:\"total_SAEarning\";s:4:\"0.00\";s:17:\"total_NTSAEarning\";s:4:\"0.00\";s:18:\"total_TSADeduction\";s:4:\"0.00\";s:17:\"total_TADeduction\";s:4:\"0.00\";s:17:\"total_SADeduction\";s:4:\"0.00\";s:19:\"total_NTSADeduction\";s:4:\"0.00\";}s:7:\"pstotal\";a:18:{s:5:\"gross\";s:8:\"13000.00\";s:12:\"Basic Salary\";s:8:\"26000.00\";s:8:\"PGsalary\";s:8:\"12003.19\";s:23:\"gross_nontaxable_income\";s:4:\"0.00\";s:13:\"taxable_Gross\";s:8:\"11403.19\";s:9:\"Deduction\";s:7:\"3405.86\";s:17:\"SatutoryDeduction\";s:6:\"600.00\";s:7:\"W/H Tax\";s:7:\"1809.05\";s:13:\"aftertaxgross\";s:7:\"9594.14\";s:7:\"Net Pay\";s:7:\"9594.14\";s:20:\"other_taxable_income\";s:4:\"0.00\";s:15:\"other_deduction\";s:4:\"0.00\";s:20:\"TotalEarning_payslip\";s:8:\"13000.00\";s:13:\"SumSABEarning\";s:4:\"0.00\";s:14:\"SumTSABEarning\";s:4:\"0.00\";s:15:\"SumTABDeduction\";s:4:\"0.00\";s:13:\"SumTABEarning\";s:4:\"0.00\";s:13:\"BaseSTATGross\";s:8:\"12003.19\";}}}}','2012-05-21 12:08:26','jimabignay',NULL,NULL,1,0),(18,18,3,6,5,1,'a:2:{s:7:\"empinfo\";a:18:{s:6:\"emp_id\";s:1:\"6\";s:6:\"emp_no\";s:8:\"2011-201\";s:8:\"fullname\";s:22:\"Bryan Anthony C. Banal\";s:7:\"jobcode\";s:8:\"COSTACCT\";s:11:\"jobpos_name\";s:15:\"Cost Accountant\";s:9:\"comp_name\";s:17:\"Company XYZ, Inc.\";s:8:\"comp_add\";s:51:\"Alcar Building, Brgy. Highway Hills, Las Pinas City\";s:7:\"ud_name\";s:11:\"Acctg Dept.\";s:11:\"tax_ex_name\";s:9:\"Single(S)\";s:7:\"comp_id\";s:1:\"1\";s:5:\"ud_id\";s:1:\"5\";s:12:\"emptype_name\";s:9:\"Rank File\";s:16:\"bankiemp_acct_no\";s:10:\"0189131111\";s:13:\"banklist_name\";s:3:\"BPI\";s:11:\"pi_emailone\";s:22:\"banal@sample.email.com\";s:8:\"taxep_id\";s:1:\"3\";s:14:\"salaryclass_id\";s:1:\"4\";s:12:\"tt_pay_group\";s:1:\"3\";}s:13:\"paystubdetail\";a:2:{s:12:\"paystubsched\";a:8:{s:6:\"pps_id\";s:1:\"1\";s:8:\"pps_name\";s:12:\"Semi-Monthly\";s:12:\"payperiod_id\";s:1:\"3\";s:10:\"paystub_id\";s:2:\"18\";s:20:\"payperiod_start_date\";s:19:\"2012-01-26 00:00:00\";s:18:\"payperiod_end_date\";s:19:\"2012-02-10 23:59:00\";s:20:\"payperiod_trans_date\";s:19:\"2012-02-15 23:59:00\";s:11:\"schedSecond\";s:2:\"25\";}s:14:\"paystubaccount\";a:8:{s:7:\"earning\";a:6:{s:5:\"basic\";s:8:\"14000.00\";s:11:\"Regulartime\";d:7000;s:4:\"COLA\";N;s:10:\"COLAperDay\";N;s:9:\"totalDays\";N;s:2:\"OT\";a:4:{s:9:\"OTDetails\";a:1:{i:0;a:7:{s:8:\"otrec_id\";s:2:\"25\";s:7:\"ot_name\";s:3:\"ROT\";s:4:\"rate\";s:4:\"1.25\";s:11:\"totaltimehr\";s:4:\"2.00\";s:8:\"ratephrs\";d:67.0926517571884915014379657804965972900390625;s:9:\"rateperhr\";d:83.865814696485614376797457225620746612548828125;s:8:\"otamount\";s:6:\"167.73\";}}s:10:\"TotalallOT\";s:6:\"167.73\";s:9:\"OTbackpay\";s:4:\"0.00\";s:12:\"SumAllOTRate\";s:6:\"167.73\";}}s:9:\"deduction\";a:8:{s:3:\"SSS\";s:6:\"250.00\";s:5:\"SSSER\";s:6:\"530.00\";s:5:\"SSSEC\";s:2:\"10\";s:10:\"PhilHealth\";s:5:\"87.50\";s:12:\"PhilHealthER\";s:5:\"87.50\";s:8:\"Pag-ibig\";i:50;s:10:\"Pag-ibigER\";i:50;s:6:\"Others\";N;}s:3:\"TUA\";a:2:{s:9:\"TADetails\";N;s:10:\"TotalLeave\";s:4:\"0.00\";}s:12:\"leave_record\";a:0:{}s:18:\"government_regular\";a:0:{}s:8:\"benefits\";a:1:{i:0;a:18:{s:6:\"psa_id\";s:2:\"12\";s:6:\"ben_id\";s:1:\"8\";s:8:\"psa_name\";s:14:\"Rice Allowance\";s:8:\"psa_type\";s:1:\"1\";s:10:\"ben_amount\";s:4:\"1000\";s:13:\"ben_payperday\";s:3:\"500\";s:13:\"ben_startdate\";s:10:\"2012-01-01\";s:11:\"ben_enddate\";s:10:\"0000-00-00\";s:11:\"ben_isfixed\";s:1:\"0\";s:11:\"ben_suspend\";s:1:\"0\";s:19:\"ben_periodselection\";s:9:\"1,1,0,0,0\";s:12:\"psa_priority\";s:1:\"0\";s:7:\"psa_tax\";s:1:\"1\";s:13:\"psa_statutory\";s:1:\"1\";s:5:\"year_\";s:4:\"2012\";s:6:\"month_\";s:2:\"01\";s:8:\"yearend_\";s:4:\"0000\";s:9:\"monthend_\";s:2:\"00\";}}s:10:\"amendments\";a:10:{i:0;a:1:{i:0;a:14:{s:6:\"psa_id\";s:2:\"55\";s:10:\"psamend_id\";s:1:\"4\";s:11:\"amendemp_id\";s:2:\"18\";s:8:\"psa_name\";s:16:\"Salary deduction\";s:12:\"psamend_desc\";s:16:\"Salary Deduction\";s:8:\"psa_type\";s:1:\"2\";s:12:\"psamend_rate\";s:4:\"0.00\";s:13:\"psamend_units\";s:4:\"0.00\";s:14:\"psamend_amount\";s:4:\"0.00\";s:19:\"psamend_effect_date\";s:10:\"2012-01-31\";s:17:\"psamend_istaxable\";s:1:\"0\";s:7:\"psa_tax\";s:1:\"0\";s:13:\"psa_statutory\";s:1:\"0\";s:15:\"amendemp_amount\";s:6:\"150.00\";}}i:1;N;s:16:\"total_TSAEarning\";s:4:\"0.00\";s:15:\"total_TAEarning\";s:4:\"0.00\";s:15:\"total_SAEarning\";s:4:\"0.00\";s:17:\"total_NTSAEarning\";s:4:\"0.00\";s:18:\"total_TSADeduction\";s:4:\"0.00\";s:17:\"total_TADeduction\";s:4:\"0.00\";s:17:\"total_SADeduction\";s:4:\"0.00\";s:19:\"total_NTSADeduction\";s:6:\"150.00\";}s:7:\"pstotal\";a:18:{s:5:\"gross\";s:7:\"7667.73\";s:12:\"Basic Salary\";s:8:\"14000.00\";s:8:\"PGsalary\";s:7:\"7167.73\";s:23:\"gross_nontaxable_income\";s:4:\"0.00\";s:13:\"taxable_Gross\";s:7:\"7280.23\";s:9:\"Deduction\";s:7:\"1347.72\";s:17:\"SatutoryDeduction\";s:6:\"387.50\";s:7:\"W/H Tax\";s:6:\"810.22\";s:13:\"aftertaxgross\";s:7:\"6470.01\";s:7:\"Net Pay\";s:7:\"6320.01\";s:20:\"other_taxable_income\";s:4:\"0.00\";s:15:\"other_deduction\";s:6:\"150.00\";s:20:\"TotalEarning_payslip\";s:7:\"7667.73\";s:13:\"SumSABEarning\";s:4:\"0.00\";s:14:\"SumTSABEarning\";s:6:\"500.00\";s:15:\"SumTABDeduction\";s:4:\"0.00\";s:13:\"SumTABEarning\";s:4:\"0.00\";s:13:\"BaseSTATGross\";s:7:\"7667.73\";}}}}','2012-05-21 15:04:22','jimabignay',NULL,NULL,1,0),(19,19,3,5,3,1,'a:2:{s:7:\"empinfo\";a:18:{s:6:\"emp_id\";s:1:\"5\";s:6:\"emp_no\";s:8:\"2002-001\";s:8:\"fullname\";s:20:\"Mark Anthony M. Cruz\";s:7:\"jobcode\";s:6:\"ITMNGR\";s:11:\"jobpos_name\";s:10:\"IT Manager\";s:9:\"comp_name\";s:17:\"Company XYZ, Inc.\";s:8:\"comp_add\";s:51:\"Alcar Building, Brgy. Highway Hills, Las Pinas City\";s:7:\"ud_name\";s:8:\"IT Dept.\";s:11:\"tax_ex_name\";s:14:\"Married2 (ME2)\";s:7:\"comp_id\";s:1:\"1\";s:5:\"ud_id\";s:1:\"3\";s:12:\"emptype_name\";s:7:\"Manager\";s:16:\"bankiemp_acct_no\";s:10:\"0189080000\";s:13:\"banklist_name\";s:3:\"BPI\";s:11:\"pi_emailone\";s:21:\"cruz@sample.email.com\";s:8:\"taxep_id\";s:2:\"10\";s:14:\"salaryclass_id\";s:1:\"4\";s:12:\"tt_pay_group\";s:1:\"3\";}s:13:\"paystubdetail\";a:2:{s:12:\"paystubsched\";a:8:{s:6:\"pps_id\";s:1:\"1\";s:8:\"pps_name\";s:12:\"Semi-Monthly\";s:12:\"payperiod_id\";s:1:\"3\";s:10:\"paystub_id\";s:2:\"19\";s:20:\"payperiod_start_date\";s:19:\"2012-01-26 00:00:00\";s:18:\"payperiod_end_date\";s:19:\"2012-02-10 23:59:00\";s:20:\"payperiod_trans_date\";s:19:\"2012-02-15 23:59:00\";s:11:\"schedSecond\";s:2:\"25\";}s:14:\"paystubaccount\";a:8:{s:7:\"earning\";a:6:{s:5:\"basic\";s:8:\"64234.81\";s:11:\"Regulartime\";d:32117.40499999999883584678173065185546875;s:4:\"COLA\";N;s:10:\"COLAperDay\";N;s:9:\"totalDays\";N;s:2:\"OT\";a:4:{s:9:\"OTDetails\";N;s:10:\"TotalallOT\";s:4:\"0.00\";s:9:\"OTbackpay\";s:4:\"0.00\";s:12:\"SumAllOTRate\";s:4:\"0.00\";}}s:9:\"deduction\";a:8:{s:3:\"SSS\";s:6:\"500.00\";s:5:\"SSSER\";s:7:\"1060.00\";s:5:\"SSSEC\";s:2:\"30\";s:10:\"PhilHealth\";s:6:\"375.00\";s:12:\"PhilHealthER\";s:6:\"375.00\";s:8:\"Pag-ibig\";i:50;s:10:\"Pag-ibigER\";i:50;s:6:\"Others\";N;}s:3:\"TUA\";a:2:{s:9:\"TADetails\";a:1:{i:0;a:7:{s:12:\"emp_tarec_id\";s:2:\"21\";s:7:\"ta_name\";s:4:\"Late\";s:4:\"type\";s:1:\"1\";s:11:\"totaltimehr\";s:4:\"0.15\";s:8:\"ratetype\";s:1:\"H\";s:9:\"rateperDH\";d:307.8345527156549223946058191359043121337890625;s:8:\"taamount\";d:46.17518290734823693810540135018527507781982421875;}}s:10:\"TotalLeave\";s:5:\"46.18\";}s:12:\"leave_record\";a:2:{i:0;a:9:{s:11:\"empleave_id\";s:2:\"13\";s:8:\"leave_id\";s:1:\"1\";s:10:\"leave_name\";s:14:\"Vacation Leave\";s:17:\"empleave_used_day\";s:4:\"0.00\";s:22:\"empleave_available_day\";s:4:\"7.00\";s:19:\"empleave_substitute\";s:0:\"\";s:16:\"empleave_creadit\";s:5:\"15.00\";s:13:\"empleave_stat\";s:1:\"1\";s:15:\"leave_conv_cash\";s:3:\"Yes\";}i:1;a:9:{s:11:\"empleave_id\";s:2:\"14\";s:8:\"leave_id\";s:1:\"2\";s:10:\"leave_name\";s:10:\"Sick Leave\";s:17:\"empleave_used_day\";s:4:\"0.00\";s:22:\"empleave_available_day\";s:5:\"15.00\";s:19:\"empleave_substitute\";s:0:\"\";s:16:\"empleave_creadit\";s:5:\"15.00\";s:13:\"empleave_stat\";s:1:\"1\";s:15:\"leave_conv_cash\";s:3:\"Yes\";}}s:18:\"government_regular\";a:0:{}s:8:\"benefits\";a:0:{}s:10:\"amendments\";a:10:{i:0;N;i:1;N;s:16:\"total_TSAEarning\";s:4:\"0.00\";s:15:\"total_TAEarning\";s:4:\"0.00\";s:15:\"total_SAEarning\";s:4:\"0.00\";s:17:\"total_NTSAEarning\";s:4:\"0.00\";s:18:\"total_TSADeduction\";s:4:\"0.00\";s:17:\"total_TADeduction\";s:4:\"0.00\";s:17:\"total_SADeduction\";s:4:\"0.00\";s:19:\"total_NTSADeduction\";s:4:\"0.00\";}s:7:\"pstotal\";a:18:{s:5:\"gross\";s:8:\"32117.41\";s:12:\"Basic Salary\";s:8:\"64234.81\";s:8:\"PGsalary\";s:8:\"32071.23\";s:23:\"gross_nontaxable_income\";s:4:\"0.00\";s:13:\"taxable_Gross\";s:8:\"31146.23\";s:9:\"Deduction\";s:7:\"8146.30\";s:17:\"SatutoryDeduction\";s:6:\"925.00\";s:7:\"W/H Tax\";s:7:\"7175.12\";s:13:\"aftertaxgross\";s:8:\"23971.11\";s:7:\"Net Pay\";s:8:\"23971.11\";s:20:\"other_taxable_income\";s:4:\"0.00\";s:15:\"other_deduction\";s:4:\"0.00\";s:20:\"TotalEarning_payslip\";s:8:\"32117.41\";s:13:\"SumSABEarning\";s:4:\"0.00\";s:14:\"SumTSABEarning\";s:4:\"0.00\";s:15:\"SumTABDeduction\";s:4:\"0.00\";s:13:\"SumTABEarning\";s:4:\"0.00\";s:13:\"BaseSTATGross\";s:8:\"32071.23\";}}}}','2012-05-21 15:04:22','jimabignay',NULL,NULL,1,0),(20,20,3,7,5,1,'a:2:{s:7:\"empinfo\";a:18:{s:6:\"emp_id\";s:1:\"7\";s:6:\"emp_no\";s:8:\"2011-188\";s:8:\"fullname\";s:23:\"Alicia May M. De Guzman\";s:7:\"jobcode\";s:7:\"PAYACCT\";s:11:\"jobpos_name\";s:18:\"Payable Accountant\";s:9:\"comp_name\";s:17:\"Company XYZ, Inc.\";s:8:\"comp_add\";s:51:\"Alcar Building, Brgy. Highway Hills, Las Pinas City\";s:7:\"ud_name\";s:11:\"Acctg Dept.\";s:11:\"tax_ex_name\";s:14:\"Married2 (ME2)\";s:7:\"comp_id\";s:1:\"1\";s:5:\"ud_id\";s:1:\"5\";s:12:\"emptype_name\";s:9:\"Rank File\";s:16:\"bankiemp_acct_no\";s:10:\"0189128888\";s:13:\"banklist_name\";s:3:\"BPI\";s:11:\"pi_emailone\";s:23:\"guzman@sample.email.com\";s:8:\"taxep_id\";s:2:\"10\";s:14:\"salaryclass_id\";s:1:\"4\";s:12:\"tt_pay_group\";s:1:\"3\";}s:13:\"paystubdetail\";a:2:{s:12:\"paystubsched\";a:8:{s:6:\"pps_id\";s:1:\"1\";s:8:\"pps_name\";s:12:\"Semi-Monthly\";s:12:\"payperiod_id\";s:1:\"3\";s:10:\"paystub_id\";s:2:\"20\";s:20:\"payperiod_start_date\";s:19:\"2012-01-26 00:00:00\";s:18:\"payperiod_end_date\";s:19:\"2012-02-10 23:59:00\";s:20:\"payperiod_trans_date\";s:19:\"2012-02-15 23:59:00\";s:11:\"schedSecond\";s:2:\"25\";}s:14:\"paystubaccount\";a:8:{s:7:\"earning\";a:6:{s:5:\"basic\";s:8:\"15000.00\";s:11:\"Regulartime\";d:7500;s:4:\"COLA\";N;s:10:\"COLAperDay\";N;s:9:\"totalDays\";N;s:2:\"OT\";a:4:{s:9:\"OTDetails\";N;s:10:\"TotalallOT\";s:4:\"0.00\";s:9:\"OTbackpay\";s:4:\"0.00\";s:12:\"SumAllOTRate\";s:4:\"0.00\";}}s:9:\"deduction\";a:8:{s:3:\"SSS\";s:6:\"250.00\";s:5:\"SSSER\";s:6:\"530.00\";s:5:\"SSSEC\";s:2:\"10\";s:10:\"PhilHealth\";s:5:\"87.50\";s:12:\"PhilHealthER\";s:5:\"87.50\";s:8:\"Pag-ibig\";i:50;s:10:\"Pag-ibigER\";i:50;s:6:\"Others\";N;}s:3:\"TUA\";a:2:{s:9:\"TADetails\";N;s:10:\"TotalLeave\";s:4:\"0.00\";}s:12:\"leave_record\";a:2:{i:0;a:9:{s:11:\"empleave_id\";s:1:\"5\";s:8:\"leave_id\";s:1:\"1\";s:10:\"leave_name\";s:14:\"Vacation Leave\";s:17:\"empleave_used_day\";s:4:\"0.00\";s:22:\"empleave_available_day\";s:4:\"6.00\";s:19:\"empleave_substitute\";s:0:\"\";s:16:\"empleave_creadit\";s:4:\"7.50\";s:13:\"empleave_stat\";s:1:\"1\";s:15:\"leave_conv_cash\";s:3:\"Yes\";}i:1;a:9:{s:11:\"empleave_id\";s:1:\"6\";s:8:\"leave_id\";s:1:\"2\";s:10:\"leave_name\";s:10:\"Sick Leave\";s:17:\"empleave_used_day\";s:4:\"0.00\";s:22:\"empleave_available_day\";s:4:\"7.00\";s:19:\"empleave_substitute\";s:0:\"\";s:16:\"empleave_creadit\";s:4:\"7.50\";s:13:\"empleave_stat\";s:1:\"1\";s:15:\"leave_conv_cash\";s:3:\"Yes\";}}s:18:\"government_regular\";a:0:{}s:8:\"benefits\";a:1:{i:0;a:18:{s:6:\"psa_id\";s:2:\"10\";s:6:\"ben_id\";s:1:\"9\";s:8:\"psa_name\";s:14:\"Meal Allowance\";s:8:\"psa_type\";s:1:\"1\";s:10:\"ben_amount\";s:4:\"2500\";s:13:\"ben_payperday\";s:4:\"1250\";s:13:\"ben_startdate\";s:10:\"2012-01-01\";s:11:\"ben_enddate\";s:10:\"0000-00-00\";s:11:\"ben_isfixed\";s:1:\"0\";s:11:\"ben_suspend\";s:1:\"0\";s:19:\"ben_periodselection\";s:9:\"1,1,0,0,0\";s:12:\"psa_priority\";s:1:\"0\";s:7:\"psa_tax\";s:1:\"0\";s:13:\"psa_statutory\";s:1:\"0\";s:5:\"year_\";s:4:\"2012\";s:6:\"month_\";s:2:\"01\";s:8:\"yearend_\";s:4:\"0000\";s:9:\"monthend_\";s:2:\"00\";}}s:10:\"amendments\";a:10:{i:0;N;i:1;N;s:16:\"total_TSAEarning\";s:4:\"0.00\";s:15:\"total_TAEarning\";s:4:\"0.00\";s:15:\"total_SAEarning\";s:4:\"0.00\";s:17:\"total_NTSAEarning\";s:4:\"0.00\";s:18:\"total_TSADeduction\";s:4:\"0.00\";s:17:\"total_TADeduction\";s:4:\"0.00\";s:17:\"total_SADeduction\";s:4:\"0.00\";s:19:\"total_NTSADeduction\";s:4:\"0.00\";}s:7:\"pstotal\";a:18:{s:5:\"gross\";s:7:\"8750.00\";s:12:\"Basic Salary\";s:8:\"15000.00\";s:8:\"PGsalary\";s:7:\"7500.00\";s:23:\"gross_nontaxable_income\";s:7:\"1250.00\";s:13:\"taxable_Gross\";s:7:\"7112.50\";s:9:\"Deduction\";s:6:\"747.57\";s:17:\"SatutoryDeduction\";s:6:\"387.50\";s:7:\"W/H Tax\";s:6:\"360.07\";s:13:\"aftertaxgross\";s:7:\"6752.43\";s:7:\"Net Pay\";s:7:\"8002.43\";s:20:\"other_taxable_income\";s:4:\"0.00\";s:15:\"other_deduction\";s:4:\"0.00\";s:20:\"TotalEarning_payslip\";s:7:\"8750.00\";s:13:\"SumSABEarning\";s:4:\"0.00\";s:14:\"SumTSABEarning\";s:4:\"0.00\";s:15:\"SumTABDeduction\";s:4:\"0.00\";s:13:\"SumTABEarning\";s:4:\"0.00\";s:13:\"BaseSTATGross\";s:7:\"7500.00\";}}}}','2012-05-21 15:04:22','jimabignay',NULL,NULL,1,0),(21,21,3,2,3,1,'a:2:{s:7:\"empinfo\";a:18:{s:6:\"emp_id\";s:1:\"2\";s:6:\"emp_no\";s:8:\"2009-075\";s:8:\"fullname\";s:16:\"Jessa A. De leon\";s:7:\"jobcode\";s:10:\"MEMBERSHIP\";s:11:\"jobpos_name\";s:18:\"Membership Officer\";s:9:\"comp_name\";s:17:\"Company XYZ, Inc.\";s:8:\"comp_add\";s:51:\"Alcar Building, Brgy. Highway Hills, Las Pinas City\";s:7:\"ud_name\";s:8:\"IT Dept.\";s:11:\"tax_ex_name\";s:12:\"Married (ME)\";s:7:\"comp_id\";s:1:\"1\";s:5:\"ud_id\";s:1:\"3\";s:12:\"emptype_name\";s:9:\"Rank File\";s:16:\"bankiemp_acct_no\";s:10:\"0189096966\";s:13:\"banklist_name\";s:3:\"BPI\";s:11:\"pi_emailone\";s:21:\"leon@sample.email.com\";s:8:\"taxep_id\";s:1:\"8\";s:14:\"salaryclass_id\";s:1:\"4\";s:12:\"tt_pay_group\";s:1:\"3\";}s:13:\"paystubdetail\";a:2:{s:12:\"paystubsched\";a:8:{s:6:\"pps_id\";s:1:\"1\";s:8:\"pps_name\";s:12:\"Semi-Monthly\";s:12:\"payperiod_id\";s:1:\"3\";s:10:\"paystub_id\";s:2:\"21\";s:20:\"payperiod_start_date\";s:19:\"2012-01-26 00:00:00\";s:18:\"payperiod_end_date\";s:19:\"2012-02-10 23:59:00\";s:20:\"payperiod_trans_date\";s:19:\"2012-02-15 23:59:00\";s:11:\"schedSecond\";s:2:\"25\";}s:14:\"paystubaccount\";a:8:{s:7:\"earning\";a:6:{s:5:\"basic\";s:8:\"11344.32\";s:11:\"Regulartime\";d:5672.15999999999985448084771633148193359375;s:4:\"COLA\";N;s:10:\"COLAperDay\";N;s:9:\"totalDays\";N;s:2:\"OT\";a:4:{s:9:\"OTDetails\";N;s:10:\"TotalallOT\";s:4:\"0.00\";s:9:\"OTbackpay\";s:4:\"0.00\";s:12:\"SumAllOTRate\";s:4:\"0.00\";}}s:9:\"deduction\";a:8:{s:3:\"SSS\";s:6:\"166.70\";s:5:\"SSSER\";s:6:\"353.30\";s:5:\"SSSEC\";s:2:\"10\";s:10:\"PhilHealth\";s:5:\"62.50\";s:12:\"PhilHealthER\";s:5:\"62.50\";s:8:\"Pag-ibig\";i:50;s:10:\"Pag-ibigER\";i:50;s:6:\"Others\";N;}s:3:\"TUA\";a:2:{s:9:\"TADetails\";a:1:{i:0;a:7:{s:12:\"emp_tarec_id\";s:2:\"22\";s:7:\"ta_name\";s:27:\"Authorized absence - no pay\";s:4:\"type\";s:1:\"2\";s:11:\"totaltimehr\";s:4:\"1.00\";s:8:\"ratetype\";s:1:\"D\";s:9:\"rateperDH\";d:434.92600638977631888337782584130764007568359375;s:8:\"taamount\";d:434.92600638977631888337782584130764007568359375;}}s:10:\"TotalLeave\";s:6:\"434.93\";}s:12:\"leave_record\";a:2:{i:0;a:9:{s:11:\"empleave_id\";s:1:\"7\";s:8:\"leave_id\";s:1:\"1\";s:10:\"leave_name\";s:14:\"Vacation Leave\";s:17:\"empleave_used_day\";s:4:\"1.50\";s:22:\"empleave_available_day\";s:4:\"8.50\";s:19:\"empleave_substitute\";s:0:\"\";s:16:\"empleave_creadit\";s:5:\"15.00\";s:13:\"empleave_stat\";s:1:\"1\";s:15:\"leave_conv_cash\";s:3:\"Yes\";}i:1;a:9:{s:11:\"empleave_id\";s:1:\"8\";s:8:\"leave_id\";s:1:\"2\";s:10:\"leave_name\";s:10:\"Sick Leave\";s:17:\"empleave_used_day\";s:4:\"0.00\";s:22:\"empleave_available_day\";s:5:\"13.00\";s:19:\"empleave_substitute\";s:0:\"\";s:16:\"empleave_creadit\";s:5:\"15.00\";s:13:\"empleave_stat\";s:1:\"1\";s:15:\"leave_conv_cash\";s:3:\"Yes\";}}s:18:\"government_regular\";a:2:{i:0;a:27:{s:7:\"loan_id\";s:1:\"3\";s:11:\"loantype_id\";s:1:\"1\";s:6:\"psa_id\";s:1:\"9\";s:6:\"emp_id\";s:1:\"2\";s:15:\"loan_voucher_no\";s:10:\"0019017934\";s:19:\"loan_datepromissory\";s:10:\"2011-09-01\";s:14:\"loan_dategrant\";s:10:\"2011-09-01\";s:14:\"loan_principal\";s:8:\"11500.00\";s:19:\"loan_interestamount\";s:6:\"575.00\";s:17:\"loan_interestperc\";s:4:\"5.00\";s:25:\"loan_monthly_amortization\";s:6:\"503.12\";s:17:\"loan_payperperiod\";s:6:\"251.56\";s:8:\"loan_ytd\";s:7:\"2515.60\";s:12:\"loan_balance\";s:7:\"8301.48\";s:14:\"loan_startdate\";s:16:\"2011-November-01\";s:12:\"loan_enddate\";s:12:\"October 2013\";s:11:\"loan_addwho\";s:10:\"jimabignay\";s:12:\"loan_addwhen\";s:19:\"2011-12-19 15:58:24\";s:14:\"loan_updatewho\";s:10:\"jimabignay\";s:15:\"loan_updatewhen\";s:19:\"2012-05-21 00:00:00\";s:12:\"loan_suspend\";s:1:\"0\";s:10:\"loan_total\";s:8:\"12075.00\";s:16:\"loan_numofmonths\";s:2:\"24\";s:20:\"loan_periodselection\";s:9:\"1,1,0,0,0\";s:8:\"psa_name\";s:8:\"SSS Loan\";s:6:\"month_\";s:8:\"November\";s:5:\"year_\";s:4:\"2011\";}i:1;a:27:{s:7:\"loan_id\";s:1:\"4\";s:11:\"loantype_id\";s:1:\"5\";s:6:\"psa_id\";s:2:\"13\";s:6:\"emp_id\";s:1:\"2\";s:15:\"loan_voucher_no\";s:12:\"28B 332805 M\";s:19:\"loan_datepromissory\";s:10:\"2011-05-27\";s:14:\"loan_dategrant\";s:10:\"2011-05-30\";s:14:\"loan_principal\";s:7:\"3146.38\";s:19:\"loan_interestamount\";s:6:\"723.67\";s:17:\"loan_interestperc\";s:5:\"23.00\";s:25:\"loan_monthly_amortization\";s:6:\"161.64\";s:17:\"loan_payperperiod\";s:5:\"80.82\";s:8:\"loan_ytd\";s:6:\"808.20\";s:12:\"loan_balance\";s:7:\"2101.19\";s:14:\"loan_startdate\";s:12:\"2011-July-01\";s:12:\"loan_enddate\";s:9:\"June 2013\";s:11:\"loan_addwho\";s:10:\"jimabignay\";s:12:\"loan_addwhen\";s:19:\"2011-12-19 16:00:59\";s:14:\"loan_updatewho\";s:10:\"jimabignay\";s:15:\"loan_updatewhen\";s:19:\"2012-05-21 00:00:00\";s:12:\"loan_suspend\";s:1:\"0\";s:10:\"loan_total\";s:7:\"3879.23\";s:16:\"loan_numofmonths\";s:2:\"24\";s:20:\"loan_periodselection\";s:9:\"1,1,0,0,0\";s:8:\"psa_name\";s:9:\"HDMF Loan\";s:6:\"month_\";s:4:\"July\";s:5:\"year_\";s:4:\"2011\";}}s:8:\"benefits\";a:0:{}s:10:\"amendments\";a:10:{i:0;N;i:1;N;s:16:\"total_TSAEarning\";s:4:\"0.00\";s:15:\"total_TAEarning\";s:4:\"0.00\";s:15:\"total_SAEarning\";s:4:\"0.00\";s:17:\"total_NTSAEarning\";s:4:\"0.00\";s:18:\"total_TSADeduction\";s:4:\"0.00\";s:17:\"total_TADeduction\";s:4:\"0.00\";s:17:\"total_SADeduction\";s:4:\"0.00\";s:19:\"total_NTSADeduction\";s:4:\"0.00\";}s:7:\"pstotal\";a:18:{s:5:\"gross\";s:7:\"5672.16\";s:12:\"Basic Salary\";s:8:\"11344.32\";s:8:\"PGsalary\";s:7:\"5237.23\";s:23:\"gross_nontaxable_income\";s:4:\"0.00\";s:13:\"taxable_Gross\";s:7:\"4958.03\";s:9:\"Deduction\";s:7:\"1046.51\";s:17:\"SatutoryDeduction\";s:6:\"279.20\";s:7:\"W/H Tax\";s:4:\"0.00\";s:13:\"aftertaxgross\";s:7:\"4958.03\";s:7:\"Net Pay\";s:7:\"4625.65\";s:20:\"other_taxable_income\";s:4:\"0.00\";s:15:\"other_deduction\";s:6:\"332.38\";s:20:\"TotalEarning_payslip\";s:7:\"5672.16\";s:13:\"SumSABEarning\";s:4:\"0.00\";s:14:\"SumTSABEarning\";s:4:\"0.00\";s:15:\"SumTABDeduction\";s:4:\"0.00\";s:13:\"SumTABEarning\";s:4:\"0.00\";s:13:\"BaseSTATGross\";s:7:\"5237.23\";}}}}','2012-05-21 15:04:22','jimabignay',NULL,NULL,1,0),(22,22,3,9,5,1,'a:2:{s:7:\"empinfo\";a:18:{s:6:\"emp_id\";s:1:\"9\";s:6:\"emp_no\";s:8:\"2011-195\";s:8:\"fullname\";s:19:\"Christine S. Mabini\";s:7:\"jobcode\";s:9:\"ACCTGMNGR\";s:11:\"jobpos_name\";s:18:\"Accounting Manager\";s:9:\"comp_name\";s:17:\"Company XYZ, Inc.\";s:8:\"comp_add\";s:51:\"Alcar Building, Brgy. Highway Hills, Las Pinas City\";s:7:\"ud_name\";s:11:\"Acctg Dept.\";s:11:\"tax_ex_name\";s:14:\"Married4 (ME4)\";s:7:\"comp_id\";s:1:\"1\";s:5:\"ud_id\";s:1:\"5\";s:12:\"emptype_name\";s:7:\"Manager\";s:16:\"bankiemp_acct_no\";s:10:\"0189130123\";s:13:\"banklist_name\";s:3:\"BPI\";s:11:\"pi_emailone\";s:23:\"mabini@sample.email.com\";s:8:\"taxep_id\";s:2:\"12\";s:14:\"salaryclass_id\";s:1:\"4\";s:12:\"tt_pay_group\";s:1:\"3\";}s:13:\"paystubdetail\";a:2:{s:12:\"paystubsched\";a:8:{s:6:\"pps_id\";s:1:\"1\";s:8:\"pps_name\";s:12:\"Semi-Monthly\";s:12:\"payperiod_id\";s:1:\"3\";s:10:\"paystub_id\";s:2:\"22\";s:20:\"payperiod_start_date\";s:19:\"2012-01-26 00:00:00\";s:18:\"payperiod_end_date\";s:19:\"2012-02-10 23:59:00\";s:20:\"payperiod_trans_date\";s:19:\"2012-02-15 23:59:00\";s:11:\"schedSecond\";s:2:\"25\";}s:14:\"paystubaccount\";a:8:{s:7:\"earning\";a:6:{s:5:\"basic\";s:8:\"49000.00\";s:11:\"Regulartime\";d:24500;s:4:\"COLA\";N;s:10:\"COLAperDay\";N;s:9:\"totalDays\";N;s:2:\"OT\";a:4:{s:9:\"OTDetails\";a:2:{i:0;a:7:{s:8:\"otrec_id\";s:2:\"26\";s:7:\"ot_name\";s:7:\"OT_RDF8\";s:4:\"rate\";s:3:\"1.3\";s:11:\"totaltimehr\";s:4:\"8.00\";s:8:\"ratephrs\";d:234.824281150159748676742310635745525360107421875;s:9:\"rateperhr\";d:305.2715654952077102279872633516788482666015625;s:8:\"otamount\";s:7:\"2442.17\";}i:1;a:7:{s:8:\"otrec_id\";s:2:\"27\";s:7:\"ot_name\";s:7:\"OT_RD88\";s:4:\"rate\";s:4:\"1.69\";s:11:\"totaltimehr\";s:4:\"8.00\";s:8:\"ratephrs\";d:234.824281150159748676742310635745525360107421875;s:9:\"rateperhr\";d:396.8530351437699437155970372259616851806640625;s:8:\"otamount\";s:7:\"3174.82\";}}s:10:\"TotalallOT\";s:7:\"5617.00\";s:9:\"OTbackpay\";s:4:\"0.00\";s:12:\"SumAllOTRate\";s:7:\"5617.00\";}}s:9:\"deduction\";a:8:{s:3:\"SSS\";s:6:\"500.00\";s:5:\"SSSER\";s:7:\"1060.00\";s:5:\"SSSEC\";s:2:\"30\";s:10:\"PhilHealth\";s:6:\"375.00\";s:12:\"PhilHealthER\";s:6:\"375.00\";s:8:\"Pag-ibig\";i:50;s:10:\"Pag-ibigER\";i:50;s:6:\"Others\";N;}s:3:\"TUA\";a:2:{s:9:\"TADetails\";a:1:{i:0;a:7:{s:12:\"emp_tarec_id\";s:2:\"23\";s:7:\"ta_name\";s:4:\"Late\";s:4:\"type\";s:1:\"1\";s:11:\"totaltimehr\";s:4:\"0.32\";s:8:\"ratetype\";s:1:\"H\";s:9:\"rateperDH\";d:234.824281150159748676742310635745525360107421875;s:8:\"taamount\";d:75.14376996805111730282078497111797332763671875;}}s:10:\"TotalLeave\";s:5:\"75.14\";}s:12:\"leave_record\";a:0:{}s:18:\"government_regular\";a:0:{}s:8:\"benefits\";N;s:10:\"amendments\";a:10:{i:0;a:1:{i:0;a:14:{s:6:\"psa_id\";s:2:\"55\";s:10:\"psamend_id\";s:1:\"4\";s:11:\"amendemp_id\";s:2:\"19\";s:8:\"psa_name\";s:16:\"Salary deduction\";s:12:\"psamend_desc\";s:16:\"Salary Deduction\";s:8:\"psa_type\";s:1:\"2\";s:12:\"psamend_rate\";s:4:\"0.00\";s:13:\"psamend_units\";s:4:\"0.00\";s:14:\"psamend_amount\";s:4:\"0.00\";s:19:\"psamend_effect_date\";s:10:\"2012-01-31\";s:17:\"psamend_istaxable\";s:1:\"0\";s:7:\"psa_tax\";s:1:\"0\";s:13:\"psa_statutory\";s:1:\"0\";s:15:\"amendemp_amount\";s:6:\"200.00\";}}i:1;N;s:16:\"total_TSAEarning\";s:4:\"0.00\";s:15:\"total_TAEarning\";s:4:\"0.00\";s:15:\"total_SAEarning\";s:4:\"0.00\";s:17:\"total_NTSAEarning\";s:4:\"0.00\";s:18:\"total_TSADeduction\";s:4:\"0.00\";s:17:\"total_TADeduction\";s:4:\"0.00\";s:17:\"total_SADeduction\";s:4:\"0.00\";s:19:\"total_NTSADeduction\";s:6:\"200.00\";}s:7:\"pstotal\";a:18:{s:5:\"gross\";s:8:\"30117.00\";s:12:\"Basic Salary\";s:8:\"49000.00\";s:8:\"PGsalary\";s:8:\"30041.86\";s:23:\"gross_nontaxable_income\";s:4:\"0.00\";s:13:\"taxable_Gross\";s:8:\"29116.86\";s:9:\"Deduction\";s:7:\"7059.31\";s:17:\"SatutoryDeduction\";s:6:\"925.00\";s:7:\"W/H Tax\";s:7:\"5859.17\";s:13:\"aftertaxgross\";s:8:\"23257.69\";s:7:\"Net Pay\";s:8:\"23057.69\";s:20:\"other_taxable_income\";s:4:\"0.00\";s:15:\"other_deduction\";s:6:\"200.00\";s:20:\"TotalEarning_payslip\";s:8:\"30117.00\";s:13:\"SumSABEarning\";s:4:\"0.00\";s:14:\"SumTSABEarning\";s:4:\"0.00\";s:15:\"SumTABDeduction\";s:4:\"0.00\";s:13:\"SumTABEarning\";s:4:\"0.00\";s:13:\"BaseSTATGross\";s:8:\"30041.86\";}}}}','2012-05-21 15:04:22','jimabignay',NULL,NULL,1,0),(23,23,3,8,5,1,'a:2:{s:7:\"empinfo\";a:18:{s:6:\"emp_id\";s:1:\"8\";s:6:\"emp_no\";s:8:\"2011-182\";s:8:\"fullname\";s:17:\"Anna Liza A. Misa\";s:7:\"jobcode\";s:7:\"RECACCT\";s:11:\"jobpos_name\";s:21:\"Receivable Accountant\";s:9:\"comp_name\";s:17:\"Company XYZ, Inc.\";s:8:\"comp_add\";s:51:\"Alcar Building, Brgy. Highway Hills, Las Pinas City\";s:7:\"ud_name\";s:11:\"Acctg Dept.\";s:11:\"tax_ex_name\";s:12:\"Married (ME)\";s:7:\"comp_id\";s:1:\"1\";s:5:\"ud_id\";s:1:\"5\";s:12:\"emptype_name\";s:9:\"Rank File\";s:16:\"bankiemp_acct_no\";s:10:\"0189124456\";s:13:\"banklist_name\";s:3:\"BPI\";s:11:\"pi_emailone\";s:0:\"\";s:8:\"taxep_id\";s:1:\"8\";s:14:\"salaryclass_id\";s:1:\"4\";s:12:\"tt_pay_group\";s:1:\"3\";}s:13:\"paystubdetail\";a:2:{s:12:\"paystubsched\";a:8:{s:6:\"pps_id\";s:1:\"1\";s:8:\"pps_name\";s:12:\"Semi-Monthly\";s:12:\"payperiod_id\";s:1:\"3\";s:10:\"paystub_id\";s:2:\"23\";s:20:\"payperiod_start_date\";s:19:\"2012-01-26 00:00:00\";s:18:\"payperiod_end_date\";s:19:\"2012-02-10 23:59:00\";s:20:\"payperiod_trans_date\";s:19:\"2012-02-15 23:59:00\";s:11:\"schedSecond\";s:2:\"25\";}s:14:\"paystubaccount\";a:8:{s:7:\"earning\";a:6:{s:5:\"basic\";s:8:\"30000.00\";s:11:\"Regulartime\";d:15000;s:4:\"COLA\";N;s:10:\"COLAperDay\";N;s:9:\"totalDays\";N;s:2:\"OT\";a:4:{s:9:\"OTDetails\";N;s:10:\"TotalallOT\";s:4:\"0.00\";s:9:\"OTbackpay\";s:4:\"0.00\";s:12:\"SumAllOTRate\";s:4:\"0.00\";}}s:9:\"deduction\";a:8:{s:3:\"SSS\";s:6:\"500.00\";s:5:\"SSSER\";s:7:\"1060.00\";s:5:\"SSSEC\";s:2:\"30\";s:10:\"PhilHealth\";s:6:\"187.50\";s:12:\"PhilHealthER\";s:6:\"187.50\";s:8:\"Pag-ibig\";i:50;s:10:\"Pag-ibigER\";i:50;s:6:\"Others\";N;}s:3:\"TUA\";a:2:{s:9:\"TADetails\";N;s:10:\"TotalLeave\";s:4:\"0.00\";}s:12:\"leave_record\";a:2:{i:0;a:9:{s:11:\"empleave_id\";s:1:\"9\";s:8:\"leave_id\";s:1:\"1\";s:10:\"leave_name\";s:14:\"Vacation Leave\";s:17:\"empleave_used_day\";s:4:\"0.00\";s:22:\"empleave_available_day\";s:4:\"7.50\";s:19:\"empleave_substitute\";s:0:\"\";s:16:\"empleave_creadit\";s:5:\"15.00\";s:13:\"empleave_stat\";s:1:\"1\";s:15:\"leave_conv_cash\";s:3:\"Yes\";}i:1;a:9:{s:11:\"empleave_id\";s:2:\"10\";s:8:\"leave_id\";s:1:\"2\";s:10:\"leave_name\";s:10:\"Sick Leave\";s:17:\"empleave_used_day\";s:4:\"0.00\";s:22:\"empleave_available_day\";s:5:\"10.00\";s:19:\"empleave_substitute\";s:0:\"\";s:16:\"empleave_creadit\";s:5:\"15.00\";s:13:\"empleave_stat\";s:1:\"1\";s:15:\"leave_conv_cash\";s:3:\"Yes\";}}s:18:\"government_regular\";a:1:{i:0;a:27:{s:7:\"loan_id\";s:1:\"1\";s:11:\"loantype_id\";s:1:\"1\";s:6:\"psa_id\";s:1:\"9\";s:6:\"emp_id\";s:1:\"8\";s:15:\"loan_voucher_no\";s:10:\"0019115657\";s:19:\"loan_datepromissory\";s:10:\"2011-09-28\";s:14:\"loan_dategrant\";s:10:\"2011-09-28\";s:14:\"loan_principal\";s:8:\"24000.00\";s:19:\"loan_interestamount\";s:7:\"1200.00\";s:17:\"loan_interestperc\";s:4:\"5.00\";s:25:\"loan_monthly_amortization\";s:7:\"1050.00\";s:17:\"loan_payperperiod\";s:6:\"525.00\";s:8:\"loan_ytd\";s:7:\"5250.00\";s:12:\"loan_balance\";s:8:\"17325.00\";s:14:\"loan_startdate\";s:16:\"2011-November-01\";s:12:\"loan_enddate\";s:12:\"October 2013\";s:11:\"loan_addwho\";s:10:\"jimabignay\";s:12:\"loan_addwhen\";s:19:\"2011-12-19 15:19:25\";s:14:\"loan_updatewho\";s:10:\"jimabignay\";s:15:\"loan_updatewhen\";s:19:\"2012-05-21 00:00:00\";s:12:\"loan_suspend\";s:1:\"0\";s:10:\"loan_total\";s:8:\"25200.00\";s:16:\"loan_numofmonths\";s:2:\"24\";s:20:\"loan_periodselection\";s:9:\"1,1,0,0,0\";s:8:\"psa_name\";s:8:\"SSS Loan\";s:6:\"month_\";s:8:\"November\";s:5:\"year_\";s:4:\"2011\";}}s:8:\"benefits\";a:0:{}s:10:\"amendments\";a:10:{i:0;N;i:1;N;s:16:\"total_TSAEarning\";s:4:\"0.00\";s:15:\"total_TAEarning\";s:4:\"0.00\";s:15:\"total_SAEarning\";s:4:\"0.00\";s:17:\"total_NTSAEarning\";s:4:\"0.00\";s:18:\"total_TSADeduction\";s:4:\"0.00\";s:17:\"total_TADeduction\";s:4:\"0.00\";s:17:\"total_SADeduction\";s:4:\"0.00\";s:19:\"total_NTSADeduction\";s:4:\"0.00\";}s:7:\"pstotal\";a:18:{s:5:\"gross\";s:8:\"15000.00\";s:12:\"Basic Salary\";s:8:\"30000.00\";s:8:\"PGsalary\";s:8:\"15000.00\";s:23:\"gross_nontaxable_income\";s:4:\"0.00\";s:13:\"taxable_Gross\";s:8:\"14262.50\";s:9:\"Deduction\";s:7:\"3874.58\";s:17:\"SatutoryDeduction\";s:6:\"737.50\";s:7:\"W/H Tax\";s:7:\"2612.08\";s:13:\"aftertaxgross\";s:8:\"11650.42\";s:7:\"Net Pay\";s:8:\"11125.42\";s:20:\"other_taxable_income\";s:4:\"0.00\";s:15:\"other_deduction\";s:6:\"525.00\";s:20:\"TotalEarning_payslip\";s:8:\"15000.00\";s:13:\"SumSABEarning\";s:4:\"0.00\";s:14:\"SumTSABEarning\";s:4:\"0.00\";s:15:\"SumTABDeduction\";s:4:\"0.00\";s:13:\"SumTABEarning\";s:4:\"0.00\";s:13:\"BaseSTATGross\";s:8:\"15000.00\";}}}}','2012-05-21 15:04:22','jimabignay',NULL,NULL,1,0),(24,24,3,1,6,1,'a:2:{s:7:\"empinfo\";a:18:{s:6:\"emp_id\";s:1:\"1\";s:6:\"emp_no\";s:8:\"2011-191\";s:8:\"fullname\";s:18:\"Mary Grace R. Mooc\";s:7:\"jobcode\";s:3:\"HRM\";s:11:\"jobpos_name\";s:23:\"Human Resources Manager\";s:9:\"comp_name\";s:17:\"Company XYZ, Inc.\";s:8:\"comp_add\";s:51:\"Alcar Building, Brgy. Highway Hills, Las Pinas City\";s:7:\"ud_name\";s:8:\"HR Dept.\";s:11:\"tax_ex_name\";s:14:\"Married1 (ME1)\";s:7:\"comp_id\";s:1:\"1\";s:5:\"ud_id\";s:1:\"6\";s:12:\"emptype_name\";s:7:\"Manager\";s:16:\"bankiemp_acct_no\";s:10:\"4169124123\";s:13:\"banklist_name\";s:3:\"BPI\";s:11:\"pi_emailone\";s:21:\"mooc@sample.email.com\";s:8:\"taxep_id\";s:1:\"9\";s:14:\"salaryclass_id\";s:1:\"4\";s:12:\"tt_pay_group\";s:1:\"3\";}s:13:\"paystubdetail\";a:2:{s:12:\"paystubsched\";a:8:{s:6:\"pps_id\";s:1:\"1\";s:8:\"pps_name\";s:12:\"Semi-Monthly\";s:12:\"payperiod_id\";s:1:\"3\";s:10:\"paystub_id\";s:2:\"24\";s:20:\"payperiod_start_date\";s:19:\"2012-01-26 00:00:00\";s:18:\"payperiod_end_date\";s:19:\"2012-02-10 23:59:00\";s:20:\"payperiod_trans_date\";s:19:\"2012-02-15 23:59:00\";s:11:\"schedSecond\";s:2:\"25\";}s:14:\"paystubaccount\";a:8:{s:7:\"earning\";a:6:{s:5:\"basic\";s:8:\"35000.00\";s:11:\"Regulartime\";d:17500;s:4:\"COLA\";N;s:10:\"COLAperDay\";N;s:9:\"totalDays\";N;s:2:\"OT\";a:4:{s:9:\"OTDetails\";N;s:10:\"TotalallOT\";s:4:\"0.00\";s:9:\"OTbackpay\";s:4:\"0.00\";s:12:\"SumAllOTRate\";s:4:\"0.00\";}}s:9:\"deduction\";a:8:{s:3:\"SSS\";s:6:\"500.00\";s:5:\"SSSER\";s:7:\"1060.00\";s:5:\"SSSEC\";s:2:\"30\";s:10:\"PhilHealth\";s:6:\"200.00\";s:12:\"PhilHealthER\";s:6:\"200.00\";s:8:\"Pag-ibig\";i:50;s:10:\"Pag-ibigER\";i:50;s:6:\"Others\";N;}s:3:\"TUA\";a:2:{s:9:\"TADetails\";a:1:{i:0;a:7:{s:12:\"emp_tarec_id\";s:2:\"24\";s:7:\"ta_name\";s:27:\"Authorized absence - no pay\";s:4:\"type\";s:1:\"2\";s:11:\"totaltimehr\";s:4:\"1.00\";s:8:\"ratetype\";s:1:\"D\";s:9:\"rateperDH\";d:1341.853035143770057402434758841991424560546875;s:8:\"taamount\";d:1341.853035143770057402434758841991424560546875;}}s:10:\"TotalLeave\";s:7:\"1341.85\";}s:12:\"leave_record\";a:2:{i:0;a:9:{s:11:\"empleave_id\";s:2:\"11\";s:8:\"leave_id\";s:1:\"1\";s:10:\"leave_name\";s:14:\"Vacation Leave\";s:17:\"empleave_used_day\";s:4:\"0.00\";s:22:\"empleave_available_day\";s:4:\"3.00\";s:19:\"empleave_substitute\";s:0:\"\";s:16:\"empleave_creadit\";s:5:\"15.00\";s:13:\"empleave_stat\";s:1:\"1\";s:15:\"leave_conv_cash\";s:3:\"Yes\";}i:1;a:9:{s:11:\"empleave_id\";s:2:\"12\";s:8:\"leave_id\";s:1:\"2\";s:10:\"leave_name\";s:10:\"Sick Leave\";s:17:\"empleave_used_day\";s:4:\"0.00\";s:22:\"empleave_available_day\";s:4:\"2.00\";s:19:\"empleave_substitute\";s:0:\"\";s:16:\"empleave_creadit\";s:5:\"15.00\";s:13:\"empleave_stat\";s:1:\"1\";s:15:\"leave_conv_cash\";s:3:\"Yes\";}}s:18:\"government_regular\";a:1:{i:0;a:27:{s:7:\"loan_id\";s:1:\"2\";s:11:\"loantype_id\";s:1:\"1\";s:6:\"psa_id\";s:1:\"9\";s:6:\"emp_id\";s:1:\"1\";s:15:\"loan_voucher_no\";s:10:\"0019115658\";s:19:\"loan_datepromissory\";s:10:\"2011-09-28\";s:14:\"loan_dategrant\";s:10:\"2011-09-28\";s:14:\"loan_principal\";s:8:\"24000.00\";s:19:\"loan_interestamount\";s:7:\"1200.00\";s:17:\"loan_interestperc\";s:4:\"5.00\";s:25:\"loan_monthly_amortization\";s:7:\"1050.00\";s:17:\"loan_payperperiod\";s:6:\"525.00\";s:8:\"loan_ytd\";s:7:\"5250.00\";s:12:\"loan_balance\";s:8:\"17325.00\";s:14:\"loan_startdate\";s:16:\"2011-November-01\";s:12:\"loan_enddate\";s:12:\"October 2013\";s:11:\"loan_addwho\";s:10:\"jimabignay\";s:12:\"loan_addwhen\";s:19:\"2011-12-19 15:21:22\";s:14:\"loan_updatewho\";s:10:\"jimabignay\";s:15:\"loan_updatewhen\";s:19:\"2012-05-21 00:00:00\";s:12:\"loan_suspend\";s:1:\"0\";s:10:\"loan_total\";s:8:\"25200.00\";s:16:\"loan_numofmonths\";s:2:\"24\";s:20:\"loan_periodselection\";s:9:\"1,1,0,0,0\";s:8:\"psa_name\";s:8:\"SSS Loan\";s:6:\"month_\";s:8:\"November\";s:5:\"year_\";s:4:\"2011\";}}s:8:\"benefits\";a:0:{}s:10:\"amendments\";a:10:{i:0;a:1:{i:0;a:14:{s:6:\"psa_id\";s:2:\"55\";s:10:\"psamend_id\";s:1:\"4\";s:11:\"amendemp_id\";s:2:\"20\";s:8:\"psa_name\";s:16:\"Salary deduction\";s:12:\"psamend_desc\";s:16:\"Salary Deduction\";s:8:\"psa_type\";s:1:\"2\";s:12:\"psamend_rate\";s:4:\"0.00\";s:13:\"psamend_units\";s:4:\"0.00\";s:14:\"psamend_amount\";s:4:\"0.00\";s:19:\"psamend_effect_date\";s:10:\"2012-01-31\";s:17:\"psamend_istaxable\";s:1:\"0\";s:7:\"psa_tax\";s:1:\"0\";s:13:\"psa_statutory\";s:1:\"0\";s:15:\"amendemp_amount\";s:6:\"100.00\";}}i:1;N;s:16:\"total_TSAEarning\";s:4:\"0.00\";s:15:\"total_TAEarning\";s:4:\"0.00\";s:15:\"total_SAEarning\";s:4:\"0.00\";s:17:\"total_NTSAEarning\";s:4:\"0.00\";s:18:\"total_TSADeduction\";s:4:\"0.00\";s:17:\"total_TADeduction\";s:4:\"0.00\";s:17:\"total_SADeduction\";s:4:\"0.00\";s:19:\"total_NTSADeduction\";s:6:\"100.00\";}s:7:\"pstotal\";a:18:{s:5:\"gross\";s:8:\"17500.00\";s:12:\"Basic Salary\";s:8:\"35000.00\";s:8:\"PGsalary\";s:8:\"16158.15\";s:23:\"gross_nontaxable_income\";s:4:\"0.00\";s:13:\"taxable_Gross\";s:8:\"15408.15\";s:9:\"Deduction\";s:7:\"5360.03\";s:17:\"SatutoryDeduction\";s:6:\"750.00\";s:7:\"W/H Tax\";s:7:\"2643.18\";s:13:\"aftertaxgross\";s:8:\"12764.97\";s:7:\"Net Pay\";s:8:\"12139.97\";s:20:\"other_taxable_income\";s:4:\"0.00\";s:15:\"other_deduction\";s:6:\"625.00\";s:20:\"TotalEarning_payslip\";s:8:\"17500.00\";s:13:\"SumSABEarning\";s:4:\"0.00\";s:14:\"SumTSABEarning\";s:4:\"0.00\";s:15:\"SumTABDeduction\";s:4:\"0.00\";s:13:\"SumTABEarning\";s:4:\"0.00\";s:13:\"BaseSTATGross\";s:8:\"16158.15\";}}}}','2012-05-21 15:04:22','jimabignay',NULL,NULL,1,0),(25,25,3,10,4,1,'a:2:{s:7:\"empinfo\";a:18:{s:6:\"emp_id\";s:2:\"10\";s:6:\"emp_no\";s:8:\"2011-180\";s:8:\"fullname\";s:22:\"Cris Julius A. Oropesa\";s:7:\"jobcode\";s:3:\"RSO\";s:11:\"jobpos_name\";s:22:\"Regional Sales Officer\";s:9:\"comp_name\";s:17:\"Company XYZ, Inc.\";s:8:\"comp_add\";s:51:\"Alcar Building, Brgy. Highway Hills, Las Pinas City\";s:7:\"ud_name\";s:21:\"Sales and Mktg. Dept.\";s:11:\"tax_ex_name\";s:14:\"Married2 (ME2)\";s:7:\"comp_id\";s:1:\"1\";s:5:\"ud_id\";s:1:\"4\";s:12:\"emptype_name\";s:9:\"Rank File\";s:16:\"bankiemp_acct_no\";s:10:\"0189125532\";s:13:\"banklist_name\";s:3:\"BPI\";s:11:\"pi_emailone\";s:0:\"\";s:8:\"taxep_id\";s:2:\"10\";s:14:\"salaryclass_id\";s:1:\"4\";s:12:\"tt_pay_group\";s:1:\"3\";}s:13:\"paystubdetail\";a:2:{s:12:\"paystubsched\";a:8:{s:6:\"pps_id\";s:1:\"1\";s:8:\"pps_name\";s:12:\"Semi-Monthly\";s:12:\"payperiod_id\";s:1:\"3\";s:10:\"paystub_id\";s:2:\"25\";s:20:\"payperiod_start_date\";s:19:\"2012-01-26 00:00:00\";s:18:\"payperiod_end_date\";s:19:\"2012-02-10 23:59:00\";s:20:\"payperiod_trans_date\";s:19:\"2012-02-15 23:59:00\";s:11:\"schedSecond\";s:2:\"25\";}s:14:\"paystubaccount\";a:8:{s:7:\"earning\";a:6:{s:5:\"basic\";s:8:\"17000.00\";s:11:\"Regulartime\";d:8500;s:4:\"COLA\";N;s:10:\"COLAperDay\";N;s:9:\"totalDays\";N;s:2:\"OT\";a:4:{s:9:\"OTDetails\";N;s:10:\"TotalallOT\";s:4:\"0.00\";s:9:\"OTbackpay\";s:4:\"0.00\";s:12:\"SumAllOTRate\";s:4:\"0.00\";}}s:9:\"deduction\";a:8:{s:3:\"SSS\";s:6:\"283.30\";s:5:\"SSSER\";s:6:\"600.70\";s:5:\"SSSEC\";s:2:\"10\";s:10:\"PhilHealth\";s:6:\"100.00\";s:12:\"PhilHealthER\";s:6:\"100.00\";s:8:\"Pag-ibig\";i:50;s:10:\"Pag-ibigER\";i:50;s:6:\"Others\";N;}s:3:\"TUA\";a:2:{s:9:\"TADetails\";N;s:10:\"TotalLeave\";s:4:\"0.00\";}s:12:\"leave_record\";a:2:{i:0;a:9:{s:11:\"empleave_id\";s:1:\"1\";s:8:\"leave_id\";s:1:\"1\";s:10:\"leave_name\";s:14:\"Vacation Leave\";s:17:\"empleave_used_day\";s:4:\"0.00\";s:22:\"empleave_available_day\";s:5:\"12.00\";s:19:\"empleave_substitute\";s:0:\"\";s:16:\"empleave_creadit\";s:5:\"15.00\";s:13:\"empleave_stat\";s:1:\"1\";s:15:\"leave_conv_cash\";s:3:\"Yes\";}i:1;a:9:{s:11:\"empleave_id\";s:1:\"2\";s:8:\"leave_id\";s:1:\"2\";s:10:\"leave_name\";s:10:\"Sick Leave\";s:17:\"empleave_used_day\";s:4:\"0.00\";s:22:\"empleave_available_day\";s:5:\"13.00\";s:19:\"empleave_substitute\";s:0:\"\";s:16:\"empleave_creadit\";s:5:\"15.00\";s:13:\"empleave_stat\";s:1:\"1\";s:15:\"leave_conv_cash\";s:3:\"Yes\";}}s:18:\"government_regular\";a:1:{i:0;a:27:{s:7:\"loan_id\";s:1:\"7\";s:11:\"loantype_id\";s:1:\"1\";s:6:\"psa_id\";s:1:\"9\";s:6:\"emp_id\";s:2:\"10\";s:15:\"loan_voucher_no\";s:10:\"0019297934\";s:19:\"loan_datepromissory\";s:10:\"2011-11-29\";s:14:\"loan_dategrant\";s:10:\"2011-11-29\";s:14:\"loan_principal\";s:8:\"24000.00\";s:19:\"loan_interestamount\";s:7:\"1200.00\";s:17:\"loan_interestperc\";s:4:\"5.00\";s:25:\"loan_monthly_amortization\";s:7:\"1050.00\";s:17:\"loan_payperperiod\";s:6:\"525.00\";s:8:\"loan_ytd\";s:7:\"5775.00\";s:12:\"loan_balance\";s:8:\"19425.00\";s:14:\"loan_startdate\";s:15:\"2012-January-01\";s:12:\"loan_enddate\";s:13:\"December 2013\";s:11:\"loan_addwho\";s:5:\"admin\";s:12:\"loan_addwhen\";s:19:\"2012-02-13 16:14:11\";s:14:\"loan_updatewho\";s:10:\"jimabignay\";s:15:\"loan_updatewhen\";s:19:\"2012-05-21 00:00:00\";s:12:\"loan_suspend\";s:1:\"0\";s:10:\"loan_total\";s:8:\"25200.00\";s:16:\"loan_numofmonths\";s:1:\"0\";s:20:\"loan_periodselection\";s:9:\"1,1,0,0,0\";s:8:\"psa_name\";s:8:\"SSS Loan\";s:6:\"month_\";s:7:\"January\";s:5:\"year_\";s:4:\"2012\";}}s:8:\"benefits\";a:1:{i:0;a:18:{s:6:\"psa_id\";s:2:\"37\";s:6:\"ben_id\";s:2:\"10\";s:8:\"psa_name\";s:18:\"Transpo. Allowance\";s:8:\"psa_type\";s:1:\"1\";s:10:\"ben_amount\";s:4:\"2000\";s:13:\"ben_payperday\";s:4:\"2000\";s:13:\"ben_startdate\";s:10:\"2012-01-01\";s:11:\"ben_enddate\";s:10:\"0000-00-00\";s:11:\"ben_isfixed\";s:1:\"0\";s:11:\"ben_suspend\";s:1:\"0\";s:19:\"ben_periodselection\";s:9:\"0,1,0,0,0\";s:12:\"psa_priority\";s:1:\"0\";s:7:\"psa_tax\";s:1:\"0\";s:13:\"psa_statutory\";s:1:\"0\";s:5:\"year_\";s:4:\"2012\";s:6:\"month_\";s:2:\"01\";s:8:\"yearend_\";s:4:\"0000\";s:9:\"monthend_\";s:2:\"00\";}}s:10:\"amendments\";a:10:{i:0;N;i:1;N;s:16:\"total_TSAEarning\";s:4:\"0.00\";s:15:\"total_TAEarning\";s:4:\"0.00\";s:15:\"total_SAEarning\";s:4:\"0.00\";s:17:\"total_NTSAEarning\";s:4:\"0.00\";s:18:\"total_TSADeduction\";s:4:\"0.00\";s:17:\"total_TADeduction\";s:4:\"0.00\";s:17:\"total_SADeduction\";s:4:\"0.00\";s:19:\"total_NTSADeduction\";s:4:\"0.00\";}s:7:\"pstotal\";a:18:{s:5:\"gross\";s:8:\"10500.00\";s:12:\"Basic Salary\";s:8:\"17000.00\";s:8:\"PGsalary\";s:7:\"8500.00\";s:23:\"gross_nontaxable_income\";s:7:\"2000.00\";s:13:\"taxable_Gross\";s:7:\"8066.70\";s:9:\"Deduction\";s:7:\"1509.21\";s:17:\"SatutoryDeduction\";s:6:\"433.30\";s:7:\"W/H Tax\";s:6:\"550.91\";s:13:\"aftertaxgross\";s:7:\"7515.79\";s:7:\"Net Pay\";s:7:\"8990.79\";s:20:\"other_taxable_income\";s:4:\"0.00\";s:15:\"other_deduction\";s:6:\"525.00\";s:20:\"TotalEarning_payslip\";s:8:\"10500.00\";s:13:\"SumSABEarning\";s:4:\"0.00\";s:14:\"SumTSABEarning\";s:4:\"0.00\";s:15:\"SumTABDeduction\";s:4:\"0.00\";s:13:\"SumTABEarning\";s:4:\"0.00\";s:13:\"BaseSTATGross\";s:7:\"8500.00\";}}}}','2012-05-21 15:04:22','jimabignay',NULL,NULL,1,0),(26,26,3,11,3,1,'a:2:{s:7:\"empinfo\";a:18:{s:6:\"emp_id\";s:2:\"11\";s:6:\"emp_no\";s:8:\"2012-001\";s:8:\"fullname\";s:13:\"Jose P. Rizal\";s:7:\"jobcode\";s:5:\"ITSUP\";s:11:\"jobpos_name\";s:13:\"IT Supervisor\";s:9:\"comp_name\";s:17:\"Company XYZ, Inc.\";s:8:\"comp_add\";s:51:\"Alcar Building, Brgy. Highway Hills, Las Pinas City\";s:7:\"ud_name\";s:8:\"IT Dept.\";s:11:\"tax_ex_name\";s:9:\"Single(S)\";s:7:\"comp_id\";s:1:\"1\";s:5:\"ud_id\";s:1:\"3\";s:12:\"emptype_name\";s:10:\"Supervisor\";s:16:\"bankiemp_acct_no\";s:10:\"0180092345\";s:13:\"banklist_name\";s:3:\"BPI\";s:11:\"pi_emailone\";s:22:\"rizal@sample.email.com\";s:8:\"taxep_id\";s:1:\"3\";s:14:\"salaryclass_id\";s:1:\"4\";s:12:\"tt_pay_group\";s:1:\"3\";}s:13:\"paystubdetail\";a:2:{s:12:\"paystubsched\";a:8:{s:6:\"pps_id\";s:1:\"1\";s:8:\"pps_name\";s:12:\"Semi-Monthly\";s:12:\"payperiod_id\";s:1:\"3\";s:10:\"paystub_id\";s:2:\"26\";s:20:\"payperiod_start_date\";s:19:\"2012-01-26 00:00:00\";s:18:\"payperiod_end_date\";s:19:\"2012-02-10 23:59:00\";s:20:\"payperiod_trans_date\";s:19:\"2012-02-15 23:59:00\";s:11:\"schedSecond\";s:2:\"25\";}s:14:\"paystubaccount\";a:8:{s:7:\"earning\";a:6:{s:5:\"basic\";s:8:\"26000.00\";s:11:\"Regulartime\";d:13000;s:4:\"COLA\";N;s:10:\"COLAperDay\";N;s:9:\"totalDays\";N;s:2:\"OT\";a:4:{s:9:\"OTDetails\";a:1:{i:0;a:7:{s:8:\"otrec_id\";s:2:\"28\";s:7:\"ot_name\";s:3:\"ROT\";s:4:\"rate\";s:4:\"1.25\";s:11:\"totaltimehr\";s:4:\"2.00\";s:8:\"ratephrs\";d:124.600638977635782111974549479782581329345703125;s:9:\"rateperhr\";d:155.750798722044720534540829248726367950439453125;s:8:\"otamount\";s:6:\"311.50\";}}s:10:\"TotalallOT\";s:6:\"311.50\";s:9:\"OTbackpay\";s:4:\"0.00\";s:12:\"SumAllOTRate\";s:6:\"311.50\";}}s:9:\"deduction\";a:8:{s:3:\"SSS\";s:6:\"450.00\";s:5:\"SSSER\";s:6:\"954.00\";s:5:\"SSSEC\";s:2:\"10\";s:10:\"PhilHealth\";s:6:\"162.50\";s:12:\"PhilHealthER\";s:6:\"162.50\";s:8:\"Pag-ibig\";i:50;s:10:\"Pag-ibigER\";i:50;s:6:\"Others\";N;}s:3:\"TUA\";a:2:{s:9:\"TADetails\";a:1:{i:0;a:7:{s:12:\"emp_tarec_id\";s:2:\"25\";s:7:\"ta_name\";s:4:\"Late\";s:4:\"type\";s:1:\"1\";s:11:\"totaltimehr\";s:4:\"0.30\";s:8:\"ratetype\";s:1:\"H\";s:9:\"rateperDH\";d:124.600638977635782111974549479782581329345703125;s:8:\"taamount\";d:37.38019169329073321250689332373440265655517578125;}}s:10:\"TotalLeave\";s:5:\"37.38\";}s:12:\"leave_record\";a:2:{i:0;a:9:{s:11:\"empleave_id\";s:2:\"16\";s:8:\"leave_id\";s:1:\"1\";s:10:\"leave_name\";s:14:\"Vacation Leave\";s:17:\"empleave_used_day\";s:4:\"0.00\";s:22:\"empleave_available_day\";s:5:\"15.00\";s:19:\"empleave_substitute\";N;s:16:\"empleave_creadit\";s:5:\"15.00\";s:13:\"empleave_stat\";s:1:\"1\";s:15:\"leave_conv_cash\";s:3:\"Yes\";}i:1;a:9:{s:11:\"empleave_id\";s:2:\"15\";s:8:\"leave_id\";s:1:\"2\";s:10:\"leave_name\";s:10:\"Sick Leave\";s:17:\"empleave_used_day\";s:4:\"0.00\";s:22:\"empleave_available_day\";s:5:\"15.00\";s:19:\"empleave_substitute\";N;s:16:\"empleave_creadit\";s:5:\"15.00\";s:13:\"empleave_stat\";s:1:\"1\";s:15:\"leave_conv_cash\";s:3:\"Yes\";}}s:18:\"government_regular\";a:0:{}s:8:\"benefits\";a:0:{}s:10:\"amendments\";a:10:{i:0;N;i:1;N;s:16:\"total_TSAEarning\";s:4:\"0.00\";s:15:\"total_TAEarning\";s:4:\"0.00\";s:15:\"total_SAEarning\";s:4:\"0.00\";s:17:\"total_NTSAEarning\";s:4:\"0.00\";s:18:\"total_TSADeduction\";s:4:\"0.00\";s:17:\"total_TADeduction\";s:4:\"0.00\";s:17:\"total_SADeduction\";s:4:\"0.00\";s:19:\"total_NTSADeduction\";s:4:\"0.00\";}s:7:\"pstotal\";a:18:{s:5:\"gross\";s:8:\"13311.50\";s:12:\"Basic Salary\";s:8:\"26000.00\";s:8:\"PGsalary\";s:8:\"13274.12\";s:23:\"gross_nontaxable_income\";s:4:\"0.00\";s:13:\"taxable_Gross\";s:8:\"12611.62\";s:9:\"Deduction\";s:7:\"2816.70\";s:17:\"SatutoryDeduction\";s:6:\"662.50\";s:7:\"W/H Tax\";s:7:\"2116.82\";s:13:\"aftertaxgross\";s:8:\"10494.80\";s:7:\"Net Pay\";s:8:\"10494.80\";s:20:\"other_taxable_income\";s:4:\"0.00\";s:15:\"other_deduction\";s:4:\"0.00\";s:20:\"TotalEarning_payslip\";s:8:\"13311.50\";s:13:\"SumSABEarning\";s:4:\"0.00\";s:14:\"SumTSABEarning\";s:4:\"0.00\";s:15:\"SumTABDeduction\";s:4:\"0.00\";s:13:\"SumTABEarning\";s:4:\"0.00\";s:13:\"BaseSTATGross\";s:8:\"13274.12\";}}}}','2012-05-21 15:04:22','jimabignay',NULL,NULL,1,0),(27,27,5,6,5,1,'a:2:{s:7:\"empinfo\";a:18:{s:6:\"emp_id\";s:1:\"6\";s:6:\"emp_no\";s:8:\"2011-201\";s:8:\"fullname\";s:22:\"Bryan Anthony C. Banal\";s:7:\"jobcode\";s:8:\"COSTACCT\";s:11:\"jobpos_name\";s:15:\"Cost Accountant\";s:9:\"comp_name\";s:17:\"Company XYZ, Inc.\";s:8:\"comp_add\";s:51:\"Alcar Building, Brgy. Highway Hills, Las Pinas City\";s:7:\"ud_name\";s:11:\"Acctg Dept.\";s:11:\"tax_ex_name\";s:9:\"Single(S)\";s:7:\"comp_id\";s:1:\"1\";s:5:\"ud_id\";s:1:\"5\";s:12:\"emptype_name\";s:9:\"Rank File\";s:16:\"bankiemp_acct_no\";s:10:\"0189131111\";s:13:\"banklist_name\";s:3:\"BPI\";s:11:\"pi_emailone\";s:22:\"banal@sample.email.com\";s:8:\"taxep_id\";s:1:\"3\";s:14:\"salaryclass_id\";s:1:\"4\";s:12:\"tt_pay_group\";s:1:\"3\";}s:13:\"paystubdetail\";a:2:{s:12:\"paystubsched\";a:8:{s:6:\"pps_id\";s:1:\"1\";s:8:\"pps_name\";s:12:\"Semi-Monthly\";s:12:\"payperiod_id\";s:1:\"5\";s:10:\"paystub_id\";s:2:\"27\";s:20:\"payperiod_start_date\";s:19:\"2012-02-11 00:00:00\";s:18:\"payperiod_end_date\";s:19:\"2012-02-25 23:59:00\";s:20:\"payperiod_trans_date\";s:19:\"2012-02-29 23:59:00\";s:11:\"schedSecond\";s:2:\"25\";}s:14:\"paystubaccount\";a:8:{s:7:\"earning\";a:6:{s:5:\"basic\";s:8:\"14000.00\";s:11:\"Regulartime\";d:7000;s:4:\"COLA\";N;s:10:\"COLAperDay\";N;s:9:\"totalDays\";N;s:2:\"OT\";a:4:{s:9:\"OTDetails\";a:1:{i:0;a:7:{s:8:\"otrec_id\";s:2:\"29\";s:7:\"ot_name\";s:3:\"ROT\";s:4:\"rate\";s:4:\"1.25\";s:11:\"totaltimehr\";s:4:\"1.00\";s:8:\"ratephrs\";d:67.0926517571884915014379657804965972900390625;s:9:\"rateperhr\";d:83.865814696485614376797457225620746612548828125;s:8:\"otamount\";s:5:\"83.87\";}}s:10:\"TotalallOT\";s:5:\"83.87\";s:9:\"OTbackpay\";s:4:\"0.00\";s:12:\"SumAllOTRate\";s:5:\"83.87\";}}s:9:\"deduction\";a:8:{s:3:\"SSS\";d:250;s:5:\"SSSER\";d:530;s:5:\"SSSEC\";d:20;s:10:\"PhilHealth\";d:112.5;s:12:\"PhilHealthER\";d:112.5;s:8:\"Pag-ibig\";i:50;s:10:\"Pag-ibigER\";i:50;s:6:\"Others\";N;}s:3:\"TUA\";a:2:{s:9:\"TADetails\";N;s:10:\"TotalLeave\";s:4:\"0.00\";}s:12:\"leave_record\";a:0:{}s:18:\"government_regular\";a:0:{}s:8:\"benefits\";a:1:{i:0;a:18:{s:6:\"psa_id\";s:2:\"12\";s:6:\"ben_id\";s:1:\"8\";s:8:\"psa_name\";s:14:\"Rice Allowance\";s:8:\"psa_type\";s:1:\"1\";s:10:\"ben_amount\";s:4:\"1000\";s:13:\"ben_payperday\";s:3:\"500\";s:13:\"ben_startdate\";s:10:\"2012-01-01\";s:11:\"ben_enddate\";s:10:\"0000-00-00\";s:11:\"ben_isfixed\";s:1:\"0\";s:11:\"ben_suspend\";s:1:\"0\";s:19:\"ben_periodselection\";s:9:\"1,1,0,0,0\";s:12:\"psa_priority\";s:1:\"0\";s:7:\"psa_tax\";s:1:\"1\";s:13:\"psa_statutory\";s:1:\"1\";s:5:\"year_\";s:4:\"2012\";s:6:\"month_\";s:2:\"01\";s:8:\"yearend_\";s:4:\"0000\";s:9:\"monthend_\";s:2:\"00\";}}s:10:\"amendments\";a:10:{i:0;a:1:{i:0;a:14:{s:6:\"psa_id\";s:2:\"41\";s:10:\"psamend_id\";s:1:\"5\";s:11:\"amendemp_id\";s:2:\"21\";s:8:\"psa_name\";s:6:\"OT Adj\";s:12:\"psamend_desc\";s:13:\"OT Adjustment\";s:8:\"psa_type\";s:1:\"1\";s:12:\"psamend_rate\";s:4:\"0.00\";s:13:\"psamend_units\";s:4:\"0.00\";s:14:\"psamend_amount\";s:4:\"0.00\";s:19:\"psamend_effect_date\";s:10:\"2012-02-16\";s:17:\"psamend_istaxable\";s:1:\"0\";s:7:\"psa_tax\";s:1:\"1\";s:13:\"psa_statutory\";s:1:\"1\";s:15:\"amendemp_amount\";s:6:\"800.00\";}}i:1;N;s:16:\"total_TSAEarning\";s:6:\"800.00\";s:15:\"total_TAEarning\";s:4:\"0.00\";s:15:\"total_SAEarning\";s:4:\"0.00\";s:17:\"total_NTSAEarning\";s:4:\"0.00\";s:18:\"total_TSADeduction\";s:4:\"0.00\";s:17:\"total_TADeduction\";s:4:\"0.00\";s:17:\"total_SADeduction\";s:4:\"0.00\";s:19:\"total_NTSADeduction\";s:4:\"0.00\";}s:7:\"pstotal\";a:18:{s:5:\"gross\";s:7:\"8383.87\";s:12:\"Basic Salary\";s:8:\"14000.00\";s:8:\"PGsalary\";s:7:\"7083.87\";s:23:\"gross_nontaxable_income\";s:4:\"0.00\";s:13:\"taxable_Gross\";s:7:\"7971.37\";s:9:\"Deduction\";s:7:\"1363.59\";s:17:\"SatutoryDeduction\";s:6:\"412.50\";s:7:\"W/H Tax\";s:6:\"951.09\";s:13:\"aftertaxgross\";s:7:\"7020.28\";s:7:\"Net Pay\";s:7:\"7020.28\";s:20:\"other_taxable_income\";s:4:\"0.00\";s:15:\"other_deduction\";s:4:\"0.00\";s:20:\"TotalEarning_payslip\";s:7:\"8383.87\";s:13:\"SumSABEarning\";s:4:\"0.00\";s:14:\"SumTSABEarning\";s:7:\"1300.00\";s:15:\"SumTABDeduction\";s:4:\"0.00\";s:13:\"SumTABEarning\";s:4:\"0.00\";s:13:\"BaseSTATGross\";s:7:\"8383.87\";}}}}','2012-05-21 15:10:39','jimabignay',NULL,NULL,1,0),(28,28,5,12,2,1,'a:2:{s:7:\"empinfo\";a:18:{s:6:\"emp_id\";s:2:\"12\";s:6:\"emp_no\";s:8:\"2012-002\";s:8:\"fullname\";s:17:\"Makisig P. Bayani\";s:7:\"jobcode\";s:6:\"WHMNGR\";s:11:\"jobpos_name\";s:17:\"Warehouse Manager\";s:9:\"comp_name\";s:17:\"Company XYZ, Inc.\";s:8:\"comp_add\";s:51:\"Alcar Building, Brgy. Highway Hills, Las Pinas City\";s:7:\"ud_name\";s:15:\"Warehouse Dept.\";s:11:\"tax_ex_name\";s:9:\"Single(S)\";s:7:\"comp_id\";s:1:\"1\";s:5:\"ud_id\";s:1:\"2\";s:12:\"emptype_name\";s:7:\"Manager\";s:16:\"bankiemp_acct_no\";s:10:\"0180003526\";s:13:\"banklist_name\";s:3:\"BPI\";s:11:\"pi_emailone\";s:23:\"bayani@sample.email.com\";s:8:\"taxep_id\";s:1:\"3\";s:14:\"salaryclass_id\";s:1:\"4\";s:12:\"tt_pay_group\";s:1:\"3\";}s:13:\"paystubdetail\";a:2:{s:12:\"paystubsched\";a:8:{s:6:\"pps_id\";s:1:\"1\";s:8:\"pps_name\";s:12:\"Semi-Monthly\";s:12:\"payperiod_id\";s:1:\"5\";s:10:\"paystub_id\";s:2:\"28\";s:20:\"payperiod_start_date\";s:19:\"2012-02-11 00:00:00\";s:18:\"payperiod_end_date\";s:19:\"2012-02-25 23:59:00\";s:20:\"payperiod_trans_date\";s:19:\"2012-02-29 23:59:00\";s:11:\"schedSecond\";s:2:\"25\";}s:14:\"paystubaccount\";a:8:{s:7:\"earning\";a:6:{s:5:\"basic\";s:8:\"35000.00\";s:11:\"Regulartime\";d:17500;s:4:\"COLA\";N;s:10:\"COLAperDay\";N;s:9:\"totalDays\";N;s:2:\"OT\";a:4:{s:9:\"OTDetails\";N;s:10:\"TotalallOT\";s:4:\"0.00\";s:9:\"OTbackpay\";s:4:\"0.00\";s:12:\"SumAllOTRate\";s:4:\"0.00\";}}s:9:\"deduction\";a:8:{s:3:\"SSS\";d:400;s:5:\"SSSER\";d:848;s:5:\"SSSEC\";i:10;s:10:\"PhilHealth\";d:150;s:12:\"PhilHealthER\";d:150;s:8:\"Pag-ibig\";i:50;s:10:\"Pag-ibigER\";i:50;s:6:\"Others\";N;}s:3:\"TUA\";a:2:{s:9:\"TADetails\";a:1:{i:0;a:7:{s:12:\"emp_tarec_id\";s:2:\"32\";s:7:\"ta_name\";s:27:\"Authorized absence - no pay\";s:4:\"type\";s:1:\"2\";s:11:\"totaltimehr\";s:4:\"4.00\";s:8:\"ratetype\";s:1:\"D\";s:9:\"rateperDH\";d:1341.853035143770057402434758841991424560546875;s:8:\"taamount\";d:5367.4121405750802296097390353679656982421875;}}s:10:\"TotalLeave\";s:7:\"5367.41\";}s:12:\"leave_record\";a:2:{i:0;a:9:{s:11:\"empleave_id\";s:2:\"17\";s:8:\"leave_id\";s:1:\"1\";s:10:\"leave_name\";s:14:\"Vacation Leave\";s:17:\"empleave_used_day\";s:4:\"0.00\";s:22:\"empleave_available_day\";s:5:\"15.00\";s:19:\"empleave_substitute\";N;s:16:\"empleave_creadit\";s:5:\"15.00\";s:13:\"empleave_stat\";s:1:\"1\";s:15:\"leave_conv_cash\";s:3:\"Yes\";}i:1;a:9:{s:11:\"empleave_id\";s:2:\"18\";s:8:\"leave_id\";s:1:\"2\";s:10:\"leave_name\";s:10:\"Sick Leave\";s:17:\"empleave_used_day\";s:4:\"0.00\";s:22:\"empleave_available_day\";s:5:\"15.00\";s:19:\"empleave_substitute\";N;s:16:\"empleave_creadit\";s:5:\"15.00\";s:13:\"empleave_stat\";s:1:\"1\";s:15:\"leave_conv_cash\";s:3:\"Yes\";}}s:18:\"government_regular\";a:0:{}s:8:\"benefits\";a:0:{}s:10:\"amendments\";a:10:{i:0;N;i:1;N;s:16:\"total_TSAEarning\";s:4:\"0.00\";s:15:\"total_TAEarning\";s:4:\"0.00\";s:15:\"total_SAEarning\";s:4:\"0.00\";s:17:\"total_NTSAEarning\";s:4:\"0.00\";s:18:\"total_TSADeduction\";s:4:\"0.00\";s:17:\"total_TADeduction\";s:4:\"0.00\";s:17:\"total_SADeduction\";s:4:\"0.00\";s:19:\"total_NTSADeduction\";s:4:\"0.00\";}s:7:\"pstotal\";a:18:{s:5:\"gross\";s:8:\"17500.00\";s:12:\"Basic Salary\";s:8:\"35000.00\";s:8:\"PGsalary\";s:8:\"12132.59\";s:23:\"gross_nontaxable_income\";s:4:\"0.00\";s:13:\"taxable_Gross\";s:8:\"11532.59\";s:9:\"Deduction\";s:7:\"7808.81\";s:17:\"SatutoryDeduction\";s:6:\"600.00\";s:7:\"W/H Tax\";s:7:\"1841.40\";s:13:\"aftertaxgross\";s:7:\"9691.19\";s:7:\"Net Pay\";s:7:\"9691.19\";s:20:\"other_taxable_income\";s:4:\"0.00\";s:15:\"other_deduction\";s:4:\"0.00\";s:20:\"TotalEarning_payslip\";s:8:\"17500.00\";s:13:\"SumSABEarning\";s:4:\"0.00\";s:14:\"SumTSABEarning\";s:4:\"0.00\";s:15:\"SumTABDeduction\";s:4:\"0.00\";s:13:\"SumTABEarning\";s:4:\"0.00\";s:13:\"BaseSTATGross\";s:8:\"12132.59\";}}}}','2012-05-21 15:10:39','jimabignay',NULL,NULL,1,0),(29,29,5,5,3,1,'a:2:{s:7:\"empinfo\";a:18:{s:6:\"emp_id\";s:1:\"5\";s:6:\"emp_no\";s:8:\"2002-001\";s:8:\"fullname\";s:20:\"Mark Anthony M. Cruz\";s:7:\"jobcode\";s:6:\"ITMNGR\";s:11:\"jobpos_name\";s:10:\"IT Manager\";s:9:\"comp_name\";s:17:\"Company XYZ, Inc.\";s:8:\"comp_add\";s:51:\"Alcar Building, Brgy. Highway Hills, Las Pinas City\";s:7:\"ud_name\";s:8:\"IT Dept.\";s:11:\"tax_ex_name\";s:14:\"Married2 (ME2)\";s:7:\"comp_id\";s:1:\"1\";s:5:\"ud_id\";s:1:\"3\";s:12:\"emptype_name\";s:7:\"Manager\";s:16:\"bankiemp_acct_no\";s:10:\"0189080000\";s:13:\"banklist_name\";s:3:\"BPI\";s:11:\"pi_emailone\";s:21:\"cruz@sample.email.com\";s:8:\"taxep_id\";s:2:\"10\";s:14:\"salaryclass_id\";s:1:\"4\";s:12:\"tt_pay_group\";s:1:\"3\";}s:13:\"paystubdetail\";a:2:{s:12:\"paystubsched\";a:8:{s:6:\"pps_id\";s:1:\"1\";s:8:\"pps_name\";s:12:\"Semi-Monthly\";s:12:\"payperiod_id\";s:1:\"5\";s:10:\"paystub_id\";s:2:\"29\";s:20:\"payperiod_start_date\";s:19:\"2012-02-11 00:00:00\";s:18:\"payperiod_end_date\";s:19:\"2012-02-25 23:59:00\";s:20:\"payperiod_trans_date\";s:19:\"2012-02-29 23:59:00\";s:11:\"schedSecond\";s:2:\"25\";}s:14:\"paystubaccount\";a:8:{s:7:\"earning\";a:6:{s:5:\"basic\";s:8:\"64234.81\";s:11:\"Regulartime\";d:32117.40499999999883584678173065185546875;s:4:\"COLA\";N;s:10:\"COLAperDay\";N;s:9:\"totalDays\";N;s:2:\"OT\";a:4:{s:9:\"OTDetails\";a:1:{i:0;a:7:{s:8:\"otrec_id\";s:2:\"30\";s:7:\"ot_name\";s:3:\"ROT\";s:4:\"rate\";s:4:\"1.25\";s:11:\"totaltimehr\";s:4:\"2.00\";s:8:\"ratephrs\";d:307.8345527156549223946058191359043121337890625;s:9:\"rateperhr\";d:384.793190894568624571547843515872955322265625;s:8:\"otamount\";s:6:\"769.59\";}}s:10:\"TotalallOT\";s:6:\"769.59\";s:9:\"OTbackpay\";s:4:\"0.00\";s:12:\"SumAllOTRate\";s:6:\"769.59\";}}s:9:\"deduction\";a:8:{s:3:\"SSS\";d:0;s:5:\"SSSER\";d:0;s:5:\"SSSEC\";d:0;s:10:\"PhilHealth\";d:0;s:12:\"PhilHealthER\";d:0;s:8:\"Pag-ibig\";i:50;s:10:\"Pag-ibigER\";i:50;s:6:\"Others\";N;}s:3:\"TUA\";a:2:{s:9:\"TADetails\";N;s:10:\"TotalLeave\";s:4:\"0.00\";}s:12:\"leave_record\";a:2:{i:0;a:9:{s:11:\"empleave_id\";s:2:\"13\";s:8:\"leave_id\";s:1:\"1\";s:10:\"leave_name\";s:14:\"Vacation Leave\";s:17:\"empleave_used_day\";s:4:\"0.00\";s:22:\"empleave_available_day\";s:4:\"7.00\";s:19:\"empleave_substitute\";s:0:\"\";s:16:\"empleave_creadit\";s:5:\"15.00\";s:13:\"empleave_stat\";s:1:\"1\";s:15:\"leave_conv_cash\";s:3:\"Yes\";}i:1;a:9:{s:11:\"empleave_id\";s:2:\"14\";s:8:\"leave_id\";s:1:\"2\";s:10:\"leave_name\";s:10:\"Sick Leave\";s:17:\"empleave_used_day\";s:4:\"0.00\";s:22:\"empleave_available_day\";s:5:\"15.00\";s:19:\"empleave_substitute\";s:0:\"\";s:16:\"empleave_creadit\";s:5:\"15.00\";s:13:\"empleave_stat\";s:1:\"1\";s:15:\"leave_conv_cash\";s:3:\"Yes\";}}s:18:\"government_regular\";a:0:{}s:8:\"benefits\";a:0:{}s:10:\"amendments\";a:10:{i:0;a:1:{i:0;a:14:{s:6:\"psa_id\";s:2:\"41\";s:10:\"psamend_id\";s:1:\"5\";s:11:\"amendemp_id\";s:2:\"24\";s:8:\"psa_name\";s:6:\"OT Adj\";s:12:\"psamend_desc\";s:13:\"OT Adjustment\";s:8:\"psa_type\";s:1:\"1\";s:12:\"psamend_rate\";s:4:\"0.00\";s:13:\"psamend_units\";s:4:\"0.00\";s:14:\"psamend_amount\";s:4:\"0.00\";s:19:\"psamend_effect_date\";s:10:\"2012-02-16\";s:17:\"psamend_istaxable\";s:1:\"0\";s:7:\"psa_tax\";s:1:\"1\";s:13:\"psa_statutory\";s:1:\"1\";s:15:\"amendemp_amount\";s:6:\"800.00\";}}i:1;N;s:16:\"total_TSAEarning\";s:6:\"800.00\";s:15:\"total_TAEarning\";s:4:\"0.00\";s:15:\"total_SAEarning\";s:4:\"0.00\";s:17:\"total_NTSAEarning\";s:4:\"0.00\";s:18:\"total_TSADeduction\";s:4:\"0.00\";s:17:\"total_TADeduction\";s:4:\"0.00\";s:17:\"total_SADeduction\";s:4:\"0.00\";s:19:\"total_NTSADeduction\";s:4:\"0.00\";}s:7:\"pstotal\";a:18:{s:5:\"gross\";s:8:\"33686.99\";s:12:\"Basic Salary\";s:8:\"64234.81\";s:8:\"PGsalary\";s:8:\"32887.00\";s:23:\"gross_nontaxable_income\";s:4:\"0.00\";s:13:\"taxable_Gross\";s:8:\"33637.00\";s:9:\"Deduction\";s:7:\"8022.17\";s:17:\"SatutoryDeduction\";s:5:\"50.00\";s:7:\"W/H Tax\";s:7:\"7972.17\";s:13:\"aftertaxgross\";s:8:\"25664.83\";s:7:\"Net Pay\";s:8:\"25664.82\";s:20:\"other_taxable_income\";s:4:\"0.00\";s:15:\"other_deduction\";s:4:\"0.00\";s:20:\"TotalEarning_payslip\";s:8:\"33686.99\";s:13:\"SumSABEarning\";s:4:\"0.00\";s:14:\"SumTSABEarning\";s:6:\"800.00\";s:15:\"SumTABDeduction\";s:4:\"0.00\";s:13:\"SumTABEarning\";s:4:\"0.00\";s:13:\"BaseSTATGross\";s:8:\"33687.00\";}}}}','2012-05-21 15:10:39','jimabignay',NULL,NULL,1,0),(30,30,5,7,5,1,'a:2:{s:7:\"empinfo\";a:18:{s:6:\"emp_id\";s:1:\"7\";s:6:\"emp_no\";s:8:\"2011-188\";s:8:\"fullname\";s:23:\"Alicia May M. De Guzman\";s:7:\"jobcode\";s:7:\"PAYACCT\";s:11:\"jobpos_name\";s:18:\"Payable Accountant\";s:9:\"comp_name\";s:17:\"Company XYZ, Inc.\";s:8:\"comp_add\";s:51:\"Alcar Building, Brgy. Highway Hills, Las Pinas City\";s:7:\"ud_name\";s:11:\"Acctg Dept.\";s:11:\"tax_ex_name\";s:14:\"Married2 (ME2)\";s:7:\"comp_id\";s:1:\"1\";s:5:\"ud_id\";s:1:\"5\";s:12:\"emptype_name\";s:9:\"Rank File\";s:16:\"bankiemp_acct_no\";s:10:\"0189128888\";s:13:\"banklist_name\";s:3:\"BPI\";s:11:\"pi_emailone\";s:23:\"guzman@sample.email.com\";s:8:\"taxep_id\";s:2:\"10\";s:14:\"salaryclass_id\";s:1:\"4\";s:12:\"tt_pay_group\";s:1:\"3\";}s:13:\"paystubdetail\";a:2:{s:12:\"paystubsched\";a:8:{s:6:\"pps_id\";s:1:\"1\";s:8:\"pps_name\";s:12:\"Semi-Monthly\";s:12:\"payperiod_id\";s:1:\"5\";s:10:\"paystub_id\";s:2:\"30\";s:20:\"payperiod_start_date\";s:19:\"2012-02-11 00:00:00\";s:18:\"payperiod_end_date\";s:19:\"2012-02-25 23:59:00\";s:20:\"payperiod_trans_date\";s:19:\"2012-02-29 23:59:00\";s:11:\"schedSecond\";s:2:\"25\";}s:14:\"paystubaccount\";a:8:{s:7:\"earning\";a:6:{s:5:\"basic\";s:8:\"15000.00\";s:11:\"Regulartime\";d:7500;s:4:\"COLA\";N;s:10:\"COLAperDay\";N;s:9:\"totalDays\";N;s:2:\"OT\";a:4:{s:9:\"OTDetails\";N;s:10:\"TotalallOT\";s:4:\"0.00\";s:9:\"OTbackpay\";s:4:\"0.00\";s:12:\"SumAllOTRate\";s:4:\"0.00\";}}s:9:\"deduction\";a:8:{s:3:\"SSS\";d:250;s:5:\"SSSER\";d:530;s:5:\"SSSEC\";d:20;s:10:\"PhilHealth\";d:87.5;s:12:\"PhilHealthER\";d:87.5;s:8:\"Pag-ibig\";i:50;s:10:\"Pag-ibigER\";i:50;s:6:\"Others\";N;}s:3:\"TUA\";a:2:{s:9:\"TADetails\";a:1:{i:0;a:7:{s:12:\"emp_tarec_id\";s:2:\"26\";s:7:\"ta_name\";s:4:\"Late\";s:4:\"type\";s:1:\"1\";s:11:\"totaltimehr\";s:4:\"1.00\";s:8:\"ratetype\";s:1:\"H\";s:9:\"rateperDH\";d:71.884984025559106157743372023105621337890625;s:8:\"taamount\";d:71.884984025559106157743372023105621337890625;}}s:10:\"TotalLeave\";s:5:\"71.88\";}s:12:\"leave_record\";a:2:{i:0;a:9:{s:11:\"empleave_id\";s:1:\"5\";s:8:\"leave_id\";s:1:\"1\";s:10:\"leave_name\";s:14:\"Vacation Leave\";s:17:\"empleave_used_day\";s:4:\"0.00\";s:22:\"empleave_available_day\";s:4:\"6.00\";s:19:\"empleave_substitute\";s:0:\"\";s:16:\"empleave_creadit\";s:4:\"7.50\";s:13:\"empleave_stat\";s:1:\"1\";s:15:\"leave_conv_cash\";s:3:\"Yes\";}i:1;a:9:{s:11:\"empleave_id\";s:1:\"6\";s:8:\"leave_id\";s:1:\"2\";s:10:\"leave_name\";s:10:\"Sick Leave\";s:17:\"empleave_used_day\";s:4:\"0.00\";s:22:\"empleave_available_day\";s:4:\"7.00\";s:19:\"empleave_substitute\";s:0:\"\";s:16:\"empleave_creadit\";s:4:\"7.50\";s:13:\"empleave_stat\";s:1:\"1\";s:15:\"leave_conv_cash\";s:3:\"Yes\";}}s:18:\"government_regular\";a:0:{}s:8:\"benefits\";a:1:{i:0;a:18:{s:6:\"psa_id\";s:2:\"10\";s:6:\"ben_id\";s:1:\"9\";s:8:\"psa_name\";s:14:\"Meal Allowance\";s:8:\"psa_type\";s:1:\"1\";s:10:\"ben_amount\";s:4:\"2500\";s:13:\"ben_payperday\";s:4:\"1250\";s:13:\"ben_startdate\";s:10:\"2012-01-01\";s:11:\"ben_enddate\";s:10:\"0000-00-00\";s:11:\"ben_isfixed\";s:1:\"0\";s:11:\"ben_suspend\";s:1:\"0\";s:19:\"ben_periodselection\";s:9:\"1,1,0,0,0\";s:12:\"psa_priority\";s:1:\"0\";s:7:\"psa_tax\";s:1:\"0\";s:13:\"psa_statutory\";s:1:\"0\";s:5:\"year_\";s:4:\"2012\";s:6:\"month_\";s:2:\"01\";s:8:\"yearend_\";s:4:\"0000\";s:9:\"monthend_\";s:2:\"00\";}}s:10:\"amendments\";a:10:{i:0;N;i:1;N;s:16:\"total_TSAEarning\";s:4:\"0.00\";s:15:\"total_TAEarning\";s:4:\"0.00\";s:15:\"total_SAEarning\";s:4:\"0.00\";s:17:\"total_NTSAEarning\";s:4:\"0.00\";s:18:\"total_TSADeduction\";s:4:\"0.00\";s:17:\"total_TADeduction\";s:4:\"0.00\";s:17:\"total_SADeduction\";s:4:\"0.00\";s:19:\"total_NTSADeduction\";s:4:\"0.00\";}s:7:\"pstotal\";a:18:{s:5:\"gross\";s:7:\"8750.00\";s:12:\"Basic Salary\";s:8:\"15000.00\";s:8:\"PGsalary\";s:7:\"7428.12\";s:23:\"gross_nontaxable_income\";s:7:\"1250.00\";s:13:\"taxable_Gross\";s:7:\"7040.62\";s:9:\"Deduction\";s:6:\"807.09\";s:17:\"SatutoryDeduction\";s:6:\"387.50\";s:7:\"W/H Tax\";s:6:\"347.71\";s:13:\"aftertaxgross\";s:7:\"6692.91\";s:7:\"Net Pay\";s:7:\"7942.91\";s:20:\"other_taxable_income\";s:4:\"0.00\";s:15:\"other_deduction\";s:4:\"0.00\";s:20:\"TotalEarning_payslip\";s:7:\"8750.00\";s:13:\"SumSABEarning\";s:4:\"0.00\";s:14:\"SumTSABEarning\";s:4:\"0.00\";s:15:\"SumTABDeduction\";s:4:\"0.00\";s:13:\"SumTABEarning\";s:4:\"0.00\";s:13:\"BaseSTATGross\";s:7:\"7428.12\";}}}}','2012-05-21 15:10:39','jimabignay',NULL,NULL,1,0),(31,31,5,2,3,1,'a:2:{s:7:\"empinfo\";a:18:{s:6:\"emp_id\";s:1:\"2\";s:6:\"emp_no\";s:8:\"2009-075\";s:8:\"fullname\";s:16:\"Jessa A. De leon\";s:7:\"jobcode\";s:10:\"MEMBERSHIP\";s:11:\"jobpos_name\";s:18:\"Membership Officer\";s:9:\"comp_name\";s:17:\"Company XYZ, Inc.\";s:8:\"comp_add\";s:51:\"Alcar Building, Brgy. Highway Hills, Las Pinas City\";s:7:\"ud_name\";s:8:\"IT Dept.\";s:11:\"tax_ex_name\";s:12:\"Married (ME)\";s:7:\"comp_id\";s:1:\"1\";s:5:\"ud_id\";s:1:\"3\";s:12:\"emptype_name\";s:9:\"Rank File\";s:16:\"bankiemp_acct_no\";s:10:\"0189096966\";s:13:\"banklist_name\";s:3:\"BPI\";s:11:\"pi_emailone\";s:21:\"leon@sample.email.com\";s:8:\"taxep_id\";s:1:\"8\";s:14:\"salaryclass_id\";s:1:\"4\";s:12:\"tt_pay_group\";s:1:\"3\";}s:13:\"paystubdetail\";a:2:{s:12:\"paystubsched\";a:8:{s:6:\"pps_id\";s:1:\"1\";s:8:\"pps_name\";s:12:\"Semi-Monthly\";s:12:\"payperiod_id\";s:1:\"5\";s:10:\"paystub_id\";s:2:\"31\";s:20:\"payperiod_start_date\";s:19:\"2012-02-11 00:00:00\";s:18:\"payperiod_end_date\";s:19:\"2012-02-25 23:59:00\";s:20:\"payperiod_trans_date\";s:19:\"2012-02-29 23:59:00\";s:11:\"schedSecond\";s:2:\"25\";}s:14:\"paystubaccount\";a:8:{s:7:\"earning\";a:6:{s:5:\"basic\";s:8:\"11344.32\";s:11:\"Regulartime\";d:5672.15999999999985448084771633148193359375;s:4:\"COLA\";N;s:10:\"COLAperDay\";N;s:9:\"totalDays\";N;s:2:\"OT\";a:4:{s:9:\"OTDetails\";a:3:{i:0;a:7:{s:8:\"otrec_id\";s:2:\"31\";s:7:\"ot_name\";s:3:\"ROT\";s:4:\"rate\";s:4:\"1.25\";s:11:\"totaltimehr\";s:4:\"1.00\";s:8:\"ratephrs\";d:54.36575079872203986042222823016345500946044921875;s:9:\"rateperhr\";d:67.9571884984025444964572670869529247283935546875;s:8:\"otamount\";s:5:\"67.96\";}i:1;a:7:{s:8:\"otrec_id\";s:2:\"32\";s:7:\"ot_name\";s:7:\"OT_RDF8\";s:4:\"rate\";s:3:\"1.3\";s:11:\"totaltimehr\";s:4:\"8.00\";s:8:\"ratephrs\";d:54.36575079872203986042222823016345500946044921875;s:9:\"rateperhr\";d:70.6754760383386582134335185401141643524169921875;s:8:\"otamount\";s:6:\"565.40\";}i:2;a:7:{s:8:\"otrec_id\";s:2:\"33\";s:7:\"ot_name\";s:7:\"OT_RD88\";s:4:\"rate\";s:4:\"1.69\";s:11:\"totaltimehr\";s:4:\"8.00\";s:8:\"ratephrs\";d:54.36575079872203986042222823016345500946044921875;s:9:\"rateperhr\";d:91.8781188498402485720362165011465549468994140625;s:8:\"otamount\";s:6:\"735.02\";}}s:10:\"TotalallOT\";s:7:\"1368.39\";s:9:\"OTbackpay\";s:4:\"0.00\";s:12:\"SumAllOTRate\";s:7:\"1368.39\";}}s:9:\"deduction\";a:8:{s:3:\"SSS\";d:250;s:5:\"SSSER\";d:530;s:5:\"SSSEC\";d:0;s:10:\"PhilHealth\";d:87.5;s:12:\"PhilHealthER\";d:87.5;s:8:\"Pag-ibig\";i:50;s:10:\"Pag-ibigER\";i:50;s:6:\"Others\";N;}s:3:\"TUA\";a:2:{s:9:\"TADetails\";a:1:{i:0;a:7:{s:12:\"emp_tarec_id\";s:2:\"27\";s:7:\"ta_name\";s:27:\"Authorized absence - no pay\";s:4:\"type\";s:1:\"2\";s:11:\"totaltimehr\";s:4:\"1.00\";s:8:\"ratetype\";s:1:\"D\";s:9:\"rateperDH\";d:434.92600638977631888337782584130764007568359375;s:8:\"taamount\";d:434.92600638977631888337782584130764007568359375;}}s:10:\"TotalLeave\";s:6:\"434.93\";}s:12:\"leave_record\";a:2:{i:0;a:9:{s:11:\"empleave_id\";s:1:\"7\";s:8:\"leave_id\";s:1:\"1\";s:10:\"leave_name\";s:14:\"Vacation Leave\";s:17:\"empleave_used_day\";s:4:\"1.50\";s:22:\"empleave_available_day\";s:4:\"8.50\";s:19:\"empleave_substitute\";s:0:\"\";s:16:\"empleave_creadit\";s:5:\"15.00\";s:13:\"empleave_stat\";s:1:\"1\";s:15:\"leave_conv_cash\";s:3:\"Yes\";}i:1;a:9:{s:11:\"empleave_id\";s:1:\"8\";s:8:\"leave_id\";s:1:\"2\";s:10:\"leave_name\";s:10:\"Sick Leave\";s:17:\"empleave_used_day\";s:4:\"0.00\";s:22:\"empleave_available_day\";s:5:\"13.00\";s:19:\"empleave_substitute\";s:0:\"\";s:16:\"empleave_creadit\";s:5:\"15.00\";s:13:\"empleave_stat\";s:1:\"1\";s:15:\"leave_conv_cash\";s:3:\"Yes\";}}s:18:\"government_regular\";a:2:{i:0;a:27:{s:7:\"loan_id\";s:1:\"3\";s:11:\"loantype_id\";s:1:\"1\";s:6:\"psa_id\";s:1:\"9\";s:6:\"emp_id\";s:1:\"2\";s:15:\"loan_voucher_no\";s:10:\"0019017934\";s:19:\"loan_datepromissory\";s:10:\"2011-09-01\";s:14:\"loan_dategrant\";s:10:\"2011-09-01\";s:14:\"loan_principal\";s:8:\"11500.00\";s:19:\"loan_interestamount\";s:6:\"575.00\";s:17:\"loan_interestperc\";s:4:\"5.00\";s:25:\"loan_monthly_amortization\";s:6:\"503.12\";s:17:\"loan_payperperiod\";s:6:\"251.56\";s:8:\"loan_ytd\";s:7:\"2767.16\";s:12:\"loan_balance\";s:7:\"8049.92\";s:14:\"loan_startdate\";s:16:\"2011-November-01\";s:12:\"loan_enddate\";s:12:\"October 2013\";s:11:\"loan_addwho\";s:10:\"jimabignay\";s:12:\"loan_addwhen\";s:19:\"2011-12-19 15:58:24\";s:14:\"loan_updatewho\";s:10:\"jimabignay\";s:15:\"loan_updatewhen\";s:19:\"2012-05-21 00:00:00\";s:12:\"loan_suspend\";s:1:\"0\";s:10:\"loan_total\";s:8:\"12075.00\";s:16:\"loan_numofmonths\";s:2:\"24\";s:20:\"loan_periodselection\";s:9:\"1,1,0,0,0\";s:8:\"psa_name\";s:8:\"SSS Loan\";s:6:\"month_\";s:8:\"November\";s:5:\"year_\";s:4:\"2011\";}i:1;a:27:{s:7:\"loan_id\";s:1:\"4\";s:11:\"loantype_id\";s:1:\"5\";s:6:\"psa_id\";s:2:\"13\";s:6:\"emp_id\";s:1:\"2\";s:15:\"loan_voucher_no\";s:12:\"28B 332805 M\";s:19:\"loan_datepromissory\";s:10:\"2011-05-27\";s:14:\"loan_dategrant\";s:10:\"2011-05-30\";s:14:\"loan_principal\";s:7:\"3146.38\";s:19:\"loan_interestamount\";s:6:\"723.67\";s:17:\"loan_interestperc\";s:5:\"23.00\";s:25:\"loan_monthly_amortization\";s:6:\"161.64\";s:17:\"loan_payperperiod\";s:5:\"80.82\";s:8:\"loan_ytd\";s:6:\"889.02\";s:12:\"loan_balance\";s:7:\"2020.37\";s:14:\"loan_startdate\";s:12:\"2011-July-01\";s:12:\"loan_enddate\";s:9:\"June 2013\";s:11:\"loan_addwho\";s:10:\"jimabignay\";s:12:\"loan_addwhen\";s:19:\"2011-12-19 16:00:59\";s:14:\"loan_updatewho\";s:10:\"jimabignay\";s:15:\"loan_updatewhen\";s:19:\"2012-05-21 00:00:00\";s:12:\"loan_suspend\";s:1:\"0\";s:10:\"loan_total\";s:7:\"3879.23\";s:16:\"loan_numofmonths\";s:2:\"24\";s:20:\"loan_periodselection\";s:9:\"1,1,0,0,0\";s:8:\"psa_name\";s:9:\"HDMF Loan\";s:6:\"month_\";s:4:\"July\";s:5:\"year_\";s:4:\"2011\";}}s:8:\"benefits\";a:0:{}s:10:\"amendments\";a:10:{i:0;a:1:{i:0;a:14:{s:6:\"psa_id\";s:2:\"41\";s:10:\"psamend_id\";s:1:\"5\";s:11:\"amendemp_id\";s:2:\"23\";s:8:\"psa_name\";s:6:\"OT Adj\";s:12:\"psamend_desc\";s:13:\"OT Adjustment\";s:8:\"psa_type\";s:1:\"1\";s:12:\"psamend_rate\";s:4:\"0.00\";s:13:\"psamend_units\";s:4:\"0.00\";s:14:\"psamend_amount\";s:4:\"0.00\";s:19:\"psamend_effect_date\";s:10:\"2012-02-16\";s:17:\"psamend_istaxable\";s:1:\"0\";s:7:\"psa_tax\";s:1:\"1\";s:13:\"psa_statutory\";s:1:\"1\";s:15:\"amendemp_amount\";s:6:\"550.00\";}}i:1;N;s:16:\"total_TSAEarning\";s:6:\"550.00\";s:15:\"total_TAEarning\";s:4:\"0.00\";s:15:\"total_SAEarning\";s:4:\"0.00\";s:17:\"total_NTSAEarning\";s:4:\"0.00\";s:18:\"total_TSADeduction\";s:4:\"0.00\";s:17:\"total_TADeduction\";s:4:\"0.00\";s:17:\"total_SADeduction\";s:4:\"0.00\";s:19:\"total_NTSADeduction\";s:4:\"0.00\";}s:7:\"pstotal\";a:18:{s:5:\"gross\";s:7:\"7590.55\";s:12:\"Basic Salary\";s:8:\"11344.32\";s:8:\"PGsalary\";s:7:\"6605.62\";s:23:\"gross_nontaxable_income\";s:4:\"0.00\";s:13:\"taxable_Gross\";s:7:\"6768.12\";s:9:\"Deduction\";s:7:\"1154.81\";s:17:\"SatutoryDeduction\";s:6:\"387.50\";s:7:\"W/H Tax\";s:4:\"0.00\";s:13:\"aftertaxgross\";s:7:\"6768.12\";s:7:\"Net Pay\";s:7:\"6435.74\";s:20:\"other_taxable_income\";s:4:\"0.00\";s:15:\"other_deduction\";s:6:\"332.38\";s:20:\"TotalEarning_payslip\";s:7:\"7590.55\";s:13:\"SumSABEarning\";s:4:\"0.00\";s:14:\"SumTSABEarning\";s:6:\"550.00\";s:15:\"SumTABDeduction\";s:4:\"0.00\";s:13:\"SumTABEarning\";s:4:\"0.00\";s:13:\"BaseSTATGross\";s:7:\"7155.62\";}}}}','2012-05-21 15:10:39','jimabignay',NULL,NULL,1,0),(32,32,5,9,5,1,'a:2:{s:7:\"empinfo\";a:18:{s:6:\"emp_id\";s:1:\"9\";s:6:\"emp_no\";s:8:\"2011-195\";s:8:\"fullname\";s:19:\"Christine S. Mabini\";s:7:\"jobcode\";s:9:\"ACCTGMNGR\";s:11:\"jobpos_name\";s:18:\"Accounting Manager\";s:9:\"comp_name\";s:17:\"Company XYZ, Inc.\";s:8:\"comp_add\";s:51:\"Alcar Building, Brgy. Highway Hills, Las Pinas City\";s:7:\"ud_name\";s:11:\"Acctg Dept.\";s:11:\"tax_ex_name\";s:14:\"Married4 (ME4)\";s:7:\"comp_id\";s:1:\"1\";s:5:\"ud_id\";s:1:\"5\";s:12:\"emptype_name\";s:7:\"Manager\";s:16:\"bankiemp_acct_no\";s:10:\"0189130123\";s:13:\"banklist_name\";s:3:\"BPI\";s:11:\"pi_emailone\";s:23:\"mabini@sample.email.com\";s:8:\"taxep_id\";s:2:\"12\";s:14:\"salaryclass_id\";s:1:\"4\";s:12:\"tt_pay_group\";s:1:\"3\";}s:13:\"paystubdetail\";a:2:{s:12:\"paystubsched\";a:8:{s:6:\"pps_id\";s:1:\"1\";s:8:\"pps_name\";s:12:\"Semi-Monthly\";s:12:\"payperiod_id\";s:1:\"5\";s:10:\"paystub_id\";s:2:\"32\";s:20:\"payperiod_start_date\";s:19:\"2012-02-11 00:00:00\";s:18:\"payperiod_end_date\";s:19:\"2012-02-25 23:59:00\";s:20:\"payperiod_trans_date\";s:19:\"2012-02-29 23:59:00\";s:11:\"schedSecond\";s:2:\"25\";}s:14:\"paystubaccount\";a:8:{s:7:\"earning\";a:6:{s:5:\"basic\";s:8:\"49000.00\";s:11:\"Regulartime\";d:24500;s:4:\"COLA\";N;s:10:\"COLAperDay\";N;s:9:\"totalDays\";N;s:2:\"OT\";a:4:{s:9:\"OTDetails\";a:1:{i:0;a:7:{s:8:\"otrec_id\";s:2:\"34\";s:7:\"ot_name\";s:3:\"ROT\";s:4:\"rate\";s:4:\"1.25\";s:11:\"totaltimehr\";s:4:\"1.50\";s:8:\"ratephrs\";d:234.824281150159748676742310635745525360107421875;s:9:\"rateperhr\";d:293.53035143769966452964581549167633056640625;s:8:\"otamount\";s:6:\"440.30\";}}s:10:\"TotalallOT\";s:6:\"440.30\";s:9:\"OTbackpay\";s:4:\"0.00\";s:12:\"SumAllOTRate\";s:6:\"440.30\";}}s:9:\"deduction\";a:8:{s:3:\"SSS\";d:0;s:5:\"SSSER\";d:0;s:5:\"SSSEC\";d:0;s:10:\"PhilHealth\";d:0;s:12:\"PhilHealthER\";d:0;s:8:\"Pag-ibig\";i:50;s:10:\"Pag-ibigER\";i:50;s:6:\"Others\";N;}s:3:\"TUA\";a:2:{s:9:\"TADetails\";a:1:{i:0;a:7:{s:12:\"emp_tarec_id\";s:2:\"28\";s:7:\"ta_name\";s:4:\"Late\";s:4:\"type\";s:1:\"1\";s:11:\"totaltimehr\";s:4:\"0.05\";s:8:\"ratetype\";s:1:\"H\";s:9:\"rateperDH\";d:234.824281150159748676742310635745525360107421875;s:8:\"taamount\";d:11.74121405750798885492258705198764801025390625;}}s:10:\"TotalLeave\";s:5:\"11.74\";}s:12:\"leave_record\";a:0:{}s:18:\"government_regular\";a:0:{}s:8:\"benefits\";a:1:{i:0;a:18:{s:6:\"psa_id\";s:2:\"36\";s:6:\"ben_id\";s:1:\"2\";s:8:\"psa_name\";s:15:\"Comm. Allowance\";s:8:\"psa_type\";s:1:\"1\";s:10:\"ben_amount\";s:4:\"1500\";s:13:\"ben_payperday\";s:4:\"1500\";s:13:\"ben_startdate\";s:10:\"2011-09-01\";s:11:\"ben_enddate\";s:10:\"0000-00-00\";s:11:\"ben_isfixed\";s:1:\"0\";s:11:\"ben_suspend\";s:1:\"0\";s:19:\"ben_periodselection\";s:9:\"0,1,0,0,0\";s:12:\"psa_priority\";s:1:\"0\";s:7:\"psa_tax\";s:1:\"0\";s:13:\"psa_statutory\";s:1:\"0\";s:5:\"year_\";s:4:\"2011\";s:6:\"month_\";s:2:\"09\";s:8:\"yearend_\";s:4:\"0000\";s:9:\"monthend_\";s:2:\"00\";}}s:10:\"amendments\";a:10:{i:0;N;i:1;N;s:16:\"total_TSAEarning\";s:4:\"0.00\";s:15:\"total_TAEarning\";s:4:\"0.00\";s:15:\"total_SAEarning\";s:4:\"0.00\";s:17:\"total_NTSAEarning\";s:4:\"0.00\";s:18:\"total_TSADeduction\";s:4:\"0.00\";s:17:\"total_TADeduction\";s:4:\"0.00\";s:17:\"total_SADeduction\";s:4:\"0.00\";s:19:\"total_NTSADeduction\";s:4:\"0.00\";}s:7:\"pstotal\";a:18:{s:5:\"gross\";s:8:\"26440.30\";s:12:\"Basic Salary\";s:8:\"49000.00\";s:8:\"PGsalary\";s:8:\"24928.56\";s:23:\"gross_nontaxable_income\";s:7:\"1500.00\";s:13:\"taxable_Gross\";s:8:\"24878.56\";s:9:\"Deduction\";s:7:\"4608.54\";s:17:\"SatutoryDeduction\";s:5:\"50.00\";s:7:\"W/H Tax\";s:7:\"4546.80\";s:13:\"aftertaxgross\";s:8:\"20331.76\";s:7:\"Net Pay\";s:8:\"21831.76\";s:20:\"other_taxable_income\";s:4:\"0.00\";s:15:\"other_deduction\";s:4:\"0.00\";s:20:\"TotalEarning_payslip\";s:8:\"26440.30\";s:13:\"SumSABEarning\";s:4:\"0.00\";s:14:\"SumTSABEarning\";s:4:\"0.00\";s:15:\"SumTABDeduction\";s:4:\"0.00\";s:13:\"SumTABEarning\";s:4:\"0.00\";s:13:\"BaseSTATGross\";s:8:\"24928.56\";}}}}','2012-05-21 15:10:39','jimabignay',NULL,NULL,1,0),(33,33,5,8,5,1,'a:2:{s:7:\"empinfo\";a:18:{s:6:\"emp_id\";s:1:\"8\";s:6:\"emp_no\";s:8:\"2011-182\";s:8:\"fullname\";s:17:\"Anna Liza A. Misa\";s:7:\"jobcode\";s:7:\"RECACCT\";s:11:\"jobpos_name\";s:21:\"Receivable Accountant\";s:9:\"comp_name\";s:17:\"Company XYZ, Inc.\";s:8:\"comp_add\";s:51:\"Alcar Building, Brgy. Highway Hills, Las Pinas City\";s:7:\"ud_name\";s:11:\"Acctg Dept.\";s:11:\"tax_ex_name\";s:12:\"Married (ME)\";s:7:\"comp_id\";s:1:\"1\";s:5:\"ud_id\";s:1:\"5\";s:12:\"emptype_name\";s:9:\"Rank File\";s:16:\"bankiemp_acct_no\";s:10:\"0189124456\";s:13:\"banklist_name\";s:3:\"BPI\";s:11:\"pi_emailone\";s:0:\"\";s:8:\"taxep_id\";s:1:\"8\";s:14:\"salaryclass_id\";s:1:\"4\";s:12:\"tt_pay_group\";s:1:\"3\";}s:13:\"paystubdetail\";a:2:{s:12:\"paystubsched\";a:8:{s:6:\"pps_id\";s:1:\"1\";s:8:\"pps_name\";s:12:\"Semi-Monthly\";s:12:\"payperiod_id\";s:1:\"5\";s:10:\"paystub_id\";s:2:\"33\";s:20:\"payperiod_start_date\";s:19:\"2012-02-11 00:00:00\";s:18:\"payperiod_end_date\";s:19:\"2012-02-25 23:59:00\";s:20:\"payperiod_trans_date\";s:19:\"2012-02-29 23:59:00\";s:11:\"schedSecond\";s:2:\"25\";}s:14:\"paystubaccount\";a:8:{s:7:\"earning\";a:6:{s:5:\"basic\";s:8:\"30000.00\";s:11:\"Regulartime\";d:15000;s:4:\"COLA\";N;s:10:\"COLAperDay\";N;s:9:\"totalDays\";N;s:2:\"OT\";a:4:{s:9:\"OTDetails\";N;s:10:\"TotalallOT\";s:4:\"0.00\";s:9:\"OTbackpay\";s:4:\"0.00\";s:12:\"SumAllOTRate\";s:4:\"0.00\";}}s:9:\"deduction\";a:8:{s:3:\"SSS\";d:0;s:5:\"SSSER\";d:0;s:5:\"SSSEC\";d:0;s:10:\"PhilHealth\";d:187.5;s:12:\"PhilHealthER\";d:187.5;s:8:\"Pag-ibig\";i:50;s:10:\"Pag-ibigER\";i:50;s:6:\"Others\";N;}s:3:\"TUA\";a:2:{s:9:\"TADetails\";a:1:{i:0;a:7:{s:12:\"emp_tarec_id\";s:2:\"29\";s:7:\"ta_name\";s:9:\"Undertime\";s:4:\"type\";s:1:\"1\";s:11:\"totaltimehr\";s:4:\"2.00\";s:8:\"ratetype\";s:1:\"H\";s:9:\"rateperDH\";d:143.76996805111821231548674404621124267578125;s:8:\"taamount\";d:287.5399361022364246309734880924224853515625;}}s:10:\"TotalLeave\";s:6:\"287.54\";}s:12:\"leave_record\";a:2:{i:0;a:9:{s:11:\"empleave_id\";s:1:\"9\";s:8:\"leave_id\";s:1:\"1\";s:10:\"leave_name\";s:14:\"Vacation Leave\";s:17:\"empleave_used_day\";s:4:\"0.00\";s:22:\"empleave_available_day\";s:4:\"7.50\";s:19:\"empleave_substitute\";s:0:\"\";s:16:\"empleave_creadit\";s:5:\"15.00\";s:13:\"empleave_stat\";s:1:\"1\";s:15:\"leave_conv_cash\";s:3:\"Yes\";}i:1;a:9:{s:11:\"empleave_id\";s:2:\"10\";s:8:\"leave_id\";s:1:\"2\";s:10:\"leave_name\";s:10:\"Sick Leave\";s:17:\"empleave_used_day\";s:4:\"0.00\";s:22:\"empleave_available_day\";s:5:\"10.00\";s:19:\"empleave_substitute\";s:0:\"\";s:16:\"empleave_creadit\";s:5:\"15.00\";s:13:\"empleave_stat\";s:1:\"1\";s:15:\"leave_conv_cash\";s:3:\"Yes\";}}s:18:\"government_regular\";a:1:{i:0;a:27:{s:7:\"loan_id\";s:1:\"1\";s:11:\"loantype_id\";s:1:\"1\";s:6:\"psa_id\";s:1:\"9\";s:6:\"emp_id\";s:1:\"8\";s:15:\"loan_voucher_no\";s:10:\"0019115657\";s:19:\"loan_datepromissory\";s:10:\"2011-09-28\";s:14:\"loan_dategrant\";s:10:\"2011-09-28\";s:14:\"loan_principal\";s:8:\"24000.00\";s:19:\"loan_interestamount\";s:7:\"1200.00\";s:17:\"loan_interestperc\";s:4:\"5.00\";s:25:\"loan_monthly_amortization\";s:7:\"1050.00\";s:17:\"loan_payperperiod\";s:6:\"525.00\";s:8:\"loan_ytd\";s:7:\"5775.00\";s:12:\"loan_balance\";s:8:\"16800.00\";s:14:\"loan_startdate\";s:16:\"2011-November-01\";s:12:\"loan_enddate\";s:12:\"October 2013\";s:11:\"loan_addwho\";s:10:\"jimabignay\";s:12:\"loan_addwhen\";s:19:\"2011-12-19 15:19:25\";s:14:\"loan_updatewho\";s:10:\"jimabignay\";s:15:\"loan_updatewhen\";s:19:\"2012-05-21 00:00:00\";s:12:\"loan_suspend\";s:1:\"0\";s:10:\"loan_total\";s:8:\"25200.00\";s:16:\"loan_numofmonths\";s:2:\"24\";s:20:\"loan_periodselection\";s:9:\"1,1,0,0,0\";s:8:\"psa_name\";s:8:\"SSS Loan\";s:6:\"month_\";s:8:\"November\";s:5:\"year_\";s:4:\"2011\";}}s:8:\"benefits\";a:0:{}s:10:\"amendments\";a:10:{i:0;a:1:{i:0;a:14:{s:6:\"psa_id\";s:2:\"41\";s:10:\"psamend_id\";s:1:\"5\";s:11:\"amendemp_id\";s:2:\"22\";s:8:\"psa_name\";s:6:\"OT Adj\";s:12:\"psamend_desc\";s:13:\"OT Adjustment\";s:8:\"psa_type\";s:1:\"1\";s:12:\"psamend_rate\";s:4:\"0.00\";s:13:\"psamend_units\";s:4:\"0.00\";s:14:\"psamend_amount\";s:4:\"0.00\";s:19:\"psamend_effect_date\";s:10:\"2012-02-16\";s:17:\"psamend_istaxable\";s:1:\"0\";s:7:\"psa_tax\";s:1:\"1\";s:13:\"psa_statutory\";s:1:\"1\";s:15:\"amendemp_amount\";s:6:\"750.00\";}}i:1;N;s:16:\"total_TSAEarning\";s:6:\"750.00\";s:15:\"total_TAEarning\";s:4:\"0.00\";s:15:\"total_SAEarning\";s:4:\"0.00\";s:17:\"total_NTSAEarning\";s:4:\"0.00\";s:18:\"total_TSADeduction\";s:4:\"0.00\";s:17:\"total_TADeduction\";s:4:\"0.00\";s:17:\"total_SADeduction\";s:4:\"0.00\";s:19:\"total_NTSADeduction\";s:4:\"0.00\";}s:7:\"pstotal\";a:18:{s:5:\"gross\";s:8:\"15750.00\";s:12:\"Basic Salary\";s:8:\"30000.00\";s:8:\"PGsalary\";s:8:\"14712.46\";s:23:\"gross_nontaxable_income\";s:4:\"0.00\";s:13:\"taxable_Gross\";s:8:\"15224.96\";s:9:\"Deduction\";s:7:\"3950.86\";s:17:\"SatutoryDeduction\";s:6:\"237.50\";s:7:\"W/H Tax\";s:7:\"2900.82\";s:13:\"aftertaxgross\";s:8:\"12324.14\";s:7:\"Net Pay\";s:8:\"11799.14\";s:20:\"other_taxable_income\";s:4:\"0.00\";s:15:\"other_deduction\";s:6:\"525.00\";s:20:\"TotalEarning_payslip\";s:8:\"15750.00\";s:13:\"SumSABEarning\";s:4:\"0.00\";s:14:\"SumTSABEarning\";s:6:\"750.00\";s:15:\"SumTABDeduction\";s:4:\"0.00\";s:13:\"SumTABEarning\";s:4:\"0.00\";s:13:\"BaseSTATGross\";s:8:\"15462.46\";}}}}','2012-05-21 15:10:39','jimabignay',NULL,NULL,1,0),(34,34,5,1,6,1,'a:2:{s:7:\"empinfo\";a:18:{s:6:\"emp_id\";s:1:\"1\";s:6:\"emp_no\";s:8:\"2011-191\";s:8:\"fullname\";s:18:\"Mary Grace R. Mooc\";s:7:\"jobcode\";s:3:\"HRM\";s:11:\"jobpos_name\";s:23:\"Human Resources Manager\";s:9:\"comp_name\";s:17:\"Company XYZ, Inc.\";s:8:\"comp_add\";s:51:\"Alcar Building, Brgy. Highway Hills, Las Pinas City\";s:7:\"ud_name\";s:8:\"HR Dept.\";s:11:\"tax_ex_name\";s:14:\"Married1 (ME1)\";s:7:\"comp_id\";s:1:\"1\";s:5:\"ud_id\";s:1:\"6\";s:12:\"emptype_name\";s:7:\"Manager\";s:16:\"bankiemp_acct_no\";s:10:\"4169124123\";s:13:\"banklist_name\";s:3:\"BPI\";s:11:\"pi_emailone\";s:21:\"mooc@sample.email.com\";s:8:\"taxep_id\";s:1:\"9\";s:14:\"salaryclass_id\";s:1:\"4\";s:12:\"tt_pay_group\";s:1:\"3\";}s:13:\"paystubdetail\";a:2:{s:12:\"paystubsched\";a:8:{s:6:\"pps_id\";s:1:\"1\";s:8:\"pps_name\";s:12:\"Semi-Monthly\";s:12:\"payperiod_id\";s:1:\"5\";s:10:\"paystub_id\";s:2:\"34\";s:20:\"payperiod_start_date\";s:19:\"2012-02-11 00:00:00\";s:18:\"payperiod_end_date\";s:19:\"2012-02-25 23:59:00\";s:20:\"payperiod_trans_date\";s:19:\"2012-02-29 23:59:00\";s:11:\"schedSecond\";s:2:\"25\";}s:14:\"paystubaccount\";a:8:{s:7:\"earning\";a:6:{s:5:\"basic\";s:8:\"35000.00\";s:11:\"Regulartime\";d:17500;s:4:\"COLA\";N;s:10:\"COLAperDay\";N;s:9:\"totalDays\";N;s:2:\"OT\";a:4:{s:9:\"OTDetails\";a:1:{i:0;a:7:{s:8:\"otrec_id\";s:2:\"35\";s:7:\"ot_name\";s:3:\"ROT\";s:4:\"rate\";s:4:\"1.25\";s:11:\"totaltimehr\";s:4:\"2.00\";s:8:\"ratephrs\";d:167.731629392971257175304344855248928070068359375;s:9:\"rateperhr\";d:209.664536741214078574557788670063018798828125;s:8:\"otamount\";s:6:\"419.33\";}}s:10:\"TotalallOT\";s:6:\"419.33\";s:9:\"OTbackpay\";s:4:\"0.00\";s:12:\"SumAllOTRate\";s:6:\"419.33\";}}s:9:\"deduction\";a:8:{s:3:\"SSS\";d:0;s:5:\"SSSER\";d:0;s:5:\"SSSEC\";d:0;s:10:\"PhilHealth\";d:175;s:12:\"PhilHealthER\";d:175;s:8:\"Pag-ibig\";i:50;s:10:\"Pag-ibigER\";i:50;s:6:\"Others\";N;}s:3:\"TUA\";a:2:{s:9:\"TADetails\";a:1:{i:0;a:7:{s:12:\"emp_tarec_id\";s:2:\"30\";s:7:\"ta_name\";s:4:\"Late\";s:4:\"type\";s:1:\"1\";s:11:\"totaltimehr\";s:4:\"0.10\";s:8:\"ratetype\";s:1:\"H\";s:9:\"rateperDH\";d:167.731629392971257175304344855248928070068359375;s:8:\"taamount\";d:16.773162939297126428073170245625078678131103515625;}}s:10:\"TotalLeave\";s:5:\"16.77\";}s:12:\"leave_record\";a:2:{i:0;a:9:{s:11:\"empleave_id\";s:2:\"11\";s:8:\"leave_id\";s:1:\"1\";s:10:\"leave_name\";s:14:\"Vacation Leave\";s:17:\"empleave_used_day\";s:4:\"0.00\";s:22:\"empleave_available_day\";s:4:\"3.00\";s:19:\"empleave_substitute\";s:0:\"\";s:16:\"empleave_creadit\";s:5:\"15.00\";s:13:\"empleave_stat\";s:1:\"1\";s:15:\"leave_conv_cash\";s:3:\"Yes\";}i:1;a:9:{s:11:\"empleave_id\";s:2:\"12\";s:8:\"leave_id\";s:1:\"2\";s:10:\"leave_name\";s:10:\"Sick Leave\";s:17:\"empleave_used_day\";s:4:\"0.00\";s:22:\"empleave_available_day\";s:4:\"2.00\";s:19:\"empleave_substitute\";s:0:\"\";s:16:\"empleave_creadit\";s:5:\"15.00\";s:13:\"empleave_stat\";s:1:\"1\";s:15:\"leave_conv_cash\";s:3:\"Yes\";}}s:18:\"government_regular\";a:1:{i:0;a:27:{s:7:\"loan_id\";s:1:\"2\";s:11:\"loantype_id\";s:1:\"1\";s:6:\"psa_id\";s:1:\"9\";s:6:\"emp_id\";s:1:\"1\";s:15:\"loan_voucher_no\";s:10:\"0019115658\";s:19:\"loan_datepromissory\";s:10:\"2011-09-28\";s:14:\"loan_dategrant\";s:10:\"2011-09-28\";s:14:\"loan_principal\";s:8:\"24000.00\";s:19:\"loan_interestamount\";s:7:\"1200.00\";s:17:\"loan_interestperc\";s:4:\"5.00\";s:25:\"loan_monthly_amortization\";s:7:\"1050.00\";s:17:\"loan_payperperiod\";s:6:\"525.00\";s:8:\"loan_ytd\";s:7:\"5775.00\";s:12:\"loan_balance\";s:8:\"16800.00\";s:14:\"loan_startdate\";s:16:\"2011-November-01\";s:12:\"loan_enddate\";s:12:\"October 2013\";s:11:\"loan_addwho\";s:10:\"jimabignay\";s:12:\"loan_addwhen\";s:19:\"2011-12-19 15:21:22\";s:14:\"loan_updatewho\";s:10:\"jimabignay\";s:15:\"loan_updatewhen\";s:19:\"2012-05-21 00:00:00\";s:12:\"loan_suspend\";s:1:\"0\";s:10:\"loan_total\";s:8:\"25200.00\";s:16:\"loan_numofmonths\";s:2:\"24\";s:20:\"loan_periodselection\";s:9:\"1,1,0,0,0\";s:8:\"psa_name\";s:8:\"SSS Loan\";s:6:\"month_\";s:8:\"November\";s:5:\"year_\";s:4:\"2011\";}}s:8:\"benefits\";a:0:{}s:10:\"amendments\";a:10:{i:0;N;i:1;N;s:16:\"total_TSAEarning\";s:4:\"0.00\";s:15:\"total_TAEarning\";s:4:\"0.00\";s:15:\"total_SAEarning\";s:4:\"0.00\";s:17:\"total_NTSAEarning\";s:4:\"0.00\";s:18:\"total_TSADeduction\";s:4:\"0.00\";s:17:\"total_TADeduction\";s:4:\"0.00\";s:17:\"total_SADeduction\";s:4:\"0.00\";s:19:\"total_NTSADeduction\";s:4:\"0.00\";}s:7:\"pstotal\";a:18:{s:5:\"gross\";s:8:\"17919.33\";s:12:\"Basic Salary\";s:8:\"35000.00\";s:8:\"PGsalary\";s:8:\"17902.56\";s:23:\"gross_nontaxable_income\";s:4:\"0.00\";s:13:\"taxable_Gross\";s:8:\"17677.56\";s:9:\"Deduction\";s:7:\"4090.77\";s:17:\"SatutoryDeduction\";s:6:\"225.00\";s:7:\"W/H Tax\";s:7:\"3324.00\";s:13:\"aftertaxgross\";s:8:\"14353.56\";s:7:\"Net Pay\";s:8:\"13828.56\";s:20:\"other_taxable_income\";s:4:\"0.00\";s:15:\"other_deduction\";s:6:\"525.00\";s:20:\"TotalEarning_payslip\";s:8:\"17919.33\";s:13:\"SumSABEarning\";s:4:\"0.00\";s:14:\"SumTSABEarning\";s:4:\"0.00\";s:15:\"SumTABDeduction\";s:4:\"0.00\";s:13:\"SumTABEarning\";s:4:\"0.00\";s:13:\"BaseSTATGross\";s:8:\"17902.56\";}}}}','2012-05-21 15:10:39','jimabignay',NULL,NULL,1,0),(35,35,5,10,4,1,'a:2:{s:7:\"empinfo\";a:18:{s:6:\"emp_id\";s:2:\"10\";s:6:\"emp_no\";s:8:\"2011-180\";s:8:\"fullname\";s:22:\"Cris Julius A. Oropesa\";s:7:\"jobcode\";s:3:\"RSO\";s:11:\"jobpos_name\";s:22:\"Regional Sales Officer\";s:9:\"comp_name\";s:17:\"Company XYZ, Inc.\";s:8:\"comp_add\";s:51:\"Alcar Building, Brgy. Highway Hills, Las Pinas City\";s:7:\"ud_name\";s:21:\"Sales and Mktg. Dept.\";s:11:\"tax_ex_name\";s:14:\"Married2 (ME2)\";s:7:\"comp_id\";s:1:\"1\";s:5:\"ud_id\";s:1:\"4\";s:12:\"emptype_name\";s:9:\"Rank File\";s:16:\"bankiemp_acct_no\";s:10:\"0189125532\";s:13:\"banklist_name\";s:3:\"BPI\";s:11:\"pi_emailone\";s:0:\"\";s:8:\"taxep_id\";s:2:\"10\";s:14:\"salaryclass_id\";s:1:\"4\";s:12:\"tt_pay_group\";s:1:\"3\";}s:13:\"paystubdetail\";a:2:{s:12:\"paystubsched\";a:8:{s:6:\"pps_id\";s:1:\"1\";s:8:\"pps_name\";s:12:\"Semi-Monthly\";s:12:\"payperiod_id\";s:1:\"5\";s:10:\"paystub_id\";s:2:\"35\";s:20:\"payperiod_start_date\";s:19:\"2012-02-11 00:00:00\";s:18:\"payperiod_end_date\";s:19:\"2012-02-25 23:59:00\";s:20:\"payperiod_trans_date\";s:19:\"2012-02-29 23:59:00\";s:11:\"schedSecond\";s:2:\"25\";}s:14:\"paystubaccount\";a:8:{s:7:\"earning\";a:6:{s:5:\"basic\";s:8:\"17000.00\";s:11:\"Regulartime\";d:8500;s:4:\"COLA\";N;s:10:\"COLAperDay\";N;s:9:\"totalDays\";N;s:2:\"OT\";a:4:{s:9:\"OTDetails\";N;s:10:\"TotalallOT\";s:4:\"0.00\";s:9:\"OTbackpay\";s:4:\"0.00\";s:12:\"SumAllOTRate\";s:4:\"0.00\";}}s:9:\"deduction\";a:8:{s:3:\"SSS\";d:216.69999999999998863131622783839702606201171875;s:5:\"SSSER\";d:459.299999999999954525264911353588104248046875;s:5:\"SSSEC\";d:20;s:10:\"PhilHealth\";d:112.5;s:12:\"PhilHealthER\";d:112.5;s:8:\"Pag-ibig\";i:50;s:10:\"Pag-ibigER\";i:50;s:6:\"Others\";N;}s:3:\"TUA\";a:2:{s:9:\"TADetails\";N;s:10:\"TotalLeave\";s:4:\"0.00\";}s:12:\"leave_record\";a:2:{i:0;a:9:{s:11:\"empleave_id\";s:1:\"1\";s:8:\"leave_id\";s:1:\"1\";s:10:\"leave_name\";s:14:\"Vacation Leave\";s:17:\"empleave_used_day\";s:4:\"0.00\";s:22:\"empleave_available_day\";s:5:\"12.00\";s:19:\"empleave_substitute\";s:0:\"\";s:16:\"empleave_creadit\";s:5:\"15.00\";s:13:\"empleave_stat\";s:1:\"1\";s:15:\"leave_conv_cash\";s:3:\"Yes\";}i:1;a:9:{s:11:\"empleave_id\";s:1:\"2\";s:8:\"leave_id\";s:1:\"2\";s:10:\"leave_name\";s:10:\"Sick Leave\";s:17:\"empleave_used_day\";s:4:\"0.00\";s:22:\"empleave_available_day\";s:5:\"13.00\";s:19:\"empleave_substitute\";s:0:\"\";s:16:\"empleave_creadit\";s:5:\"15.00\";s:13:\"empleave_stat\";s:1:\"1\";s:15:\"leave_conv_cash\";s:3:\"Yes\";}}s:18:\"government_regular\";a:1:{i:0;a:27:{s:7:\"loan_id\";s:1:\"7\";s:11:\"loantype_id\";s:1:\"1\";s:6:\"psa_id\";s:1:\"9\";s:6:\"emp_id\";s:2:\"10\";s:15:\"loan_voucher_no\";s:10:\"0019297934\";s:19:\"loan_datepromissory\";s:10:\"2011-11-29\";s:14:\"loan_dategrant\";s:10:\"2011-11-29\";s:14:\"loan_principal\";s:8:\"24000.00\";s:19:\"loan_interestamount\";s:7:\"1200.00\";s:17:\"loan_interestperc\";s:4:\"5.00\";s:25:\"loan_monthly_amortization\";s:7:\"1050.00\";s:17:\"loan_payperperiod\";s:6:\"525.00\";s:8:\"loan_ytd\";s:7:\"6300.00\";s:12:\"loan_balance\";s:8:\"18900.00\";s:14:\"loan_startdate\";s:15:\"2012-January-01\";s:12:\"loan_enddate\";s:13:\"December 2013\";s:11:\"loan_addwho\";s:5:\"admin\";s:12:\"loan_addwhen\";s:19:\"2012-02-13 16:14:11\";s:14:\"loan_updatewho\";s:10:\"jimabignay\";s:15:\"loan_updatewhen\";s:19:\"2012-05-21 00:00:00\";s:12:\"loan_suspend\";s:1:\"0\";s:10:\"loan_total\";s:8:\"25200.00\";s:16:\"loan_numofmonths\";s:1:\"0\";s:20:\"loan_periodselection\";s:9:\"1,1,0,0,0\";s:8:\"psa_name\";s:8:\"SSS Loan\";s:6:\"month_\";s:7:\"January\";s:5:\"year_\";s:4:\"2012\";}}s:8:\"benefits\";a:1:{i:0;a:18:{s:6:\"psa_id\";s:2:\"37\";s:6:\"ben_id\";s:2:\"10\";s:8:\"psa_name\";s:18:\"Transpo. Allowance\";s:8:\"psa_type\";s:1:\"1\";s:10:\"ben_amount\";s:4:\"2000\";s:13:\"ben_payperday\";s:4:\"2000\";s:13:\"ben_startdate\";s:10:\"2012-01-01\";s:11:\"ben_enddate\";s:10:\"0000-00-00\";s:11:\"ben_isfixed\";s:1:\"0\";s:11:\"ben_suspend\";s:1:\"0\";s:19:\"ben_periodselection\";s:9:\"0,1,0,0,0\";s:12:\"psa_priority\";s:1:\"0\";s:7:\"psa_tax\";s:1:\"0\";s:13:\"psa_statutory\";s:1:\"0\";s:5:\"year_\";s:4:\"2012\";s:6:\"month_\";s:2:\"01\";s:8:\"yearend_\";s:4:\"0000\";s:9:\"monthend_\";s:2:\"00\";}}s:10:\"amendments\";a:10:{i:0;a:1:{i:0;a:14:{s:6:\"psa_id\";s:2:\"41\";s:10:\"psamend_id\";s:1:\"5\";s:11:\"amendemp_id\";s:2:\"25\";s:8:\"psa_name\";s:6:\"OT Adj\";s:12:\"psamend_desc\";s:13:\"OT Adjustment\";s:8:\"psa_type\";s:1:\"1\";s:12:\"psamend_rate\";s:4:\"0.00\";s:13:\"psamend_units\";s:4:\"0.00\";s:14:\"psamend_amount\";s:4:\"0.00\";s:19:\"psamend_effect_date\";s:10:\"2012-02-16\";s:17:\"psamend_istaxable\";s:1:\"0\";s:7:\"psa_tax\";s:1:\"1\";s:13:\"psa_statutory\";s:1:\"1\";s:15:\"amendemp_amount\";s:6:\"600.00\";}}i:1;N;s:16:\"total_TSAEarning\";s:6:\"600.00\";s:15:\"total_TAEarning\";s:4:\"0.00\";s:15:\"total_SAEarning\";s:4:\"0.00\";s:17:\"total_NTSAEarning\";s:4:\"0.00\";s:18:\"total_TSADeduction\";s:4:\"0.00\";s:17:\"total_TADeduction\";s:4:\"0.00\";s:17:\"total_SADeduction\";s:4:\"0.00\";s:19:\"total_NTSADeduction\";s:4:\"0.00\";}s:7:\"pstotal\";a:18:{s:5:\"gross\";s:8:\"11100.00\";s:12:\"Basic Salary\";s:8:\"17000.00\";s:8:\"PGsalary\";s:7:\"8500.00\";s:23:\"gross_nontaxable_income\";s:7:\"2000.00\";s:13:\"taxable_Gross\";s:7:\"8720.80\";s:9:\"Deduction\";s:7:\"1585.93\";s:17:\"SatutoryDeduction\";s:6:\"379.20\";s:7:\"W/H Tax\";s:6:\"681.73\";s:13:\"aftertaxgross\";s:7:\"8039.07\";s:7:\"Net Pay\";s:7:\"9514.07\";s:20:\"other_taxable_income\";s:4:\"0.00\";s:15:\"other_deduction\";s:6:\"525.00\";s:20:\"TotalEarning_payslip\";s:8:\"11100.00\";s:13:\"SumSABEarning\";s:4:\"0.00\";s:14:\"SumTSABEarning\";s:6:\"600.00\";s:15:\"SumTABDeduction\";s:4:\"0.00\";s:13:\"SumTABEarning\";s:4:\"0.00\";s:13:\"BaseSTATGross\";s:7:\"9100.00\";}}}}','2012-05-21 15:10:39','jimabignay',NULL,NULL,1,0),(36,36,5,11,3,1,'a:2:{s:7:\"empinfo\";a:18:{s:6:\"emp_id\";s:2:\"11\";s:6:\"emp_no\";s:8:\"2012-001\";s:8:\"fullname\";s:13:\"Jose P. Rizal\";s:7:\"jobcode\";s:5:\"ITSUP\";s:11:\"jobpos_name\";s:13:\"IT Supervisor\";s:9:\"comp_name\";s:17:\"Company XYZ, Inc.\";s:8:\"comp_add\";s:51:\"Alcar Building, Brgy. Highway Hills, Las Pinas City\";s:7:\"ud_name\";s:8:\"IT Dept.\";s:11:\"tax_ex_name\";s:9:\"Single(S)\";s:7:\"comp_id\";s:1:\"1\";s:5:\"ud_id\";s:1:\"3\";s:12:\"emptype_name\";s:10:\"Supervisor\";s:16:\"bankiemp_acct_no\";s:10:\"0180092345\";s:13:\"banklist_name\";s:3:\"BPI\";s:11:\"pi_emailone\";s:22:\"rizal@sample.email.com\";s:8:\"taxep_id\";s:1:\"3\";s:14:\"salaryclass_id\";s:1:\"4\";s:12:\"tt_pay_group\";s:1:\"3\";}s:13:\"paystubdetail\";a:2:{s:12:\"paystubsched\";a:8:{s:6:\"pps_id\";s:1:\"1\";s:8:\"pps_name\";s:12:\"Semi-Monthly\";s:12:\"payperiod_id\";s:1:\"5\";s:10:\"paystub_id\";s:2:\"36\";s:20:\"payperiod_start_date\";s:19:\"2012-02-11 00:00:00\";s:18:\"payperiod_end_date\";s:19:\"2012-02-25 23:59:00\";s:20:\"payperiod_trans_date\";s:19:\"2012-02-29 23:59:00\";s:11:\"schedSecond\";s:2:\"25\";}s:14:\"paystubaccount\";a:8:{s:7:\"earning\";a:6:{s:5:\"basic\";s:8:\"26000.00\";s:11:\"Regulartime\";d:13000;s:4:\"COLA\";N;s:10:\"COLAperDay\";N;s:9:\"totalDays\";N;s:2:\"OT\";a:4:{s:9:\"OTDetails\";a:2:{i:0;a:7:{s:8:\"otrec_id\";s:2:\"36\";s:7:\"ot_name\";s:3:\"ROT\";s:4:\"rate\";s:4:\"1.25\";s:11:\"totaltimehr\";s:4:\"3.00\";s:8:\"ratephrs\";d:124.600638977635782111974549479782581329345703125;s:9:\"rateperhr\";d:155.750798722044720534540829248726367950439453125;s:8:\"otamount\";s:6:\"467.25\";}i:1;a:7:{s:8:\"otrec_id\";s:2:\"37\";s:7:\"ot_name\";s:4:\"NDF8\";s:4:\"rate\";s:3:\"0.1\";s:11:\"totaltimehr\";s:4:\"2.00\";s:8:\"ratephrs\";d:124.600638977635782111974549479782581329345703125;s:9:\"rateperhr\";d:12.460063897763578921740190708078444004058837890625;s:8:\"otamount\";s:5:\"24.92\";}}s:10:\"TotalallOT\";s:6:\"492.17\";s:9:\"OTbackpay\";s:4:\"0.00\";s:12:\"SumAllOTRate\";s:6:\"492.17\";}}s:9:\"deduction\";a:8:{s:3:\"SSS\";d:50;s:5:\"SSSER\";d:106;s:5:\"SSSEC\";d:20;s:10:\"PhilHealth\";d:162.5;s:12:\"PhilHealthER\";d:162.5;s:8:\"Pag-ibig\";i:50;s:10:\"Pag-ibigER\";i:50;s:6:\"Others\";N;}s:3:\"TUA\";a:2:{s:9:\"TADetails\";a:1:{i:0;a:7:{s:12:\"emp_tarec_id\";s:2:\"31\";s:7:\"ta_name\";s:4:\"Late\";s:4:\"type\";s:1:\"1\";s:11:\"totaltimehr\";s:4:\"1.50\";s:8:\"ratetype\";s:1:\"H\";s:9:\"rateperDH\";d:124.600638977635782111974549479782581329345703125;s:8:\"taamount\";d:186.90095846645368737881653942167758941650390625;}}s:10:\"TotalLeave\";s:6:\"186.90\";}s:12:\"leave_record\";a:2:{i:0;a:9:{s:11:\"empleave_id\";s:2:\"16\";s:8:\"leave_id\";s:1:\"1\";s:10:\"leave_name\";s:14:\"Vacation Leave\";s:17:\"empleave_used_day\";s:4:\"0.00\";s:22:\"empleave_available_day\";s:5:\"15.00\";s:19:\"empleave_substitute\";N;s:16:\"empleave_creadit\";s:5:\"15.00\";s:13:\"empleave_stat\";s:1:\"1\";s:15:\"leave_conv_cash\";s:3:\"Yes\";}i:1;a:9:{s:11:\"empleave_id\";s:2:\"15\";s:8:\"leave_id\";s:1:\"2\";s:10:\"leave_name\";s:10:\"Sick Leave\";s:17:\"empleave_used_day\";s:4:\"0.00\";s:22:\"empleave_available_day\";s:5:\"15.00\";s:19:\"empleave_substitute\";N;s:16:\"empleave_creadit\";s:5:\"15.00\";s:13:\"empleave_stat\";s:1:\"1\";s:15:\"leave_conv_cash\";s:3:\"Yes\";}}s:18:\"government_regular\";a:0:{}s:8:\"benefits\";a:0:{}s:10:\"amendments\";a:10:{i:0;N;i:1;N;s:16:\"total_TSAEarning\";s:4:\"0.00\";s:15:\"total_TAEarning\";s:4:\"0.00\";s:15:\"total_SAEarning\";s:4:\"0.00\";s:17:\"total_NTSAEarning\";s:4:\"0.00\";s:18:\"total_TSADeduction\";s:4:\"0.00\";s:17:\"total_TADeduction\";s:4:\"0.00\";s:17:\"total_SADeduction\";s:4:\"0.00\";s:19:\"total_NTSADeduction\";s:4:\"0.00\";}s:7:\"pstotal\";a:18:{s:5:\"gross\";s:8:\"13492.17\";s:12:\"Basic Salary\";s:8:\"26000.00\";s:8:\"PGsalary\";s:8:\"13305.27\";s:23:\"gross_nontaxable_income\";s:4:\"0.00\";s:13:\"taxable_Gross\";s:8:\"13042.77\";s:9:\"Deduction\";s:7:\"2695.56\";s:17:\"SatutoryDeduction\";s:6:\"262.50\";s:7:\"W/H Tax\";s:7:\"2246.16\";s:13:\"aftertaxgross\";s:8:\"10796.61\";s:7:\"Net Pay\";s:8:\"10796.61\";s:20:\"other_taxable_income\";s:4:\"0.00\";s:15:\"other_deduction\";s:4:\"0.00\";s:20:\"TotalEarning_payslip\";s:8:\"13492.17\";s:13:\"SumSABEarning\";s:4:\"0.00\";s:14:\"SumTSABEarning\";s:4:\"0.00\";s:15:\"SumTABDeduction\";s:4:\"0.00\";s:13:\"SumTABEarning\";s:4:\"0.00\";s:13:\"BaseSTATGross\";s:8:\"13305.27\";}}}}','2012-05-21 15:10:39','jimabignay',NULL,NULL,1,0);

UNLOCK TABLES;

/*Table structure for table `payroll_pps_user` */

DROP TABLE IF EXISTS `payroll_pps_user`;

CREATE TABLE `payroll_pps_user` (
  `ppsu_id` int(10) unsigned NOT NULL AUTO_INCREMENT,
  `pps_id` int(10) unsigned NOT NULL,
  `emp_id` int(10) unsigned NOT NULL,
  `ppsu_addwho` varchar(50) COLLATE latin1_general_ci DEFAULT NULL,
  `ppsu_addwhen` timestamp NULL DEFAULT CURRENT_TIMESTAMP,
  PRIMARY KEY (`ppsu_id`),
  KEY `payroll_pps_user_FKIndex1` (`pps_id`)
) ENGINE=MyISAM AUTO_INCREMENT=14 DEFAULT CHARSET=latin1 COLLATE=latin1_general_ci ROW_FORMAT=DYNAMIC;

/*Data for the table `payroll_pps_user` */

LOCK TABLES `payroll_pps_user` WRITE;

insert  into `payroll_pps_user`(`ppsu_id`,`pps_id`,`emp_id`,`ppsu_addwho`,`ppsu_addwhen`) values (1,1,1,'jimabignay','2011-11-07 18:41:18'),(2,1,2,'jimabignay','2011-11-07 18:49:03'),(3,1,3,'admin','2011-11-07 20:34:21'),(4,1,4,'jimabignay','2011-11-07 20:40:42'),(5,1,5,'jimabignay','2011-11-07 20:54:21'),(6,1,6,'admin','2011-11-07 21:00:04'),(7,1,7,'jimabignay','2011-11-07 21:06:07'),(8,1,8,'jimabignay','2011-11-07 21:11:33'),(9,1,9,'jimabignay','2011-11-07 21:16:52'),(10,1,10,'jimabignay','2011-11-07 21:22:11'),(11,1,11,'jimabignay','2012-05-21 11:54:44'),(12,1,12,'jimabignay','2012-05-21 11:56:27'),(13,1,13,'jimabignay','2012-05-21 11:58:41');

UNLOCK TABLES;

/*Table structure for table `payroll_priority_comp` */

DROP TABLE IF EXISTS `payroll_priority_comp`;

CREATE TABLE `payroll_priority_comp` (
  `ppc_id` int(10) unsigned NOT NULL AUTO_INCREMENT,
  `psachild_id` int(10) unsigned NOT NULL,
  `psa_id` int(11) NOT NULL,
  `comp_id` int(10) unsigned NOT NULL,
  `ppc_priority_no` tinyint(3) unsigned DEFAULT NULL,
  `ppc_stat` tinyint(1) unsigned DEFAULT '0',
  PRIMARY KEY (`ppc_id`)
) ENGINE=MyISAM AUTO_INCREMENT=201 DEFAULT CHARSET=latin1 COLLATE=latin1_general_ci ROW_FORMAT=DYNAMIC;

/*Data for the table `payroll_priority_comp` */

LOCK TABLES `payroll_priority_comp` WRITE;

insert  into `payroll_priority_comp`(`ppc_id`,`psachild_id`,`psa_id`,`comp_id`,`ppc_priority_no`,`ppc_stat`) values (1,0,0,1,1,0),(2,0,0,1,2,0),(3,0,0,1,3,0),(4,0,0,1,4,0),(5,0,0,1,5,0),(6,0,0,1,6,0),(7,0,0,1,7,0),(8,0,0,1,8,0),(9,0,0,1,9,0),(10,0,0,1,10,0),(11,0,0,1,11,0),(12,0,0,1,12,0),(13,0,0,1,13,0),(14,0,0,1,14,0),(15,0,0,1,15,0),(16,0,0,1,16,0),(17,0,0,1,17,0),(18,0,0,1,18,0),(19,0,0,1,19,0),(20,0,0,1,20,0),(21,0,0,1,21,0),(22,0,0,1,22,0),(23,0,0,1,23,0),(24,0,0,1,24,0),(25,0,0,1,25,0),(26,0,0,1,26,0),(27,0,0,1,27,0),(28,0,0,1,28,0),(29,0,0,1,29,0),(30,0,0,1,30,0),(31,0,0,1,31,0),(32,0,0,1,32,0),(33,0,0,1,33,0),(34,0,0,1,34,0),(35,0,0,1,35,0),(36,0,0,1,36,0),(37,0,0,1,37,0),(38,0,0,1,38,0),(39,0,0,1,39,0),(40,0,0,1,40,0),(41,0,0,1,41,0),(42,0,0,1,42,0),(43,0,0,1,43,0),(44,0,0,1,44,0),(45,0,0,1,45,0),(46,0,0,1,46,0),(47,0,0,1,47,0),(48,0,0,1,48,0),(49,0,0,1,49,0),(50,0,0,1,50,0),(51,0,0,1,1,0),(52,0,0,1,2,0),(53,0,0,1,3,0),(54,0,0,1,4,0),(55,0,0,1,5,0),(56,0,0,1,6,0),(57,0,0,1,7,0),(58,0,0,1,8,0),(59,0,0,1,9,0),(60,0,0,1,10,0),(61,0,0,1,11,0),(62,0,0,1,12,0),(63,0,0,1,13,0),(64,0,0,1,14,0),(65,0,0,1,15,0),(66,0,0,1,16,0),(67,0,0,1,17,0),(68,0,0,1,18,0),(69,0,0,1,19,0),(70,0,0,1,20,0),(71,0,0,1,21,0),(72,0,0,1,22,0),(73,0,0,1,23,0),(74,0,0,1,24,0),(75,0,0,1,25,0),(76,0,0,1,26,0),(77,0,0,1,27,0),(78,0,0,1,28,0),(79,0,0,1,29,0),(80,0,0,1,30,0),(81,0,0,1,31,0),(82,0,0,1,32,0),(83,0,0,1,33,0),(84,0,0,1,34,0),(85,0,0,1,35,0),(86,0,0,1,36,0),(87,0,0,1,37,0),(88,0,0,1,38,0),(89,0,0,1,39,0),(90,0,0,1,40,0),(91,0,0,1,41,0),(92,0,0,1,42,0),(93,0,0,1,43,0),(94,0,0,1,44,0),(95,0,0,1,45,0),(96,0,0,1,46,0),(97,0,0,1,47,0),(98,0,0,1,48,0),(99,0,0,1,49,0),(100,0,0,1,50,0),(101,0,0,1,1,0),(102,0,0,1,2,0),(103,0,0,1,3,0),(104,0,0,1,4,0),(105,0,0,1,5,0),(106,0,0,1,6,0),(107,0,0,1,7,0),(108,0,0,1,8,0),(109,0,0,1,9,0),(110,0,0,1,10,0),(111,0,0,1,11,0),(112,0,0,1,12,0),(113,0,0,1,13,0),(114,0,0,1,14,0),(115,0,0,1,15,0),(116,0,0,1,16,0),(117,0,0,1,17,0),(118,0,0,1,18,0),(119,0,0,1,19,0),(120,0,0,1,20,0),(121,0,0,1,21,0),(122,0,0,1,22,0),(123,0,0,1,23,0),(124,0,0,1,24,0),(125,0,0,1,25,0),(126,0,0,1,26,0),(127,0,0,1,27,0),(128,0,0,1,28,0),(129,0,0,1,29,0),(130,0,0,1,30,0),(131,0,0,1,31,0),(132,0,0,1,32,0),(133,0,0,1,33,0),(134,0,0,1,34,0),(135,0,0,1,35,0),(136,0,0,1,36,0),(137,0,0,1,37,0),(138,0,0,1,38,0),(139,0,0,1,39,0),(140,0,0,1,40,0),(141,0,0,1,41,0),(142,0,0,1,42,0),(143,0,0,1,43,0),(144,0,0,1,44,0),(145,0,0,1,45,0),(146,0,0,1,46,0),(147,0,0,1,47,0),(148,0,0,1,48,0),(149,0,0,1,49,0),(150,0,0,1,50,0),(151,0,0,1,1,0),(152,0,0,1,2,0),(153,0,0,1,3,0),(154,0,0,1,4,0),(155,0,0,1,5,0),(156,0,0,1,6,0),(157,0,0,1,7,0),(158,0,0,1,8,0),(159,0,0,1,9,0),(160,0,0,1,10,0),(161,0,0,1,11,0),(162,0,0,1,12,0),(163,0,0,1,13,0),(164,0,0,1,14,0),(165,0,0,1,15,0),(166,0,0,1,16,0),(167,0,0,1,17,0),(168,0,0,1,18,0),(169,0,0,1,19,0),(170,0,0,1,20,0),(171,0,0,1,21,0),(172,0,0,1,22,0),(173,0,0,1,23,0),(174,0,0,1,24,0),(175,0,0,1,25,0),(176,0,0,1,26,0),(177,0,0,1,27,0),(178,0,0,1,28,0),(179,0,0,1,29,0),(180,0,0,1,30,0),(181,0,0,1,31,0),(182,0,0,1,32,0),(183,0,0,1,33,0),(184,0,0,1,34,0),(185,0,0,1,35,0),(186,0,0,1,36,0),(187,0,0,1,37,0),(188,0,0,1,38,0),(189,0,0,1,39,0),(190,0,0,1,40,0),(191,0,0,1,41,0),(192,0,0,1,42,0),(193,0,0,1,43,0),(194,0,0,1,44,0),(195,0,0,1,45,0),(196,0,0,1,46,0),(197,0,0,1,47,0),(198,0,0,1,48,0),(199,0,0,1,49,0),(200,0,0,1,50,0);

UNLOCK TABLES;

/*Table structure for table `payroll_ps_account` */

DROP TABLE IF EXISTS `payroll_ps_account`;

CREATE TABLE `payroll_ps_account` (
  `psa_id` int(11) NOT NULL AUTO_INCREMENT,
  `comp_id` int(10) unsigned NOT NULL,
  `psa_status` int(11) NOT NULL,
  `psa_type` int(11) NOT NULL,
  `psa_order` int(11) NOT NULL,
  `psa_priority` tinyint(3) unsigned DEFAULT '0',
  `psa_name` varchar(100) COLLATE latin1_general_ci NOT NULL,
  `psa_accrual` int(11) NOT NULL,
  `psa_debit_accnt` varchar(50) COLLATE latin1_general_ci NOT NULL,
  `psa_credit_accnt` varchar(50) COLLATE latin1_general_ci NOT NULL,
  `psa_isloan` tinyint(1) unsigned DEFAULT '0',
  `psa_addwho` varchar(50) COLLATE latin1_general_ci NOT NULL,
  `psa_addwhen` timestamp NOT NULL DEFAULT CURRENT_TIMESTAMP,
  `psa_updatedwho` varchar(50) COLLATE latin1_general_ci NOT NULL,
  `psa_updatedwhen` datetime NOT NULL,
  `psa_tax` tinyint(1) unsigned DEFAULT '0',
  `psa_statutory` tinyint(1) unsigned DEFAULT '0',
  `psa_clsfication` int(11) unsigned DEFAULT '0',
  `psa_procode` tinyint(1) DEFAULT '3',
  PRIMARY KEY (`psa_id`)
) ENGINE=MyISAM AUTO_INCREMENT=61 DEFAULT CHARSET=latin1 COLLATE=latin1_general_ci ROW_FORMAT=DYNAMIC;

/*Data for the table `payroll_ps_account` */

LOCK TABLES `payroll_ps_account` WRITE;

insert  into `payroll_ps_account`(`psa_id`,`comp_id`,`psa_status`,`psa_type`,`psa_order`,`psa_priority`,`psa_name`,`psa_accrual`,`psa_debit_accnt`,`psa_credit_accnt`,`psa_isloan`,`psa_addwho`,`psa_addwhen`,`psa_updatedwho`,`psa_updatedwhen`,`psa_tax`,`psa_statutory`,`psa_clsfication`,`psa_procode`) values (1,1,1,4,301,0,'Regular Time',0,'','',0,'jay','2008-11-06 11:35:43','jimabignay','2011-12-13 10:56:50',0,0,0,3),(2,1,1,4,300,0,'Total Deductions',0,'','',0,'jay','2008-11-07 09:46:38','admin','2011-10-21 02:44:59',0,0,0,3),(3,1,1,1,40,0,'Mgt. Participation',0,'','',0,'jay','2008-11-13 09:58:52','admin','2012-01-12 02:48:04',0,0,0,3),(4,1,1,4,315,0,'Total Gross',0,'','',0,'jay','2008-11-13 10:00:39','admin','2012-01-12 02:46:48',0,0,0,3),(5,1,1,4,301,0,'Net Pay',0,'','',0,'jay','2008-11-13 10:03:32','admin','2011-10-21 02:45:12',0,0,0,3),(6,1,1,4,302,0,'Employer Total Contributions',0,'','',0,'jay','2008-11-13 10:04:55','admin','2011-10-21 02:45:22',0,0,0,3),(7,1,1,2,214,0,'SSS',0,'','',0,'jay','2009-01-19 10:54:34','admin','2011-12-06 04:38:15',0,1,4,3),(8,1,1,2,213,0,'W/H TAX',0,'','',0,'jay','2009-01-19 10:57:42','jimabignay','2012-02-29 04:23:53',0,0,4,3),(9,1,1,2,280,0,'SSS Loan',0,'','',1,'jay','2009-03-02 02:10:03','admin','2011-10-26 03:30:10',0,0,5,3),(10,1,2,1,20,0,'Meal Allowance',0,'','',0,'jay','2009-10-13 03:42:44','jimabignay','2011-12-13 10:34:46',0,0,1,3),(11,1,1,2,282,0,'Personal Loan',0,'','',0,'jay','2010-03-30 11:03:00','jimabignay','2012-02-29 04:24:50',0,0,5,3),(12,1,1,1,30,0,'Rice Allowance',0,'','',0,'jay','2010-04-26 16:09:31','jimabignay','2012-05-03 02:26:45',1,1,1,3),(13,1,1,2,281,0,'HDMF Loan',0,'','',1,'jayadmin','2010-08-05 17:17:32','admin','2011-10-26 03:30:18',0,0,5,3),(14,1,1,2,215,0,'PHIC',0,'','',0,'jayadmin','2010-10-28 13:06:52','admin','2011-12-06 04:38:23',0,1,4,3),(15,1,1,2,216,0,'HDMF',0,'','',0,'jayadmin','2010-10-28 13:07:44','admin','2011-12-06 04:38:32',0,1,4,3),(16,1,1,4,303,0,'Overtime',0,'','',0,'admin','2011-10-25 09:45:02','jimabignay','2012-03-08 01:14:28',0,0,0,4),(17,1,1,4,304,0,'Total TA',0,'','',0,'admin','2011-10-25 09:45:46','','0000-00-00 00:00:00',0,0,0,3),(18,1,1,2,205,0,'Overpay',0,'','',0,'admin','2011-10-27 17:14:54','jimabignay','2011-12-22 03:27:58',0,0,1,3),(19,1,1,1,15,0,'Salary Adj.',0,'','',0,'admin','2011-10-27 17:15:33','jimabignay','2012-03-08 01:13:20',1,1,1,4),(24,1,1,1,10,0,'Incentive',0,'','',0,'admin','2011-10-27 17:32:35','jimabignay','2012-03-08 01:12:55',1,0,1,4),(25,1,1,4,305,0,'Other Statutory Income',0,'','',0,'admin','2011-11-02 10:47:16','','0000-00-00 00:00:00',0,0,0,3),(26,1,1,4,306,0,'OtherStat&TaxIncome',0,'','',0,'admin','2011-11-02 10:47:56','jimabignay','2012-03-08 01:15:29',0,0,0,4),(27,1,1,4,307,0,'Statutory Contrib',0,'','',0,'admin','2011-11-02 10:48:49','jimabignay','2012-03-08 01:17:24',0,0,0,2),(28,1,1,4,308,0,'Other Taxable Income',0,'','',0,'admin','2011-11-02 10:49:42','jimabignay','2012-03-08 01:16:23',0,0,0,4),(29,1,1,4,309,0,'Other Taxable Deduction',0,'','',0,'admin','2011-11-02 10:50:05','','0000-00-00 00:00:00',0,0,0,3),(30,1,1,4,310,0,'Taxable Income Gross ',0,'','',0,'admin','2011-11-02 10:50:24','','0000-00-00 00:00:00',0,0,0,3),(31,1,1,4,311,0,'NonTaxable Income',0,'','',0,'admin','2011-11-02 10:52:34','','0000-00-00 00:00:00',0,0,0,3),(32,1,1,4,312,0,'Other Deduction',0,'','',0,'admin','2011-11-02 10:53:50','','0000-00-00 00:00:00',0,0,0,3),(33,1,1,4,313,0,'Other Statutory Deduction',0,'','',0,'admin','2011-11-02 11:19:31','','0000-00-00 00:00:00',0,0,0,3),(34,1,1,4,314,0,'Other Stat & Tax Deduction',0,'','',0,'admin','2011-11-02 11:20:06','','0000-00-00 00:00:00',0,0,0,3),(35,1,2,1,0,0,'Maternity',0,'','',0,'admin','2011-11-03 11:04:56','jimabignay','2011-12-13 10:56:00',0,0,1,3),(36,1,1,1,8,0,'Comm. Allowance',0,'','',0,'admin','2011-11-22 13:39:43','jimabignay','2012-03-08 08:53:10',0,0,1,3),(37,1,1,1,31,0,'Transpo. Allowance',0,'','',0,'admin','2011-11-22 13:49:13','jimabignay','2012-05-07 10:55:26',0,0,1,3),(38,1,1,1,33,0,'Uniform Allowance ',0,'','',0,'admin','2011-11-22 13:49:36','','0000-00-00 00:00:00',0,0,1,3),(39,1,1,4,301,0,'COLA',0,'','',0,'admin','2011-12-12 14:01:57','jimabignay','2011-12-13 10:58:07',0,1,0,3),(40,1,1,1,16,0,'EDO cash conversion',0,'','',0,'admin','2011-12-12 17:46:49','jimabignay','2012-05-01 05:29:18',1,0,1,4),(41,1,1,1,5,0,'OT Adj',0,'','',0,'admin','2011-12-12 17:48:15','jimabignay','2012-03-08 01:10:54',1,1,1,4),(42,1,1,1,15,0,'SL Convertion',0,'','',0,'jimabignay','2012-01-12 09:44:51','jimabignay','2012-03-08 01:13:34',1,0,1,4),(43,1,2,1,2,0,'SSS Prem adj Prev',0,'','',0,'admin','2012-01-12 14:44:47','jimabignay','2012-05-01 05:43:04',0,0,1,3),(44,1,2,2,211,0,'SSS Prem adj Prev',0,'','',0,'admin','2012-01-12 14:45:35','jimabignay','2012-05-01 05:38:24',0,0,1,3),(45,1,2,1,3,0,'PH Prem Adj Prev',0,'','',0,'admin','2012-01-12 14:48:59','jimabignay','2012-05-01 05:37:41',0,0,1,3),(46,1,2,2,212,0,'PH Prem Adj Prev',0,'','',0,'admin','2012-01-12 14:49:25','jimabignay','2012-05-01 05:38:11',0,0,1,3),(47,1,2,1,4,0,'HDMF Prem adj Prev',0,'','',0,'admin','2012-01-12 14:49:48','jimabignay','2012-05-01 05:37:47',0,0,1,3),(48,1,2,2,213,0,'HDMF Prem adj Prev',0,'','',0,'admin','2012-01-12 14:50:59','jimabignay','2012-05-01 05:38:00',0,0,1,3),(49,1,1,1,14,0,'13th Month adj',0,'','',0,'admin','2012-01-20 15:14:39','jimabignay','2012-02-29 04:27:23',0,0,1,3),(50,1,1,1,17,0,'Tax Refund',0,'','',0,'jimabignay','2012-01-27 10:24:12','jimabignay','2012-03-08 08:53:53',0,0,1,3),(51,1,1,2,207,0,'Tax Payables',0,'','',0,'jimabignay','2012-01-27 10:24:30','','0000-00-00 00:00:00',0,0,1,3),(52,1,1,1,0,0,'Special Incentive',0,'','',0,'jimabignay','2012-01-27 14:21:51','','0000-00-00 00:00:00',0,1,1,3),(53,1,1,1,18,0,'Sal increase Retro',0,'','',0,'admin','2012-02-11 09:29:31','jimabignay','2012-05-01 05:29:41',1,0,1,4),(54,1,1,1,0,0,'Comm. Allow. adjust',0,'','',0,'admin','2012-03-12 15:51:01','','0000-00-00 00:00:00',0,0,1,3),(55,1,1,2,285,0,'Salary deduction',0,'','',0,'admin','2012-03-27 17:27:03','jimabignay','2012-05-01 05:40:55',0,0,1,3),(56,1,1,1,0,0,'Transpo. Allow. adj',0,'','',0,'admin','2012-04-23 18:41:43','jimabignay','2012-05-07 10:55:54',0,0,1,1),(57,1,1,1,2,0,'SSS Prem Adj',0,'','',0,'jimabignay','2012-05-01 05:38:41','jimabignay','2012-05-01 05:41:25',0,0,1,3),(58,1,1,1,3,0,'PH Prem Adj',0,'','',0,'jimabignay','2012-05-01 05:39:52','jimabignay','2012-05-01 05:41:16',0,0,1,3),(59,1,1,1,4,0,'HDMF Prem Adj',0,'','',0,'jimabignay','2012-05-01 05:42:05','','0000-00-00 00:00:00',0,0,1,3),(60,1,1,2,0,0,'Restitution/Penalty',0,'','',0,'admin','2012-05-11 15:22:21','','0000-00-00 00:00:00',0,0,1,2);

UNLOCK TABLES;

/*Table structure for table `payroll_ps_account_link` */

DROP TABLE IF EXISTS `payroll_ps_account_link`;

CREATE TABLE `payroll_ps_account_link` (
  `psal_id` int(11) NOT NULL AUTO_INCREMENT,
  `psal_company_id` int(11) NOT NULL,
  `psal_total_gross` int(11) NOT NULL,
  `psal_emp_deduc` int(11) NOT NULL,
  `psal_empr_deduc` int(11) NOT NULL,
  `psal_netpay` int(11) NOT NULL,
  `psal_regtime` int(11) NOT NULL,
  `psal_monthly_adv` int(11) NOT NULL,
  `psal_monthly_adv_deduc` int(11) NOT NULL,
  `psal_emp_cpp` int(11) NOT NULL,
  `psal_emp_ei` int(11) NOT NULL,
  `psal_addwho` varchar(50) COLLATE latin1_general_ci NOT NULL,
  `psal_addwhen` timestamp NOT NULL DEFAULT CURRENT_TIMESTAMP,
  `psal_updatedwho` varchar(50) COLLATE latin1_general_ci NOT NULL,
  `psal_updatedwhen` datetime NOT NULL,
  PRIMARY KEY (`psal_id`)
) ENGINE=MyISAM DEFAULT CHARSET=latin1 COLLATE=latin1_general_ci;

/*Data for the table `payroll_ps_account_link` */

LOCK TABLES `payroll_ps_account_link` WRITE;

UNLOCK TABLES;

/*Table structure for table `payroll_ps_amendemp` */

DROP TABLE IF EXISTS `payroll_ps_amendemp`;

CREATE TABLE `payroll_ps_amendemp` (
  `amendemp_id` int(10) unsigned NOT NULL AUTO_INCREMENT,
  `emp_id` int(10) unsigned NOT NULL,
  `paystub_id` int(11) unsigned NOT NULL,
  `psamend_id` int(11) unsigned NOT NULL,
  `amendemp_amount` decimal(11,2) DEFAULT '0.00',
  `amendemp_addwho` varchar(50) COLLATE latin1_general_ci DEFAULT NULL,
  `amendemp_addwhen` timestamp NULL DEFAULT CURRENT_TIMESTAMP,
  PRIMARY KEY (`amendemp_id`)
) ENGINE=MyISAM AUTO_INCREMENT=26 DEFAULT CHARSET=latin1 COLLATE=latin1_general_ci;

/*Data for the table `payroll_ps_amendemp` */

LOCK TABLES `payroll_ps_amendemp` WRITE;

insert  into `payroll_ps_amendemp`(`amendemp_id`,`emp_id`,`paystub_id`,`psamend_id`,`amendemp_amount`,`amendemp_addwho`,`amendemp_addwhen`) values (1,6,1,1,'2500.00','jimabignay','2012-05-21 11:32:59'),(2,7,3,1,'1500.00','jimabignay','2012-05-21 11:32:59'),(3,8,6,1,'1500.00','jimabignay','2012-05-21 11:32:59'),(4,9,5,1,'2500.00','jimabignay','2012-05-21 11:32:59'),(5,1,7,1,'2500.00','jimabignay','2012-05-21 11:32:59'),(6,2,4,1,'1000.00','jimabignay','2012-05-21 11:32:59'),(7,5,2,1,'1500.00','jimabignay','2012-05-21 11:32:59'),(8,10,8,1,'2000.00','jimabignay','2012-05-21 11:32:59'),(9,1,7,2,'500.00','jimabignay','2012-05-21 11:45:51'),(10,6,9,3,'1500.00','jimabignay','2012-05-21 11:49:42'),(11,7,11,3,'1500.00','jimabignay','2012-05-21 11:49:42'),(12,8,14,3,'1500.00','jimabignay','2012-05-21 11:49:42'),(13,9,13,3,'1500.00','jimabignay','2012-05-21 11:49:42'),(14,1,15,3,'1500.00','jimabignay','2012-05-21 11:49:42'),(15,2,12,3,'1500.00','jimabignay','2012-05-21 11:49:42'),(16,5,10,3,'1500.00','jimabignay','2012-05-21 11:49:42'),(17,10,16,3,'1500.00','jimabignay','2012-05-21 11:49:42'),(18,6,18,4,'150.00','jimabignay','2012-05-21 15:03:21'),(19,9,22,4,'200.00','jimabignay','2012-05-21 15:03:21'),(20,1,24,4,'100.00','jimabignay','2012-05-21 15:03:21'),(21,6,27,5,'800.00','jimabignay','2012-05-21 15:10:02'),(22,8,33,5,'750.00','jimabignay','2012-05-21 15:10:02'),(23,2,31,5,'550.00','jimabignay','2012-05-21 15:10:02'),(24,5,29,5,'800.00','jimabignay','2012-05-21 15:10:02'),(25,10,35,5,'600.00','jimabignay','2012-05-21 15:10:02');

UNLOCK TABLES;

/*Table structure for table `payroll_ps_amendment` */

DROP TABLE IF EXISTS `payroll_ps_amendment`;

CREATE TABLE `payroll_ps_amendment` (
  `psamend_id` int(11) unsigned NOT NULL AUTO_INCREMENT,
  `pps_id` int(10) unsigned NOT NULL,
  `psa_id` int(11) NOT NULL,
  `psamend_name` varchar(50) COLLATE latin1_general_ci DEFAULT NULL,
  `psamend_status` int(1) unsigned NOT NULL DEFAULT '1',
  `psamend_effect_date` date NOT NULL,
  `psamend_rate` float(9,2) NOT NULL DEFAULT '0.00',
  `psamend_units` float(9,2) NOT NULL DEFAULT '0.00',
  `psamend_amount` float(9,2) NOT NULL DEFAULT '0.00',
  `psamend_desc` varchar(225) COLLATE latin1_general_ci NOT NULL,
  `psamend_authorized` int(10) unsigned NOT NULL,
  `psamend_addwho` varchar(50) COLLATE latin1_general_ci NOT NULL,
  `psamend_addwhen` timestamp NOT NULL DEFAULT CURRENT_TIMESTAMP,
  `psamend_updatewho` varchar(50) COLLATE latin1_general_ci NOT NULL,
  `psamend_updatewhen` datetime NOT NULL,
  `psamend_recurring_psamend_id` int(10) unsigned NOT NULL,
  `psamend_ytd_adj` int(1) unsigned NOT NULL,
  `psamend_type_id` int(10) unsigned NOT NULL,
  `psamend_percent_amount` int(10) NOT NULL,
  `psamend_percent_of` int(11) unsigned NOT NULL,
  `emp_id` int(11) unsigned NOT NULL,
  `psamend_istaxable` tinyint(1) unsigned DEFAULT '0',
  PRIMARY KEY (`psamend_id`),
  KEY `payroll_ps_amendment_FKIndex2` (`psa_id`),
  KEY `payroll_ps_amendment_FKIndex3` (`pps_id`)
) ENGINE=MyISAM AUTO_INCREMENT=6 DEFAULT CHARSET=latin1 COLLATE=latin1_general_ci ROW_FORMAT=DYNAMIC;

/*Data for the table `payroll_ps_amendment` */

LOCK TABLES `payroll_ps_amendment` WRITE;

insert  into `payroll_ps_amendment`(`psamend_id`,`pps_id`,`psa_id`,`psamend_name`,`psamend_status`,`psamend_effect_date`,`psamend_rate`,`psamend_units`,`psamend_amount`,`psamend_desc`,`psamend_authorized`,`psamend_addwho`,`psamend_addwhen`,`psamend_updatewho`,`psamend_updatewhen`,`psamend_recurring_psamend_id`,`psamend_ytd_adj`,`psamend_type_id`,`psamend_percent_amount`,`psamend_percent_of`,`emp_id`,`psamend_istaxable`) values (1,0,24,'Incentive',2,'2012-01-03',0.00,0.00,0.00,'Incentive for all employee',0,'jimabignay','2012-05-21 11:32:14','','0000-00-00 00:00:00',0,0,0,0,0,0,0),(2,0,55,'Salary Deduction',2,'2012-01-04',0.00,0.00,0.00,'Salary Dec',0,'jimabignay','2012-05-21 11:45:45','','0000-00-00 00:00:00',0,0,0,0,0,0,0),(3,0,40,'EDO Cash Conversion',2,'2012-01-20',0.00,0.00,0.00,'EDO',0,'jimabignay','2012-05-21 11:49:27','','0000-00-00 00:00:00',0,0,0,0,0,0,0),(4,0,55,'Salary Deduction',2,'2012-01-31',0.00,0.00,0.00,'Salary Deduction',0,'jimabignay','2012-05-21 15:03:10','','0000-00-00 00:00:00',0,0,0,0,0,0,0),(5,0,41,'OT Adj',2,'2012-02-16',0.00,0.00,0.00,'OT Adjustment',0,'jimabignay','2012-05-21 15:09:51','','0000-00-00 00:00:00',0,0,0,0,0,0,0);

UNLOCK TABLES;

/*Table structure for table `payroll_psa_child` */

DROP TABLE IF EXISTS `payroll_psa_child`;

CREATE TABLE `payroll_psa_child` (
  `psachild_id` int(10) unsigned NOT NULL AUTO_INCREMENT,
  `psa_id` int(11) NOT NULL,
  `psachild_status` int(11) unsigned DEFAULT NULL,
  `psachild_type` int(11) unsigned DEFAULT NULL,
  `psachild_order` int(11) unsigned DEFAULT NULL,
  `psachild_priority` tinyint(3) unsigned DEFAULT '0',
  `psachild_name` varchar(100) COLLATE latin1_general_ci DEFAULT NULL,
  `psachild_addwho` varchar(50) COLLATE latin1_general_ci DEFAULT NULL,
  `psachild_addwhen` timestamp NULL DEFAULT CURRENT_TIMESTAMP,
  `psachild_updatewho` varchar(50) COLLATE latin1_general_ci DEFAULT NULL,
  `psachild_updatewhen` datetime DEFAULT NULL,
  PRIMARY KEY (`psachild_id`)
) ENGINE=MyISAM DEFAULT CHARSET=latin1 COLLATE=latin1_general_ci;

/*Data for the table `payroll_psa_child` */

LOCK TABLES `payroll_psa_child` WRITE;

UNLOCK TABLES;

/*Table structure for table `payroll_psa_recurring` */

DROP TABLE IF EXISTS `payroll_psa_recurring`;

CREATE TABLE `payroll_psa_recurring` (
  `psar_id` int(11) NOT NULL AUTO_INCREMENT,
  `psar_company_id` int(11) NOT NULL,
  `psar_status` int(11) NOT NULL,
  `psar_startdate` date NOT NULL,
  `psar_enddate` date NOT NULL,
  `psar_frequency_id` int(11) NOT NULL,
  `psar_name` varchar(50) COLLATE latin1_general_ci NOT NULL,
  `psar_desc` varchar(225) COLLATE latin1_general_ci NOT NULL,
  `psar_psename_id` int(11) NOT NULL,
  `psar_rate` float(9,2) NOT NULL,
  `psar_units` float(9,2) NOT NULL,
  `psar_amount` float(9,2) NOT NULL,
  `psar_percent_amnt` float(9,2) NOT NULL,
  `psar_percent_of` int(11) NOT NULL,
  `psar_amend_desc` varchar(50) COLLATE latin1_general_ci NOT NULL,
  `psar_addwho` varchar(50) COLLATE latin1_general_ci NOT NULL,
  `psar_addwhen` timestamp NOT NULL DEFAULT CURRENT_TIMESTAMP,
  `psar_updatedwho` varchar(50) COLLATE latin1_general_ci NOT NULL,
  `psar_updatedwhen` datetime NOT NULL,
  `psar_type_id` int(11) NOT NULL,
  `psar_istaxable` tinyint(3) unsigned DEFAULT NULL,
  PRIMARY KEY (`psar_id`)
) ENGINE=MyISAM DEFAULT CHARSET=latin1 COLLATE=latin1_general_ci;

/*Data for the table `payroll_psa_recurring` */

LOCK TABLES `payroll_psa_recurring` WRITE;

UNLOCK TABLES;

/*Table structure for table `payroll_psar_user` */

DROP TABLE IF EXISTS `payroll_psar_user`;

CREATE TABLE `payroll_psar_user` (
  `psaru_id` int(11) NOT NULL,
  `psar_id` int(11) NOT NULL,
  `emp_id` int(11) NOT NULL,
  `psaru_addwho` varchar(50) COLLATE latin1_general_ci NOT NULL,
  `psaru_addwhen` timestamp NOT NULL DEFAULT CURRENT_TIMESTAMP,
  PRIMARY KEY (`psaru_id`),
  KEY `payroll_psar_user_FKIndex1` (`psar_id`)
) ENGINE=MyISAM DEFAULT CHARSET=latin1 COLLATE=latin1_general_ci;

/*Data for the table `payroll_psar_user` */

LOCK TABLES `payroll_psar_user` WRITE;

UNLOCK TABLES;

/*Table structure for table `period_benloanduc_sched` */

DROP TABLE IF EXISTS `period_benloanduc_sched`;

CREATE TABLE `period_benloanduc_sched` (
  `bldsched_id` int(10) unsigned NOT NULL AUTO_INCREMENT,
  `empdd_id` int(10) unsigned NOT NULL,
  `ben_id` int(10) unsigned NOT NULL,
  `pps_id` int(10) unsigned NOT NULL,
  `emp_id` int(10) unsigned NOT NULL,
  `loan_id` int(10) unsigned NOT NULL,
  `bldsched_period` int(10) unsigned DEFAULT NULL,
  PRIMARY KEY (`bldsched_id`)
) ENGINE=MyISAM AUTO_INCREMENT=35 DEFAULT CHARSET=latin1 COLLATE=latin1_general_ci ROW_FORMAT=DYNAMIC;

/*Data for the table `period_benloanduc_sched` */

LOCK TABLES `period_benloanduc_sched` WRITE;

insert  into `period_benloanduc_sched`(`bldsched_id`,`empdd_id`,`ben_id`,`pps_id`,`emp_id`,`loan_id`,`bldsched_period`) values (1,5,0,1,2,0,2),(2,5,0,1,10,0,1),(3,5,0,1,6,0,1),(4,5,0,1,4,0,1),(5,5,0,1,7,0,1),(6,5,0,1,8,0,1),(7,5,0,1,1,0,1),(8,5,0,1,9,0,1),(9,5,0,1,5,0,1),(12,0,0,1,6,0,1),(13,0,0,1,6,0,2),(16,0,0,1,7,0,1),(17,0,0,1,7,0,2),(19,0,0,1,10,0,2),(20,5,0,1,11,0,1),(21,5,0,1,12,0,1),(22,5,0,1,13,0,1),(28,0,0,1,6,0,1),(33,0,0,1,6,11,1),(34,0,0,1,6,11,2);

UNLOCK TABLES;

/*Table structure for table `salary_info` */

DROP TABLE IF EXISTS `salary_info`;

CREATE TABLE `salary_info` (
  `salaryinfo_id` int(10) unsigned NOT NULL AUTO_INCREMENT,
  `salarytype_id` int(10) unsigned NOT NULL,
  `emp_id` int(10) unsigned NOT NULL,
  `fr_id` int(10) unsigned NOT NULL,
  `salaryinfo_effectdate` date DEFAULT NULL,
  `salaryinfo_basicrate` decimal(10,2) DEFAULT NULL,
  `salaryinfo_isactive` tinyint(1) unsigned DEFAULT '1',
  `salaryinfo_addwho` varchar(50) COLLATE latin1_general_ci DEFAULT NULL,
  `salaryinfo_addwhen` timestamp NULL DEFAULT CURRENT_TIMESTAMP,
  `salaryinfo_updatewho` varchar(50) COLLATE latin1_general_ci DEFAULT NULL,
  `salaryinfo_updatewhen` datetime DEFAULT NULL,
  `salaryinfo_ceilingpay` decimal(10,2) DEFAULT '0.00',
  `salaryinfo_ecola` decimal(10,2) DEFAULT NULL,
  PRIMARY KEY (`salaryinfo_id`),
  KEY `salary_info_FKIndex1` (`emp_id`),
  KEY `salary_info_FKIndex2` (`salarytype_id`)
) ENGINE=MyISAM AUTO_INCREMENT=15 DEFAULT CHARSET=latin1 COLLATE=latin1_general_ci ROW_FORMAT=DYNAMIC;

/*Data for the table `salary_info` */

LOCK TABLES `salary_info` WRITE;

insert  into `salary_info`(`salaryinfo_id`,`salarytype_id`,`emp_id`,`fr_id`,`salaryinfo_effectdate`,`salaryinfo_basicrate`,`salaryinfo_isactive`,`salaryinfo_addwho`,`salaryinfo_addwhen`,`salaryinfo_updatewho`,`salaryinfo_updatewhen`,`salaryinfo_ceilingpay`,`salaryinfo_ecola`) values (1,5,1,3,'2011-07-04','35000.00',1,'admin','2011-11-07 18:41:18','jimabignay','2012-05-21 10:03:25','0.00','0.00'),(2,5,2,3,'2011-01-01','11344.32',1,'admin','2011-11-07 18:49:03','jimabignay','2012-05-21 10:05:21','0.00','0.00'),(3,5,3,1,'2011-01-01','11344.32',1,'admin','2011-11-07 20:34:21','','0000-00-00 00:00:00','0.00','0.00'),(4,5,4,3,'2011-01-01','12435.98',1,'admin','2011-11-07 20:40:42','jimabignay','2012-05-21 10:19:59','0.00','0.00'),(5,5,5,3,'2011-01-01','64234.81',1,'admin','2011-11-07 20:54:21','jimabignay','2012-05-21 09:59:45','0.00','0.00'),(6,5,6,3,'2011-09-01','14000.00',0,'admin','2011-11-07 21:00:04','jimabignay','2012-05-21 10:07:37','0.00','0.00'),(7,5,7,3,'2011-06-08','15000.00',1,'admin','2011-11-07 21:06:07','jimabignay','2012-05-21 10:06:47','0.00','0.00'),(8,5,8,3,'2011-09-11','30000.00',1,'admin','2011-11-07 21:11:33','jimabignay','2012-05-21 10:04:35','0.00','0.00'),(9,5,9,3,'2011-08-01','49000.00',1,'admin','2011-11-07 21:16:52','jimabignay','2012-05-21 10:01:35','0.00','0.00'),(10,5,10,3,'2011-03-28','17000.00',1,'admin','2011-11-07 21:22:11','jimabignay','2012-05-21 10:08:28','0.00','0.00'),(11,5,11,3,'2012-01-12','26000.00',1,'jimabignay','2012-05-21 11:54:44',NULL,NULL,'0.00','0.00'),(12,5,12,3,'2012-02-15','35000.00',1,'jimabignay','2012-05-21 11:56:27',NULL,NULL,'0.00','0.00'),(13,5,13,3,'2012-03-21','30000.00',1,'jimabignay','2012-05-21 11:58:41',NULL,NULL,'0.00','0.00'),(14,5,6,3,'2012-05-01','15000.00',1,'admin','2012-05-22 09:04:07',NULL,NULL,'0.00','0.00');

UNLOCK TABLES;

/*Table structure for table `salary_type` */

DROP TABLE IF EXISTS `salary_type`;

CREATE TABLE `salary_type` (
  `salarytype_id` int(10) unsigned NOT NULL AUTO_INCREMENT,
  `salarytype_name` varchar(50) COLLATE latin1_general_ci DEFAULT NULL,
  `salarytype_ord` int(10) unsigned DEFAULT NULL,
  `salarytype_addwho` varchar(50) COLLATE latin1_general_ci DEFAULT NULL,
  `salarytype_addwhen` timestamp NULL DEFAULT CURRENT_TIMESTAMP,
  `salarytype_updatewho` varchar(50) COLLATE latin1_general_ci DEFAULT NULL,
  `salarytype_updatewhen` datetime DEFAULT NULL,
  PRIMARY KEY (`salarytype_id`)
) ENGINE=MyISAM AUTO_INCREMENT=7 DEFAULT CHARSET=latin1 COLLATE=latin1_general_ci;

/*Data for the table `salary_type` */

LOCK TABLES `salary_type` WRITE;

insert  into `salary_type`(`salarytype_id`,`salarytype_name`,`salarytype_ord`,`salarytype_addwho`,`salarytype_addwhen`,`salarytype_updatewho`,`salarytype_updatewhen`) values (1,'Hourly',10,'jay','2009-09-22 07:04:10','','0000-00-00 00:00:00'),(2,'Daily',20,'jay','2009-09-22 07:04:40','','0000-00-00 00:00:00'),(3,'Weekly',30,'jay','2009-09-22 07:05:05','','0000-00-00 00:00:00'),(4,'Bi-Weekly',40,'jay','2009-09-22 07:05:30','','0000-00-00 00:00:00'),(5,'Monthly',50,'jay','2009-09-22 07:05:45','','0000-00-00 00:00:00'),(6,'Annual',60,'jay','2009-09-22 07:06:01','','0000-00-00 00:00:00');

UNLOCK TABLES;

/*Table structure for table `sc_records` */

DROP TABLE IF EXISTS `sc_records`;

CREATE TABLE `sc_records` (
  `scr_id` int(10) unsigned NOT NULL AUTO_INCREMENT,
  `sc_id` int(10) unsigned NOT NULL,
  `min_salary` decimal(12,2) unsigned DEFAULT NULL,
  `max_salary` decimal(12,2) unsigned DEFAULT NULL,
  `min_age` int(10) unsigned DEFAULT NULL,
  `max_age` int(10) unsigned DEFAULT NULL,
  `scr_ee` decimal(12,2) DEFAULT NULL,
  `scr_er` decimal(12,2) DEFAULT NULL,
  `scr_ec` float DEFAULT NULL,
  `scr_pcent` float DEFAULT '0',
  `scr_pcentamnt` decimal(12,2) DEFAULT '0.00',
  PRIMARY KEY (`scr_id`),
  KEY `sc_records_FKIndex1` (`sc_id`)
) ENGINE=MyISAM AUTO_INCREMENT=61 DEFAULT CHARSET=latin1 COLLATE=latin1_general_ci ROW_FORMAT=DYNAMIC;

/*Data for the table `sc_records` */

LOCK TABLES `sc_records` WRITE;

insert  into `sc_records`(`scr_id`,`sc_id`,`min_salary`,`max_salary`,`min_age`,`max_age`,`scr_ee`,`scr_er`,`scr_ec`,`scr_pcent`,`scr_pcentamnt`) values (1,2,'2750.00','3249.99',0,99,'100.00','212.00',10,0,'0.00'),(2,2,'2250.00','2749.99',0,99,'83.30','176.70',10,0,'0.00'),(3,2,'1750.00','2249.99',0,99,'66.70','141.30',10,0,'0.00'),(4,2,'1250.00','1749.99',0,99,'50.00','106.00',10,0,'0.00'),(5,2,'1000.00','1249.99',0,99,'33.30','70.70',10,0,'0.00'),(6,2,'3250.00','3749.99',0,99,'116.70','247.30',10,0,'0.00'),(7,2,'3750.00','4249.99',0,99,'133.30','282.70',10,0,'0.00'),(8,2,'4250.00','4749.99',0,99,'150.00','318.00',10,0,'0.00'),(9,2,'4750.00','5249.99',0,99,'166.70','353.30',10,0,'0.00'),(10,2,'5250.00','5749.99',0,99,'183.30','388.70',10,0,'0.00'),(11,1,'0.00','4999.99',0,99,'50.00','50.00',1,1.25,'0.00'),(12,1,'5000.00','5999.99',0,99,'62.50','62.50',2,1.25,'0.00'),(13,1,'6000.00','6999.99',0,99,'75.00','75.00',3,1.25,'0.00'),(14,1,'7000.00','7999.99',0,99,'87.50','87.50',4,1.25,'0.00'),(15,1,'8000.00','8999.99',0,99,'100.00','100.00',5,1.25,'0.00'),(16,1,'9000.00','9999.99',0,99,'112.50','112.50',6,1.25,'0.00'),(17,1,'10000.00','10999.99',0,99,'125.00','125.00',7,1.25,'0.00'),(18,1,'11000.00','11999.99',0,99,'137.50','137.50',8,1.25,'0.00'),(19,1,'12000.00','12999.99',0,99,'150.00','150.00',9,1.25,'0.00'),(20,1,'13000.00','13999.99',0,99,'162.50','162.50',10,1.25,'0.00'),(21,1,'14000.00','14999.99',0,99,'175.00','175.00',11,1.25,'0.00'),(22,1,'15000.00','15999.99',0,99,'187.50','187.50',12,1.25,'0.00'),(23,1,'16000.00','16999.99',0,99,'200.00','200.00',13,1.25,'0.00'),(24,1,'17000.00','17999.99',0,99,'212.50','212.50',14,1.25,'0.00'),(25,2,'5750.00','6249.99',0,99,'200.00','424.00',10,0,'0.00'),(26,2,'6250.00','6749.99',0,99,'216.70','459.30',10,0,'0.00'),(27,2,'6750.00','7249.99',0,99,'233.30','494.70',10,0,'0.00'),(28,2,'7250.00','7749.99',0,99,'250.00','530.00',10,0,'0.00'),(29,2,'7750.00','8249.99',0,99,'266.70','565.30',10,0,'0.00'),(30,2,'8250.00','8749.99',0,99,'283.30','600.70',10,0,'0.00'),(31,2,'8750.00','9249.99',0,99,'300.00','636.00',10,0,'0.00'),(32,2,'9250.00','9749.99',0,99,'316.70','671.30',10,0,'0.00'),(33,2,'9750.00','10249.99',0,99,'333.30','706.70',10,0,'0.00'),(34,2,'10250.00','10749.99',0,99,'350.00','742.00',10,0,'0.00'),(35,2,'10750.00','11249.99',0,99,'366.70','777.30',10,0,'0.00'),(36,2,'11250.00','11749.99',0,99,'383.30','812.70',10,0,'0.00'),(37,2,'11750.00','12249.99',0,99,'400.00','848.00',10,0,'0.00'),(38,2,'12250.00','12749.99',0,99,'416.70','883.30',10,0,'0.00'),(39,2,'12750.00','13249.99',0,99,'433.30','918.70',10,0,'0.00'),(40,2,'13250.00','13749.99',0,99,'450.00','954.00',10,0,'0.00'),(41,2,'13750.00','14249.99',0,99,'466.70','989.30',10,0,'0.00'),(42,2,'14250.00','14749.99',0,99,'483.30','1024.70',10,0,'0.00'),(43,2,'14750.00','9999999.99',0,99,'500.00','1060.00',30,0,'0.00'),(44,3,'0.00','1501.00',0,99,'0.00','0.00',0,2,'0.00'),(45,3,'1501.00','5001.00',0,99,'0.00','0.00',0,2,'0.00'),(46,3,'5001.00','999999.00',0,99,'100.00','100.00',0,0,'0.00'),(47,1,'18000.00','18999.99',0,99,'225.00','225.00',15,1.25,'0.00'),(48,1,'19000.00','19999.99',0,99,'237.50','237.50',16,1.25,'0.00'),(49,1,'20000.00','20999.99',0,99,'250.00','250.00',17,1.25,'0.00'),(50,1,'21000.00','21999.99',0,99,'262.50','262.50',18,1.25,'0.00'),(51,1,'22000.00','22999.99',0,99,'275.00','275.00',19,1.25,'0.00'),(52,1,'23000.00','23999.99',0,99,'287.50','287.50',20,1.25,'0.00'),(53,1,'24000.00','24999.99',0,99,'300.00','300.00',21,1.25,'0.00'),(54,1,'25000.00','25999.99',0,99,'312.50','312.50',22,1.25,'0.00'),(55,1,'26000.00','26999.99',0,99,'325.00','325.00',23,1.25,'0.00'),(56,1,'27000.00','27999.99',0,99,'337.50','337.50',24,1.25,'0.00'),(57,1,'28000.00','28999.99',0,99,'350.00','350.00',25,1.25,'0.00'),(58,1,'29000.00','29999.99',0,99,'362.50','362.50',26,1.25,'0.00'),(59,1,'30000.00','9999999.99',0,99,'375.00','375.00',27,1.25,'0.00');

UNLOCK TABLES;

/*Table structure for table `statutory_contribution` */

DROP TABLE IF EXISTS `statutory_contribution`;

CREATE TABLE `statutory_contribution` (
  `sc_id` int(10) unsigned NOT NULL AUTO_INCREMENT,
  `dec_id` int(10) unsigned NOT NULL,
  `sc_code` varchar(32) COLLATE latin1_general_ci DEFAULT NULL,
  `sc_desc` varchar(255) COLLATE latin1_general_ci DEFAULT NULL,
  `sc_effectivedate` date DEFAULT NULL,
  `sc_addwho` varchar(45) COLLATE latin1_general_ci DEFAULT NULL,
  `sc_addwhen` timestamp NULL DEFAULT CURRENT_TIMESTAMP,
  `sc_updatewho` varchar(45) COLLATE latin1_general_ci DEFAULT NULL,
  `sc_updatewhen` datetime DEFAULT NULL,
  `sc_stat` tinyint(1) unsigned DEFAULT '1',
  PRIMARY KEY (`sc_id`)
) ENGINE=MyISAM AUTO_INCREMENT=5 DEFAULT CHARSET=latin1 COLLATE=latin1_general_ci ROW_FORMAT=DYNAMIC;

/*Data for the table `statutory_contribution` */

LOCK TABLES `statutory_contribution` WRITE;

insert  into `statutory_contribution`(`sc_id`,`dec_id`,`sc_code`,`sc_desc`,`sc_effectivedate`,`sc_addwho`,`sc_addwhen`,`sc_updatewho`,`sc_updatewhen`,`sc_stat`) values (1,2,'PHIC','Philippine Health Insurance Corporation','2009-10-01','admin','2009-10-02 02:45:47','','0000-00-00 00:00:00',1),(2,1,'SSS','Social Security Service','2007-01-01','admin','2009-10-02 02:31:07','','0000-00-00 00:00:00',1),(3,3,'HDMF','Home Development Mutual Fund','2005-01-01','admin','2011-07-18 17:02:27','','0000-00-00 00:00:00',1);

UNLOCK TABLES;

/*Table structure for table `ta_emp_rec` */

DROP TABLE IF EXISTS `ta_emp_rec`;

CREATE TABLE `ta_emp_rec` (
  `emp_tarec_id` int(10) unsigned NOT NULL AUTO_INCREMENT,
  `paystub_id` int(10) unsigned NOT NULL,
  `payperiod_id` int(10) unsigned NOT NULL,
  `emp_id` int(10) unsigned NOT NULL,
  `tatbl_id` int(10) unsigned NOT NULL,
  `emp_tarec_amtperrate` decimal(10,2) DEFAULT NULL,
  `emp_tarec_nohrday` decimal(10,2) DEFAULT NULL,
  `emp_tarec_addwho` varchar(50) COLLATE latin1_general_ci DEFAULT NULL,
  `emp_tarec_addwhen` timestamp NULL DEFAULT CURRENT_TIMESTAMP,
  `emp_tarec_updatewho` varchar(50) COLLATE latin1_general_ci DEFAULT NULL,
  `emp_tarec_updatewhen` datetime DEFAULT NULL,
  `uptadet_id` int(11) unsigned NOT NULL,
  PRIMARY KEY (`emp_tarec_id`)
) ENGINE=MyISAM AUTO_INCREMENT=33 DEFAULT CHARSET=latin1 COLLATE=latin1_general_ci;

/*Data for the table `ta_emp_rec` */

LOCK TABLES `ta_emp_rec` WRITE;

insert  into `ta_emp_rec`(`emp_tarec_id`,`paystub_id`,`payperiod_id`,`emp_id`,`tatbl_id`,`emp_tarec_amtperrate`,`emp_tarec_nohrday`,`emp_tarec_addwho`,`emp_tarec_addwhen`,`emp_tarec_updatewho`,`emp_tarec_updatewhen`,`uptadet_id`) values (6,1,1,6,1,'536.74','1.00',NULL,'2012-05-21 11:30:38','jimabignay','2012-05-21 11:46:26',1),(7,4,1,2,3,'5.44','0.10',NULL,'2012-05-21 11:30:38','jimabignay','2012-05-21 11:46:27',4),(8,5,1,9,1,'1878.59','1.00',NULL,'2012-05-21 11:30:38','jimabignay','2012-05-21 11:46:27',5),(9,6,1,8,3,'46.01','0.32',NULL,'2012-05-21 11:30:38','jimabignay','2012-05-21 11:46:27',6),(10,7,1,1,3,'109.03','0.65',NULL,'2012-05-21 11:30:38','jimabignay','2012-05-21 11:46:27',7),(11,2,1,5,3,'92.35','0.30','jimabignay','2012-05-21 11:31:22','jimabignay','2012-05-21 11:46:27',0),(12,2,1,5,4,'15.39','0.05','jimabignay','2012-05-21 11:31:22','jimabignay','2012-05-21 11:46:27',0),(17,9,2,6,3,'43.61','0.65',NULL,'2012-05-21 12:06:47','jimabignay','2012-05-21 12:08:25',1),(18,11,2,7,3,'23.00','0.32',NULL,'2012-05-21 12:06:47','jimabignay','2012-05-21 12:08:25',3),(19,15,2,1,3,'16.77','0.10',NULL,'2012-05-21 12:06:47','jimabignay','2012-05-21 12:08:26',7),(20,17,2,11,1,'996.81','1.00',NULL,'2012-05-21 12:06:47','jimabignay','2012-05-21 12:08:26',9),(21,19,3,5,3,'46.18','0.15',NULL,'2012-05-21 15:02:29','jimabignay','2012-05-21 03:04:21',11),(22,21,3,2,1,'434.93','1.00',NULL,'2012-05-21 15:02:29','jimabignay','2012-05-21 03:04:21',13),(23,22,3,9,3,'75.14','0.32',NULL,'2012-05-21 15:02:29','jimabignay','2012-05-21 03:04:21',14),(24,24,3,1,1,'1341.85','1.00',NULL,'2012-05-21 15:02:29','jimabignay','2012-05-21 03:04:21',16),(25,26,3,11,3,'37.38','0.30',NULL,'2012-05-21 15:02:29','jimabignay','2012-05-21 03:04:22',18),(26,30,5,7,3,'71.88','1.00',NULL,'2012-05-21 15:08:52','jimabignay','2012-05-21 03:10:38',21),(27,31,5,2,1,'434.93','1.00',NULL,'2012-05-21 15:08:52','jimabignay','2012-05-21 03:10:38',22),(28,32,5,9,3,'11.74','0.05',NULL,'2012-05-21 15:08:52','jimabignay','2012-05-21 03:10:38',23),(29,33,5,8,4,'287.54','2.00',NULL,'2012-05-21 15:08:52','jimabignay','2012-05-21 03:10:38',24),(30,34,5,1,3,'16.77','0.10',NULL,'2012-05-21 15:08:52','jimabignay','2012-05-21 03:10:38',25),(31,36,5,11,3,'186.90','1.50',NULL,'2012-05-21 15:08:52','jimabignay','2012-05-21 03:10:39',27),(32,28,5,12,1,'5367.41','4.00',NULL,'2012-05-21 15:08:52','jimabignay','2012-05-21 03:10:37',28);

UNLOCK TABLES;

/*Table structure for table `ta_tbl` */

DROP TABLE IF EXISTS `ta_tbl`;

CREATE TABLE `ta_tbl` (
  `tatbl_id` int(10) unsigned NOT NULL AUTO_INCREMENT,
  `tatbl_name` varchar(50) COLLATE latin1_general_ci DEFAULT NULL,
  `tatbl_rate` tinyint(2) unsigned DEFAULT '1',
  `tatbl_addwho` varchar(50) COLLATE latin1_general_ci DEFAULT NULL,
  `tatbl_addwhen` timestamp NULL DEFAULT CURRENT_TIMESTAMP,
  `tatbl_updatewho` varchar(50) COLLATE latin1_general_ci DEFAULT NULL,
  `tatbl_updatewhen` datetime DEFAULT NULL,
  PRIMARY KEY (`tatbl_id`)
) ENGINE=MyISAM AUTO_INCREMENT=6 DEFAULT CHARSET=latin1 COLLATE=latin1_general_ci ROW_FORMAT=DYNAMIC;

/*Data for the table `ta_tbl` */

LOCK TABLES `ta_tbl` WRITE;

insert  into `ta_tbl`(`tatbl_id`,`tatbl_name`,`tatbl_rate`,`tatbl_addwho`,`tatbl_addwhen`,`tatbl_updatewho`,`tatbl_updatewhen`) values (1,'Authorized absence - no pay',2,'jayadmin','2011-02-03 00:12:58','jimabignay','2011-12-20 17:54:51'),(3,'Late',1,'jayadmin','2011-02-03 00:13:23','','0000-00-00 00:00:00'),(4,'Undertime',1,'jayadmin','2011-02-03 00:13:49','','0000-00-00 00:00:00'),(5,'No of Days',2,'jayadmin','2011-12-20 16:22:16','','0000-00-00 00:00:00');

UNLOCK TABLES;

/*Table structure for table `tax_employer` */

DROP TABLE IF EXISTS `tax_employer`;

CREATE TABLE `tax_employer` (
  `te_id` int(11) NOT NULL AUTO_INCREMENT,
  `comp_id` int(10) unsigned NOT NULL,
  `te_rdo` varchar(30) COLLATE latin1_general_ci DEFAULT NULL,
  `te_cat_agent` varchar(30) COLLATE latin1_general_ci DEFAULT NULL,
  `te_atc` varchar(30) COLLATE latin1_general_ci DEFAULT NULL,
  `te_addwho` varchar(50) COLLATE latin1_general_ci DEFAULT NULL,
  `te_addwhen` timestamp NULL DEFAULT NULL,
  `te_updatewhen` datetime DEFAULT NULL,
  `te_updatewho` varchar(50) COLLATE latin1_general_ci DEFAULT NULL,
  PRIMARY KEY (`te_id`)
) ENGINE=MyISAM AUTO_INCREMENT=2 DEFAULT CHARSET=latin1 COLLATE=latin1_general_ci;

/*Data for the table `tax_employer` */

LOCK TABLES `tax_employer` WRITE;

insert  into `tax_employer`(`te_id`,`comp_id`,`te_rdo`,`te_cat_agent`,`te_atc`,`te_addwho`,`te_addwhen`,`te_updatewhen`,`te_updatewho`) values (1,1,'44','W W 0 1 0','','admin','0000-00-00 00:00:00','0000-00-00 00:00:00','');

UNLOCK TABLES;

/*Table structure for table `tax_excep` */

DROP TABLE IF EXISTS `tax_excep`;

CREATE TABLE `tax_excep` (
  `taxep_id` int(10) unsigned NOT NULL AUTO_INCREMENT,
  `taxep_code` varchar(5) COLLATE latin1_general_ci DEFAULT NULL,
  `taxep_name` varchar(30) COLLATE latin1_general_ci DEFAULT NULL,
  `taxep_order` tinyint(1) unsigned DEFAULT NULL,
  `taxep_addwho` varchar(30) COLLATE latin1_general_ci DEFAULT NULL,
  `taxep_addwhen` timestamp NULL DEFAULT CURRENT_TIMESTAMP,
  `taxep_updatewho` varchar(30) COLLATE latin1_general_ci DEFAULT NULL,
  `taxep_updatewhen` datetime DEFAULT NULL,
  PRIMARY KEY (`taxep_id`)
) ENGINE=MyISAM AUTO_INCREMENT=13 DEFAULT CHARSET=latin1 COLLATE=latin1_general_ci;

/*Data for the table `tax_excep` */

LOCK TABLES `tax_excep` WRITE;

insert  into `tax_excep`(`taxep_id`,`taxep_code`,`taxep_name`,`taxep_order`,`taxep_addwho`,`taxep_addwhen`,`taxep_updatewho`,`taxep_updatewhen`) values (1,'Z','Zero',10,'jayadmin','2010-11-16 02:26:45','','0000-00-00 00:00:00'),(3,'S','Single(S)',20,'jayadmin','2010-11-16 02:26:45','','0000-00-00 00:00:00'),(4,'S1','Single1 (S1)',30,'jayadmin','2010-11-16 02:26:45','','0000-00-00 00:00:00'),(5,'S2','Single2 (S2)',40,'jayadmin','2010-11-16 02:26:45','','0000-00-00 00:00:00'),(6,'S3','Single3 (S3)',50,'jayadmin','2010-11-16 02:26:45','','0000-00-00 00:00:00'),(7,'S4','Single4 (S4)',60,'jayadmin','2010-11-16 02:26:45','','0000-00-00 00:00:00'),(8,'ME','Married (ME)',70,'jayadmin','2010-11-16 02:26:45','','0000-00-00 00:00:00'),(9,'ME1','Married1 (ME1)',80,'jayadmin','2010-11-16 02:27:10','','0000-00-00 00:00:00'),(10,'ME2','Married2 (ME2)',90,'jayadmin','2010-11-16 02:27:37','','0000-00-00 00:00:00'),(11,'ME3','Married3 (ME3)',100,'jayadmin','2010-11-16 02:27:49','','0000-00-00 00:00:00'),(12,'ME4','Married4 (ME4)',110,'jayadmin','2010-11-16 02:27:59','','0000-00-00 00:00:00');

UNLOCK TABLES;

/*Table structure for table `tax_policy` */

DROP TABLE IF EXISTS `tax_policy`;

CREATE TABLE `tax_policy` (
  `tp_id` int(10) unsigned NOT NULL AUTO_INCREMENT,
  `tp_name` varchar(255) COLLATE latin1_general_ci DEFAULT NULL,
  `tp_desc` varchar(255) COLLATE latin1_general_ci DEFAULT NULL,
  `tp_edate` varchar(45) COLLATE latin1_general_ci DEFAULT NULL,
  `tp_no_q_dependents` int(10) unsigned DEFAULT NULL,
  `tp_head_family` int(10) unsigned DEFAULT NULL,
  `tp_married_ind` int(10) unsigned DEFAULT NULL,
  `tp_each_dependent` int(10) unsigned DEFAULT NULL,
  `tp_num_dependents` int(10) unsigned DEFAULT NULL,
  `tp_addwho` varchar(45) COLLATE latin1_general_ci DEFAULT NULL,
  `tp_addwhen` timestamp NULL DEFAULT NULL,
  `tp_updatewho` varchar(50) COLLATE latin1_general_ci DEFAULT NULL,
  `tp_updatewhen` datetime DEFAULT NULL,
  `tp_other_benefits` int(11) DEFAULT NULL,
  `tp_max_premium` int(11) DEFAULT NULL,
  PRIMARY KEY (`tp_id`)
) ENGINE=MyISAM AUTO_INCREMENT=2 DEFAULT CHARSET=latin1 COLLATE=latin1_general_ci ROW_FORMAT=DYNAMIC;

/*Data for the table `tax_policy` */

LOCK TABLES `tax_policy` WRITE;

insert  into `tax_policy`(`tp_id`,`tp_name`,`tp_desc`,`tp_edate`,`tp_no_q_dependents`,`tp_head_family`,`tp_married_ind`,`tp_each_dependent`,`tp_num_dependents`,`tp_addwho`,`tp_addwhen`,`tp_updatewho`,`tp_updatewhen`,`tp_other_benefits`,`tp_max_premium`) values (1,'TAX 2009','Tax Table 2009','2009-01-01',50000,50000,50000,25000,4,'admin','2012-03-26 00:00:00','','0000-00-00 00:00:00',30000,2400);

UNLOCK TABLES;

/*Table structure for table `tax_table` */

DROP TABLE IF EXISTS `tax_table`;

CREATE TABLE `tax_table` (
  `tt_id` int(10) unsigned NOT NULL AUTO_INCREMENT,
  `tp_id` int(10) unsigned NOT NULL,
  `tt_pay_group` int(10) unsigned DEFAULT NULL,
  `tt_maxamount` int(11) DEFAULT NULL,
  `tt_minamount` int(11) DEFAULT NULL,
  `tt_over_pct` int(11) DEFAULT NULL,
  `tt_addwho` varchar(45) COLLATE latin1_general_ci DEFAULT NULL,
  `tt_addwhen` timestamp NULL DEFAULT CURRENT_TIMESTAMP,
  `tt_updatewho` varchar(45) COLLATE latin1_general_ci DEFAULT NULL,
  `tt_updatewhen` datetime DEFAULT NULL,
  `tt_exemption` tinytext COLLATE latin1_general_ci,
  `tt_taxamount` decimal(11,2) DEFAULT NULL,
  `tt_other_benefits` int(10) unsigned DEFAULT NULL,
  `tt_no_q_dependents` int(10) unsigned DEFAULT NULL,
  `tt_head_family` int(10) unsigned DEFAULT NULL,
  `tt_married_ind` int(10) unsigned DEFAULT NULL,
  `tt_each_dependent` int(10) unsigned DEFAULT NULL,
  `tt_num_dependents` int(10) unsigned DEFAULT NULL,
  `tt_max_premium` int(10) unsigned DEFAULT NULL,
  PRIMARY KEY (`tt_id`),
  KEY `tax_table_FKIndex1` (`tp_id`)
) ENGINE=MyISAM AUTO_INCREMENT=220 DEFAULT CHARSET=latin1 COLLATE=latin1_general_ci ROW_FORMAT=DYNAMIC;

/*Data for the table `tax_table` */

LOCK TABLES `tax_table` WRITE;

insert  into `tax_table`(`tt_id`,`tp_id`,`tt_pay_group`,`tt_maxamount`,`tt_minamount`,`tt_over_pct`,`tt_addwho`,`tt_addwhen`,`tt_updatewho`,`tt_updatewhen`,`tt_exemption`,`tt_taxamount`,`tt_other_benefits`,`tt_no_q_dependents`,`tt_head_family`,`tt_married_ind`,`tt_each_dependent`,`tt_num_dependents`,`tt_max_premium`) values (2,1,1,33,0,5,'jayadmin','2009-10-14 06:29:43','','0000-00-00 00:00:00','1','0.00',0,0,0,0,0,0,0),(3,1,1,99,33,10,'jayadmin','2009-10-14 06:33:59','','0000-00-00 00:00:00','1','1.65',0,0,0,0,0,0,0),(4,1,1,231,99,15,'jayadmin','2009-10-14 06:34:47','','0000-00-00 00:00:00','1','8.25',0,0,0,0,0,0,0),(5,1,1,462,231,20,'jayadmin','2009-10-14 06:35:27','','0000-00-00 00:00:00','1','28.05',0,0,0,0,0,0,0),(6,1,1,825,462,25,'jayadmin','2009-10-14 06:36:29','','0000-00-00 00:00:00','1','74.26',0,0,0,0,0,0,0),(7,1,1,1650,825,30,'jayadmin','2009-10-14 06:37:16','','0000-00-00 00:00:00','1','165.02',0,0,0,0,0,0,0),(8,1,1,165,1,0,'jayadmin','2009-10-14 06:38:29','','0000-00-00 00:00:00','3','0.00',0,0,0,0,0,0,0),(9,1,1,198,165,5,'jayadmin','2009-10-14 06:39:06','','0000-00-00 00:00:00','3','0.00',0,0,0,0,0,0,0),(10,1,1,264,198,10,'jayadmin','2009-10-14 06:40:02','','0000-00-00 00:00:00','3','1.65',0,0,0,0,0,0,0),(11,1,1,396,264,15,'jayadmin','2009-10-14 06:40:49','','0000-00-00 00:00:00','3','8.25',0,0,0,0,0,0,0),(12,1,3,2083,1,0,'jayadmin','0000-00-00 00:00:00','','0000-00-00 00:00:00','3','0.00',0,0,0,0,0,0,0),(13,1,3,2500,2083,5,'jayadmin','0000-00-00 00:00:00','','0000-00-00 00:00:00','3','0.00',0,0,0,0,0,0,0),(14,1,3,3333,2500,10,'jayadmin','0000-00-00 00:00:00','','0000-00-00 00:00:00','3','20.83',0,0,0,0,0,0,0),(15,1,3,5000,3333,15,'jayadmin','0000-00-00 00:00:00','','0000-00-00 00:00:00','3','104.17',0,0,0,0,0,0,0),(16,1,3,7917,5000,20,'jayadmin','0000-00-00 00:00:00','','0000-00-00 00:00:00','3','354.17',0,0,0,0,0,0,0),(17,1,3,12500,7917,25,'jayadmin','0000-00-00 00:00:00','','0000-00-00 00:00:00','3','937.50',0,0,0,0,0,0,0),(18,1,3,22917,12500,30,'jayadmin','0000-00-00 00:00:00','','0000-00-00 00:00:00','3','2083.33',0,0,0,0,0,0,0),(19,1,3,0,22917,32,'jayadmin','0000-00-00 00:00:00','','0000-00-00 00:00:00','3','5208.33',0,0,0,0,0,0,0),(20,1,3,0,1,0,'jayadmin','0000-00-00 00:00:00','','0000-00-00 00:00:00','1','0.00',0,0,0,0,0,0,0),(21,1,4,4167,1,0,'jayadmin','0000-00-00 00:00:00','','0000-00-00 00:00:00','3','0.00',0,0,0,0,0,0,0),(22,1,4,5000,4167,5,'jayadmin','0000-00-00 00:00:00','','0000-00-00 00:00:00','3','0.00',0,0,0,0,0,0,0),(23,1,4,6667,5000,10,'jayadmin','0000-00-00 00:00:00','','0000-00-00 00:00:00','3','41.67',0,0,0,0,0,0,0),(24,1,4,10000,6667,15,'jayadmin','0000-00-00 00:00:00','','0000-00-00 00:00:00','3','208.33',0,0,0,0,0,0,0),(25,1,4,15833,10000,20,'jayadmin','0000-00-00 00:00:00','','0000-00-00 00:00:00','3','708.33',0,0,0,0,0,0,0),(26,1,4,25000,15833,25,'jayadmin','0000-00-00 00:00:00','','0000-00-00 00:00:00','3','1875.00',0,0,0,0,0,0,0),(27,1,4,45833,25000,30,'jayadmin','0000-00-00 00:00:00','','0000-00-00 00:00:00','3','4166.67',0,0,0,0,0,0,0),(28,1,4,0,45833,32,'jayadmin','0000-00-00 00:00:00','','0000-00-00 00:00:00','3','10416.67',0,0,0,0,0,0,0),(29,1,4,6250,1,0,'jayadmin','0000-00-00 00:00:00','','0000-00-00 00:00:00','4','0.00',0,0,0,0,0,0,0),(30,1,4,7083,6250,5,'jayadmin','0000-00-00 00:00:00','','0000-00-00 00:00:00','4','0.00',0,0,0,0,0,0,0),(31,1,4,8750,7083,10,'jayadmin','0000-00-00 00:00:00','','0000-00-00 00:00:00','4','41.67',0,0,0,0,0,0,0),(32,1,4,12083,8750,15,'jayadmin','0000-00-00 00:00:00','','0000-00-00 00:00:00','4','208.33',0,0,0,0,0,0,0),(33,1,4,17917,12083,20,'jayadmin','0000-00-00 00:00:00','','0000-00-00 00:00:00','4','708.33',0,0,0,0,0,0,0),(34,1,4,27083,17917,25,'jayadmin','0000-00-00 00:00:00','','0000-00-00 00:00:00','4','1875.00',0,0,0,0,0,0,0),(35,1,4,47917,27083,30,'jayadmin','0000-00-00 00:00:00','','0000-00-00 00:00:00','4','4166.67',0,0,0,0,0,0,0),(36,1,4,0,47917,32,'jayadmin','0000-00-00 00:00:00','','0000-00-00 00:00:00','9','10416.67',0,0,0,0,0,0,0),(37,1,4,0,1,0,'jayadmin','0000-00-00 00:00:00','','0000-00-00 00:00:00','1','0.00',0,0,0,0,0,0,0),(38,1,4,833,0,5,'jayadmin','0000-00-00 00:00:00','','0000-00-00 00:00:00','1','0.00',0,0,0,0,0,0,0),(39,1,4,2500,833,10,'jayadmin','0000-00-00 00:00:00','','0000-00-00 00:00:00','1','41.67',0,0,0,0,0,0,0),(40,1,4,5833,2500,15,'jayadmin','0000-00-00 00:00:00','','0000-00-00 00:00:00','1','208.33',0,0,0,0,0,0,0),(41,1,4,11667,5833,20,'jayadmin','0000-00-00 00:00:00','','0000-00-00 00:00:00','1','708.33',0,0,0,0,0,0,0),(42,1,4,20833,11667,25,'jayadmin','0000-00-00 00:00:00','','0000-00-00 00:00:00','1','1875.00',0,0,0,0,0,0,0),(43,1,4,41667,20833,30,'jayadmin','0000-00-00 00:00:00','','0000-00-00 00:00:00','1','4166.67',0,0,0,0,0,0,0),(44,1,4,0,41667,32,'jayadmin','0000-00-00 00:00:00','','0000-00-00 00:00:00','1','10416.67',0,0,0,0,0,0,0),(45,1,3,417,0,5,'jayadmin','0000-00-00 00:00:00','','0000-00-00 00:00:00','1','0.00',0,0,0,0,0,0,0),(46,1,3,1250,417,10,'jayadmin','0000-00-00 00:00:00','','0000-00-00 00:00:00','1','20.83',0,0,0,0,0,0,0),(47,1,3,2917,1250,15,'jayadmin','0000-00-00 00:00:00','','0000-00-00 00:00:00','1','104.17',0,0,0,0,0,0,0),(48,1,3,5833,2917,20,'jayadmin','0000-00-00 00:00:00','','0000-00-00 00:00:00','1','354.17',0,0,0,0,0,0,0),(49,1,3,10417,5833,25,'jayadmin','0000-00-00 00:00:00','','0000-00-00 00:00:00','1','937.50',0,0,0,0,0,0,0),(50,1,3,20833,10417,30,'jayadmin','0000-00-00 00:00:00','','0000-00-00 00:00:00','1','2083.33',0,0,0,0,0,0,0),(51,1,3,0,20833,32,'jayadmin','0000-00-00 00:00:00','','0000-00-00 00:00:00','1','5208.33',0,0,0,0,0,0,0),(52,1,3,3125,1,0,'jayadmin','0000-00-00 00:00:00','','0000-00-00 00:00:00','4','0.00',0,0,0,0,0,0,0),(53,1,3,3542,3125,5,'jayadmin','0000-00-00 00:00:00','','0000-00-00 00:00:00','4','0.00',0,0,0,0,0,0,0),(54,1,3,4375,3542,10,'jayadmin','0000-00-00 00:00:00','','0000-00-00 00:00:00','4','20.83',0,0,0,0,0,0,0),(55,1,3,6042,4375,15,'jayadmin','0000-00-00 00:00:00','','0000-00-00 00:00:00','4','104.17',0,0,0,0,0,0,0),(56,1,3,8958,6042,20,'jayadmin','0000-00-00 00:00:00','','0000-00-00 00:00:00','4','354.17',0,0,0,0,0,0,0),(57,1,3,13542,8958,25,'jayadmin','0000-00-00 00:00:00','','0000-00-00 00:00:00','4','937.50',0,0,0,0,0,0,0),(58,1,3,23958,13542,30,'jayadmin','0000-00-00 00:00:00','','0000-00-00 00:00:00','4','2083.33',0,0,0,0,0,0,0),(59,1,3,0,23958,32,'jayadmin','0000-00-00 00:00:00','','0000-00-00 00:00:00','4','5208.33',0,0,0,0,0,0,0),(60,1,3,4167,1,0,'jayadmin','0000-00-00 00:00:00','','0000-00-00 00:00:00','5','0.00',0,0,0,0,0,0,0),(61,1,3,4583,4167,5,'jayadmin','0000-00-00 00:00:00','','0000-00-00 00:00:00','5','0.00',0,0,0,0,0,0,0),(62,1,3,5417,4583,10,'jayadmin','0000-00-00 00:00:00','','0000-00-00 00:00:00','5','20.83',0,0,0,0,0,0,0),(63,1,3,7083,5417,15,'jayadmin','0000-00-00 00:00:00','','0000-00-00 00:00:00','5','104.17',0,0,0,0,0,0,0),(64,1,3,10000,7083,20,'jayadmin','0000-00-00 00:00:00','','0000-00-00 00:00:00','5','354.17',0,0,0,0,0,0,0),(65,1,3,14583,10000,25,'jayadmin','0000-00-00 00:00:00','','0000-00-00 00:00:00','5','937.50',0,0,0,0,0,0,0),(66,1,3,25000,14583,30,'jayadmin','0000-00-00 00:00:00','','0000-00-00 00:00:00','5','2083.33',0,0,0,0,0,0,0),(67,1,3,0,25000,32,'jayadmin','0000-00-00 00:00:00','','0000-00-00 00:00:00','5','5208.33',0,0,0,0,0,0,0),(68,1,3,5208,1,0,'jayadmin','0000-00-00 00:00:00','','0000-00-00 00:00:00','6','0.00',0,0,0,0,0,0,0),(69,1,3,5625,5208,5,'jayadmin','0000-00-00 00:00:00','','0000-00-00 00:00:00','6','0.00',0,0,0,0,0,0,0),(70,1,3,6458,5625,10,'jayadmin','0000-00-00 00:00:00','','0000-00-00 00:00:00','6','20.83',0,0,0,0,0,0,0),(71,1,3,8125,6458,15,'jayadmin','0000-00-00 00:00:00','','0000-00-00 00:00:00','6','104.17',0,0,0,0,0,0,0),(72,1,3,11042,8125,20,'jayadmin','0000-00-00 00:00:00','','0000-00-00 00:00:00','6','354.17',0,0,0,0,0,0,0),(73,1,3,15625,11042,25,'jayadmin','0000-00-00 00:00:00','','0000-00-00 00:00:00','6','937.50',0,0,0,0,0,0,0),(74,1,3,26042,15625,30,'jayadmin','0000-00-00 00:00:00','','0000-00-00 00:00:00','6','2083.33',0,0,0,0,0,0,0),(75,1,3,0,26042,32,'jayadmin','0000-00-00 00:00:00','','0000-00-00 00:00:00','6','5208.33',0,0,0,0,0,0,0),(76,1,3,6250,1,0,'jayadmin','0000-00-00 00:00:00','','0000-00-00 00:00:00','7','0.00',0,0,0,0,0,0,0),(77,1,3,6667,6250,5,'jayadmin','0000-00-00 00:00:00','','0000-00-00 00:00:00','7','0.00',0,0,0,0,0,0,0),(78,1,3,7500,6667,10,'jayadmin','0000-00-00 00:00:00','','0000-00-00 00:00:00','7','20.83',0,0,0,0,0,0,0),(79,1,3,9167,7500,15,'jayadmin','0000-00-00 00:00:00','','0000-00-00 00:00:00','7','104.17',0,0,0,0,0,0,0),(80,1,3,12083,9167,20,'jayadmin','0000-00-00 00:00:00','','0000-00-00 00:00:00','7','354.17',0,0,0,0,0,0,0),(81,1,3,16667,12083,25,'jayadmin','0000-00-00 00:00:00','','0000-00-00 00:00:00','7','937.50',0,0,0,0,0,0,0),(82,1,3,27083,16667,30,'jayadmin','0000-00-00 00:00:00','','0000-00-00 00:00:00','7','2083.33',0,0,0,0,0,0,0),(83,1,3,0,27083,32,'jayadmin','0000-00-00 00:00:00','','0000-00-00 00:00:00','7','5208.33',0,0,0,0,0,0,0),(84,1,4,8333,1,0,'jayadmin','0000-00-00 00:00:00','','0000-00-00 00:00:00','5','0.00',0,0,0,0,0,0,0),(85,1,4,9167,8333,5,'jayadmin','0000-00-00 00:00:00','','0000-00-00 00:00:00','5','0.00',0,0,0,0,0,0,0),(86,1,4,10833,9167,10,'jayadmin','0000-00-00 00:00:00','','0000-00-00 00:00:00','5','41.67',0,0,0,0,0,0,0),(87,1,4,14167,10833,15,'jayadmin','0000-00-00 00:00:00','','0000-00-00 00:00:00','5','208.33',0,0,0,0,0,0,0),(88,1,4,20000,14167,20,'jayadmin','0000-00-00 00:00:00','','0000-00-00 00:00:00','5','708.33',0,0,0,0,0,0,0),(89,1,4,29167,20000,25,'jayadmin','0000-00-00 00:00:00','','0000-00-00 00:00:00','5','1875.00',0,0,0,0,0,0,0),(90,1,4,50000,29167,30,'jayadmin','0000-00-00 00:00:00','','0000-00-00 00:00:00','10','4166.67',0,0,0,0,0,0,0),(91,1,4,0,50000,32,'jayadmin','0000-00-00 00:00:00','','0000-00-00 00:00:00','10','10416.67',0,0,0,0,0,0,0),(92,1,4,10417,1,0,'jayadmin','0000-00-00 00:00:00','','0000-00-00 00:00:00','6','0.00',0,0,0,0,0,0,0),(93,1,4,11250,10417,5,'jayadmin','0000-00-00 00:00:00','','0000-00-00 00:00:00','6','0.00',0,0,0,0,0,0,0),(94,1,4,12917,11250,10,'jayadmin','0000-00-00 00:00:00','','0000-00-00 00:00:00','6','41.67',0,0,0,0,0,0,0),(95,1,4,16250,12917,15,'jayadmin','0000-00-00 00:00:00','','0000-00-00 00:00:00','6','208.33',0,0,0,0,0,0,0),(96,1,4,22083,16250,20,'jayadmin','0000-00-00 00:00:00','','0000-00-00 00:00:00','6','708.33',0,0,0,0,0,0,0),(97,1,4,31250,22083,25,'jayadmin','0000-00-00 00:00:00','','0000-00-00 00:00:00','6','1875.00',0,0,0,0,0,0,0),(98,1,4,52083,31250,30,'jayadmin','0000-00-00 00:00:00','','0000-00-00 00:00:00','6','4166.67',0,0,0,0,0,0,0),(99,1,4,0,52083,32,'jayadmin','0000-00-00 00:00:00','','0000-00-00 00:00:00','6','10416.67',0,0,0,0,0,0,0),(100,1,4,12500,1,0,'jayadmin','0000-00-00 00:00:00','','0000-00-00 00:00:00','7','0.00',0,0,0,0,0,0,0),(101,1,4,13333,12500,5,'jayadmin','0000-00-00 00:00:00','','0000-00-00 00:00:00','7','0.00',0,0,0,0,0,0,0),(102,1,4,15000,13333,10,'jayadmin','0000-00-00 00:00:00','','0000-00-00 00:00:00','7','41.67',0,0,0,0,0,0,0),(103,1,4,18333,15000,15,'jayadmin','0000-00-00 00:00:00','','0000-00-00 00:00:00','7','208.33',0,0,0,0,0,0,0),(104,1,4,24167,18333,20,'jayadmin','0000-00-00 00:00:00','','0000-00-00 00:00:00','7','708.33',0,0,0,0,0,0,0),(105,1,4,33333,24167,25,'jayadmin','0000-00-00 00:00:00','','0000-00-00 00:00:00','7','1875.00',0,0,0,0,0,0,0),(106,1,4,54167,33333,30,'jayadmin','0000-00-00 00:00:00','','0000-00-00 00:00:00','7','4166.67',0,0,0,0,0,0,0),(107,1,4,0,54167,32,'jayadmin','0000-00-00 00:00:00','','0000-00-00 00:00:00','7','10416.67',0,0,0,0,0,0,0),(108,1,2,0,1,0,'jayadmin','0000-00-00 00:00:00','','0000-00-00 00:00:00','1','0.00',0,0,0,0,0,0,0),(109,1,2,192,0,5,'jayadmin','0000-00-00 00:00:00','','0000-00-00 00:00:00','1','0.00',0,0,0,0,0,0,0),(110,1,2,577,192,10,'jayadmin','0000-00-00 00:00:00','','0000-00-00 00:00:00','1','9.62',0,0,0,0,0,0,0),(111,1,2,1346,577,15,'jayadmin','0000-00-00 00:00:00','','0000-00-00 00:00:00','1','48.08',0,0,0,0,0,0,0),(112,1,2,2692,1346,20,'jayadmin','0000-00-00 00:00:00','','0000-00-00 00:00:00','1','163.46',0,0,0,0,0,0,0),(113,1,2,4808,2692,25,'jayadmin','0000-00-00 00:00:00','','0000-00-00 00:00:00','1','432.69',0,0,0,0,0,0,0),(114,1,2,9615,4808,30,'jayadmin','0000-00-00 00:00:00','','0000-00-00 00:00:00','1','961.54',0,0,0,0,0,0,0),(115,1,2,0,9615,32,'jayadmin','0000-00-00 00:00:00','','0000-00-00 00:00:00','1','2403.85',0,0,0,0,0,0,0),(116,1,2,962,1,0,'jayadmin','0000-00-00 00:00:00','','0000-00-00 00:00:00','3','0.00',0,0,0,0,0,0,0),(117,1,2,1154,962,5,'jayadmin','0000-00-00 00:00:00','','0000-00-00 00:00:00','3','0.00',0,0,0,0,0,0,0),(118,1,2,1538,1154,10,'jayadmin','0000-00-00 00:00:00','','0000-00-00 00:00:00','3','9.62',0,0,0,0,0,0,0),(119,1,2,2308,1538,15,'jayadmin','0000-00-00 00:00:00','','0000-00-00 00:00:00','3','48.08',0,0,0,0,0,0,0),(120,1,2,3654,2308,20,'jayadmin','0000-00-00 00:00:00','','0000-00-00 00:00:00','3','163.46',0,0,0,0,0,0,0),(121,1,2,5769,3654,25,'jayadmin','0000-00-00 00:00:00','','0000-00-00 00:00:00','3','432.69',0,0,0,0,0,0,0),(122,1,2,10577,5769,30,'jayadmin','0000-00-00 00:00:00','','0000-00-00 00:00:00','3','961.54',0,0,0,0,0,0,0),(123,1,2,0,10577,32,'jayadmin','0000-00-00 00:00:00','','0000-00-00 00:00:00','3','2403.85',0,0,0,0,0,0,0),(124,1,2,1442,1,0,'jayadmin','0000-00-00 00:00:00','','0000-00-00 00:00:00','4','0.00',0,0,0,0,0,0,0),(125,1,2,1635,1442,5,'jayadmin','0000-00-00 00:00:00','','0000-00-00 00:00:00','4','0.00',0,0,0,0,0,0,0),(126,1,2,2019,1635,10,'jayadmin','0000-00-00 00:00:00','','0000-00-00 00:00:00','4','9.62',0,0,0,0,0,0,0),(127,1,2,2788,2019,15,'jayadmin','0000-00-00 00:00:00','','0000-00-00 00:00:00','4','48.08',0,0,0,0,0,0,0),(128,1,2,4135,2788,20,'jayadmin','0000-00-00 00:00:00','','0000-00-00 00:00:00','4','163.46',0,0,0,0,0,0,0),(129,1,2,6250,4135,25,'jayadmin','0000-00-00 00:00:00','','0000-00-00 00:00:00','4','432.69',0,0,0,0,0,0,0),(130,1,2,11058,6250,30,'jayadmin','0000-00-00 00:00:00','','0000-00-00 00:00:00','4','961.54',0,0,0,0,0,0,0),(131,1,2,0,11058,32,'jayadmin','0000-00-00 00:00:00','','0000-00-00 00:00:00','4','2403.85',0,0,0,0,0,0,0),(132,1,1,627,396,20,'admin','0000-00-00 00:00:00','','0000-00-00 00:00:00','3','28.05',0,0,0,0,0,0,0),(133,1,1,990,627,25,'admin','0000-00-00 00:00:00','','0000-00-00 00:00:00','3','74.26',0,0,0,0,0,0,0),(134,1,1,1815,990,30,'admin','0000-00-00 00:00:00','','0000-00-00 00:00:00','3','165.02',0,0,0,0,0,0,0),(135,1,1,0,1815,32,'admin','0000-00-00 00:00:00','','0000-00-00 00:00:00','3','412.54',0,0,0,0,0,0,0),(136,1,1,248,1,0,'admin','0000-00-00 00:00:00','','0000-00-00 00:00:00','4','0.00',0,0,0,0,0,0,0),(137,1,1,281,248,5,'admin','0000-00-00 00:00:00','','0000-00-00 00:00:00','4','0.00',0,0,0,0,0,0,0),(138,1,1,347,281,10,'admin','0000-00-00 00:00:00','','0000-00-00 00:00:00','4','1.65',0,0,0,0,0,0,0),(139,1,1,479,347,15,'admin','0000-00-00 00:00:00','','0000-00-00 00:00:00','4','8.25',0,0,0,0,0,0,0),(140,1,1,710,479,20,'admin','0000-00-00 00:00:00','','0000-00-00 00:00:00','4','28.05',0,0,0,0,0,0,0),(141,1,1,1073,710,25,'admin','0000-00-00 00:00:00','','0000-00-00 00:00:00','4','74.26',0,0,0,0,0,0,0),(142,1,1,1898,1073,30,'admin','0000-00-00 00:00:00','','0000-00-00 00:00:00','4','165.02',0,0,0,0,0,0,0),(143,1,1,0,1898,32,'admin','0000-00-00 00:00:00','','0000-00-00 00:00:00','4','412.54',0,0,0,0,0,0,0),(144,1,1,330,1,0,'admin','0000-00-00 00:00:00','','0000-00-00 00:00:00','5','0.00',0,0,0,0,0,0,0),(145,1,1,363,330,5,'admin','0000-00-00 00:00:00','','0000-00-00 00:00:00','5','0.00',0,0,0,0,0,0,0),(146,1,1,429,363,10,'admin','0000-00-00 00:00:00','','0000-00-00 00:00:00','5','1.65',0,0,0,0,0,0,0),(147,1,1,561,429,15,'admin','0000-00-00 00:00:00','','0000-00-00 00:00:00','5','8.25',0,0,0,0,0,0,0),(148,1,1,792,561,20,'admin','0000-00-00 00:00:00','','0000-00-00 00:00:00','5','28.05',0,0,0,0,0,0,0),(149,1,1,1155,792,25,'admin','0000-00-00 00:00:00','','0000-00-00 00:00:00','5','74.26',0,0,0,0,0,0,0),(150,1,1,1980,1155,30,'admin','0000-00-00 00:00:00','','0000-00-00 00:00:00','5','165.02',0,0,0,0,0,0,0),(151,1,1,0,1980,32,'admin','0000-00-00 00:00:00','','0000-00-00 00:00:00','5','412.54',0,0,0,0,0,0,0),(152,1,1,413,1,0,'admin','0000-00-00 00:00:00','','0000-00-00 00:00:00','6','0.00',0,0,0,0,0,0,0),(153,1,1,446,413,5,'admin','0000-00-00 00:00:00','','0000-00-00 00:00:00','6','0.00',0,0,0,0,0,0,0),(154,1,1,512,446,10,'admin','0000-00-00 00:00:00','','0000-00-00 00:00:00','6','1.65',0,0,0,0,0,0,0),(155,1,1,644,512,15,'admin','0000-00-00 00:00:00','','0000-00-00 00:00:00','6','8.25',0,0,0,0,0,0,0),(156,1,1,875,644,20,'admin','0000-00-00 00:00:00','','0000-00-00 00:00:00','6','28.05',0,0,0,0,0,0,0),(157,1,1,1238,875,25,'admin','0000-00-00 00:00:00','','0000-00-00 00:00:00','6','74.26',0,0,0,0,0,0,0),(158,1,1,2063,1238,30,'admin','0000-00-00 00:00:00','','0000-00-00 00:00:00','6','165.02',0,0,0,0,0,0,0),(159,1,1,0,2063,32,'admin','0000-00-00 00:00:00','','0000-00-00 00:00:00','6','412.54',0,0,0,0,0,0,0),(160,1,1,495,1,0,'admin','0000-00-00 00:00:00','','0000-00-00 00:00:00','7','0.00',0,0,0,0,0,0,0),(161,1,1,528,495,5,'admin','0000-00-00 00:00:00','','0000-00-00 00:00:00','7','0.00',0,0,0,0,0,0,0),(162,1,1,594,528,10,'admin','0000-00-00 00:00:00','','0000-00-00 00:00:00','7','1.65',0,0,0,0,0,0,0),(163,1,1,726,594,15,'admin','0000-00-00 00:00:00','','0000-00-00 00:00:00','7','8.25',0,0,0,0,0,0,0),(164,1,1,957,726,20,'admin','0000-00-00 00:00:00','','0000-00-00 00:00:00','7','28.05',0,0,0,0,0,0,0),(165,1,1,1320,957,25,'admin','0000-00-00 00:00:00','','0000-00-00 00:00:00','7','74.26',0,0,0,0,0,0,0),(166,1,1,2145,1320,30,'admin','0000-00-00 00:00:00','','0000-00-00 00:00:00','7','165.02',0,0,0,0,0,0,0),(167,1,1,0,2145,32,'admin','0000-00-00 00:00:00','','0000-00-00 00:00:00','7','412.54',0,0,0,0,0,0,0),(168,1,2,1923,1,0,'admin','0000-00-00 00:00:00','','0000-00-00 00:00:00','5','0.00',0,0,0,0,0,0,0),(169,1,2,2115,1923,5,'admin','0000-00-00 00:00:00','','0000-00-00 00:00:00','5','0.00',0,0,0,0,0,0,0),(170,1,2,2500,2115,10,'admin','0000-00-00 00:00:00','','0000-00-00 00:00:00','5','9.62',0,0,0,0,0,0,0),(171,1,2,3269,2500,15,'admin','0000-00-00 00:00:00','','0000-00-00 00:00:00','5','48.08',0,0,0,0,0,0,0),(172,1,2,4615,3269,20,'admin','0000-00-00 00:00:00','','0000-00-00 00:00:00','5','163.46',0,0,0,0,0,0,0),(173,1,2,6731,4615,25,'admin','0000-00-00 00:00:00','','0000-00-00 00:00:00','5','432.69',0,0,0,0,0,0,0),(174,1,2,11538,6731,30,'admin','0000-00-00 00:00:00','','0000-00-00 00:00:00','5','961.54',0,0,0,0,0,0,0),(175,1,2,0,11538,32,'admin','0000-00-00 00:00:00','','0000-00-00 00:00:00','5','2403.85',0,0,0,0,0,0,0),(176,1,2,2404,1,0,'admin','0000-00-00 00:00:00','','0000-00-00 00:00:00','6','0.00',0,0,0,0,0,0,0),(177,1,2,2596,2404,5,'admin','0000-00-00 00:00:00','','0000-00-00 00:00:00','6','0.00',0,0,0,0,0,0,0),(178,1,2,2981,2596,10,'admin','0000-00-00 00:00:00','','0000-00-00 00:00:00','6','9.62',0,0,0,0,0,0,0),(179,1,2,3750,2981,15,'admin','0000-00-00 00:00:00','','0000-00-00 00:00:00','6','48.08',0,0,0,0,0,0,0),(180,1,2,5096,3750,20,'admin','0000-00-00 00:00:00','','0000-00-00 00:00:00','6','163.46',0,0,0,0,0,0,0),(181,1,2,7212,5096,25,'admin','0000-00-00 00:00:00','','0000-00-00 00:00:00','6','432.69',0,0,0,0,0,0,0),(182,1,2,12019,7212,30,'admin','0000-00-00 00:00:00','','0000-00-00 00:00:00','6','961.54',0,0,0,0,0,0,0),(183,1,2,0,12019,32,'admin','0000-00-00 00:00:00','','0000-00-00 00:00:00','6','2403.85',0,0,0,0,0,0,0),(184,1,2,2885,1,0,'admin','0000-00-00 00:00:00','','0000-00-00 00:00:00','7','0.00',0,0,0,0,0,0,0),(185,1,2,3077,2885,5,'admin','0000-00-00 00:00:00','','0000-00-00 00:00:00','7','0.00',0,0,0,0,0,0,0),(186,1,2,3462,3077,10,'admin','0000-00-00 00:00:00','','0000-00-00 00:00:00','7','9.62',0,0,0,0,0,0,0),(187,1,2,4231,3462,15,'admin','0000-00-00 00:00:00','','0000-00-00 00:00:00','7','48.08',0,0,0,0,0,0,0),(188,1,2,5577,4231,20,'admin','0000-00-00 00:00:00','','0000-00-00 00:00:00','7','163.46',0,0,0,0,0,0,0),(189,1,2,7692,5577,25,'admin','0000-00-00 00:00:00','','0000-00-00 00:00:00','7','432.69',0,0,0,0,0,0,0),(190,1,2,12500,7692,30,'admin','0000-00-00 00:00:00','','0000-00-00 00:00:00','7','961.54',0,0,0,0,0,0,0),(191,1,2,0,12500,32,'admin','0000-00-00 00:00:00','','0000-00-00 00:00:00','7','2403.85',0,0,0,0,0,0,0),(192,1,4,0,47917,32,'admin','0000-00-00 00:00:00','','0000-00-00 00:00:00','4','10416.67',0,0,0,0,0,0,0),(193,1,4,50000,29167,30,'admin','0000-00-00 00:00:00','','0000-00-00 00:00:00','5','4166.67',0,0,0,0,0,0,0),(194,1,4,0,50000,32,'admin','0000-00-00 00:00:00','','0000-00-00 00:00:00','5','10416.67',0,0,0,0,0,0,0),(197,1,1,0,1,0,'admin','0000-00-00 00:00:00','','0000-00-00 00:00:00','1','0.00',0,0,0,0,0,0,0),(199,1,1,0,1650,32,'admin','0000-00-00 00:00:00','','0000-00-00 00:00:00','1','412.54',0,0,0,0,0,0,0),(200,1,5,10000,0,5,'admin','2012-03-26 08:20:08','','0000-00-00 00:00:00','1','0.00',30000,50000,50000,50000,25000,4,2400),(201,1,5,30000,10000,10,'admin','2012-03-26 08:21:12','','0000-00-00 00:00:00','1','500.00',30000,50000,50000,50000,25000,4,2400),(202,1,5,70000,30000,15,'admin','2012-03-26 08:21:49','','0000-00-00 00:00:00','1','2500.00',30000,50000,50000,50000,25000,4,2400),(203,1,5,140000,70000,20,'admin','2012-03-26 08:22:27','','0000-00-00 00:00:00','1','8500.00',30000,50000,50000,50000,25000,4,2400),(204,1,5,250000,140000,25,'admin','2012-03-26 08:23:12','','0000-00-00 00:00:00','1','22500.00',30000,50000,50000,50000,25000,4,2400),(205,1,5,500000,250000,30,'admin','2012-03-26 08:23:53','','0000-00-00 00:00:00','1','50000.00',30000,50000,50000,50000,25000,4,2400),(206,1,5,0,500000,32,'admin','2012-03-26 08:24:37','','0000-00-00 00:00:00','1','125000.00',30000,50000,50000,50000,25000,4,2400),(207,1,6,0,0,32,'admin','2012-03-27 05:30:56',NULL,NULL,'1','0.00',0,0,0,0,0,0,0),(208,1,6,0,45833,32,NULL,'2012-05-03 09:03:01',NULL,NULL,'3','10416.67',0,0,0,0,0,0,0),(209,1,6,45833,25000,30,NULL,'2012-05-03 09:04:19',NULL,NULL,'3','4166.67',0,0,0,0,0,0,0),(210,1,6,25000,15833,25,NULL,'2012-05-03 09:05:18',NULL,NULL,'3','1875.00',0,0,0,0,0,0,0),(211,1,6,0,47917,32,NULL,'2012-05-03 09:08:38',NULL,NULL,'4','10416.67',0,0,0,0,0,0,0),(212,1,6,47917,27083,30,NULL,'2012-05-03 09:09:20',NULL,NULL,'4','4166.67',0,0,0,0,0,0,0),(213,1,6,27083,17917,25,NULL,'2012-05-03 09:10:03',NULL,NULL,'4','1875.00',0,0,0,0,0,0,0),(214,1,6,17917,12083,20,NULL,'2012-05-03 09:11:41',NULL,NULL,'4','708.33',0,0,0,0,0,0,0),(215,1,6,15833,10000,20,NULL,'2012-05-03 14:19:15',NULL,NULL,'3','708.33',0,0,0,0,0,0,0),(216,1,6,10000,6667,15,NULL,'2012-05-03 14:19:48',NULL,NULL,'3','208.33',0,0,0,0,0,0,0),(217,1,6,6667,5000,10,NULL,'2012-05-03 14:20:27',NULL,NULL,'3','41.67',0,0,0,0,0,0,0),(218,1,6,5000,4167,5,NULL,'2012-05-03 14:21:05',NULL,NULL,'3','0.00',0,0,0,0,0,0,0),(219,1,6,4167,0,0,NULL,'2012-05-03 14:21:34',NULL,NULL,'3','0.00',0,0,0,0,0,0,0);

UNLOCK TABLES;

/*Table structure for table `tks_uploadta_details` */

DROP TABLE IF EXISTS `tks_uploadta_details`;

CREATE TABLE `tks_uploadta_details` (
  `uptadet_id` int(10) unsigned NOT NULL AUTO_INCREMENT,
  `emp_id` int(10) unsigned NOT NULL,
  `uptahead_id` int(10) unsigned NOT NULL,
  `uptadet_isgood` tinyint(1) DEFAULT NULL,
  `uptadet_status` varchar(24) COLLATE latin1_general_ci DEFAULT NULL,
  `uptadet_empnum` varchar(20) COLLATE latin1_general_ci DEFAULT NULL,
  `uptadet_empname` varchar(200) COLLATE latin1_general_ci DEFAULT NULL,
  `uptadet_desc` varchar(225) COLLATE latin1_general_ci DEFAULT NULL,
  PRIMARY KEY (`uptadet_id`)
) ENGINE=MyISAM AUTO_INCREMENT=29 DEFAULT CHARSET=latin1 COLLATE=latin1_general_ci ROW_FORMAT=DYNAMIC;

/*Data for the table `tks_uploadta_details` */

LOCK TABLES `tks_uploadta_details` WRITE;

insert  into `tks_uploadta_details`(`uptadet_id`,`emp_id`,`uptahead_id`,`uptadet_isgood`,`uptadet_status`,`uptadet_empnum`,`uptadet_empname`,`uptadet_desc`) values (1,6,4,1,'new','2011-201','Amorillo, Cris Julius Fajardo',''),(2,5,4,1,'new','2002-001','Ayap, Marc Jason Soriano',''),(3,7,4,1,'new','2011-188','Bajamundi, Cecilia ',''),(4,2,4,1,'new','2009-075','Bautista, Rina Lenore Sarabia',''),(5,9,4,1,'new','2011-195','Belo, Emajelyn Raro',''),(6,8,4,1,'new','2011-182','Castillo, Bryan Anthony Buendia',''),(7,1,4,1,'new','2011-191','Castro, Christine Rose Dolores',''),(8,10,4,1,'new','2011-180','Cortes, Climaco III ',''),(9,11,4,1,'new','2012-001','Cortes, Climaco III ',''),(10,6,5,1,'new','2011-201','Amorillo, Cris Julius Fajardo',''),(11,5,5,1,'new','2002-001','Ayap, Marc Jason Soriano',''),(12,7,5,1,'new','2011-188','Bajamundi, Cecilia ',''),(13,2,5,1,'new','2009-075','Bautista, Rina Lenore Sarabia',''),(14,9,5,1,'new','2011-195','Belo, Emajelyn Raro',''),(15,8,5,1,'new','2011-182','Castillo, Bryan Anthony Buendia',''),(16,1,5,1,'new','2011-191','Castro, Christine Rose Dolores',''),(17,10,5,1,'new','2011-180','Cortes, Climaco III ',''),(18,11,5,1,'new','2012-001','Cortes, Climaco III ',''),(19,6,6,1,'new','2011-201','Amorillo, Cris Julius Fajardo',''),(20,5,6,1,'new','2002-001','Ayap, Marc Jason Soriano',''),(21,7,6,1,'new','2011-188','Bajamundi, Cecilia ',''),(22,2,6,1,'new','2009-075','Bautista, Rina Lenore Sarabia',''),(23,9,6,1,'new','2011-195','Belo, Emajelyn Raro',''),(24,8,6,1,'new','2011-182','Castillo, Bryan Anthony Buendia',''),(25,1,6,1,'new','2011-191','Castro, Christine Rose Dolores',''),(26,10,6,1,'new','2011-180','Cortes, Climaco III ',''),(27,11,6,1,'new','2012-001','Cortes, Climaco III ',''),(28,12,6,1,'new','2012-002','Cortes, Climaco III ','');

UNLOCK TABLES;

/*Table structure for table `tks_uploadta_header` */

DROP TABLE IF EXISTS `tks_uploadta_header`;

CREATE TABLE `tks_uploadta_header` (
  `uptahead_id` int(10) unsigned NOT NULL AUTO_INCREMENT,
  `uptahead_desc` varchar(128) COLLATE latin1_general_ci DEFAULT NULL,
  `uptahead_status` varchar(24) COLLATE latin1_general_ci DEFAULT NULL,
  `uptahead_goodqty` mediumint(8) unsigned DEFAULT NULL,
  `uptahead_badqty` mediumint(8) unsigned DEFAULT NULL,
  `uptahead_addwho` varchar(50) COLLATE latin1_general_ci DEFAULT NULL,
  `uptahead_addwhen` timestamp NULL DEFAULT CURRENT_TIMESTAMP,
  `uptahead_updatewho` varchar(50) COLLATE latin1_general_ci DEFAULT NULL,
  `uptahead_updatewhen` datetime DEFAULT NULL,
  `payperiod_id` int(11) unsigned NOT NULL,
  PRIMARY KEY (`uptahead_id`)
) ENGINE=MyISAM AUTO_INCREMENT=7 DEFAULT CHARSET=latin1 COLLATE=latin1_general_ci;

/*Data for the table `tks_uploadta_header` */

LOCK TABLES `tks_uploadta_header` WRITE;

insert  into `tks_uploadta_header`(`uptahead_id`,`uptahead_desc`,`uptahead_status`,`uptahead_goodqty`,`uptahead_badqty`,`uptahead_addwho`,`uptahead_addwhen`,`uptahead_updatewho`,`uptahead_updatewhen`,`payperiod_id`) values (2,'Jan First Payroll','new',8,0,'jimabignay','2012-05-21 11:30:38',NULL,NULL,1),(4,'Jan 2nd cutoff','new',9,0,'jimabignay','2012-05-21 12:06:47',NULL,NULL,2),(5,'Feb First Cutoff','new',9,0,'jimabignay','2012-05-21 15:02:29',NULL,NULL,3),(6,'Feb 2nd Cutoff','new',10,0,'jimabignay','2012-05-21 15:08:52',NULL,NULL,5);

UNLOCK TABLES;

/*Table structure for table `z_temp` */

DROP TABLE IF EXISTS `z_temp`;

CREATE TABLE `z_temp` (
  `psa_id` int(10) unsigned NOT NULL,
  `emp_id` int(10) unsigned NOT NULL,
  `amt` float DEFAULT NULL
) ENGINE=InnoDB DEFAULT CHARSET=latin1;

/*Data for the table `z_temp` */

LOCK TABLES `z_temp` WRITE;

insert  into `z_temp`(`psa_id`,`emp_id`,`amt`) values (52,6,0),(36,6,0),(54,6,0),(56,6,0),(57,6,0),(43,6,-0.1),(58,6,0),(45,6,0),(47,6,50),(41,6,0),(24,6,0),(49,6,0),(19,6,0),(42,6,0),(40,6,0),(50,6,3652.23),(53,6,2000),(37,6,0),(8,6,6514.45),(7,6,1933.3),(14,6,712.5),(15,6,400),(51,6,0),(55,6,0),(9,6,0),(13,6,0),(11,6,0),(52,63,0),(36,63,0),(54,63,0),(56,63,0),(57,63,0),(43,63,0),(58,63,0),(45,63,0),(47,63,0),(41,63,0),(24,63,0),(49,63,0),(19,63,0),(42,63,0),(40,63,0),(50,63,0),(53,63,0),(37,63,0),(8,63,0),(7,63,116.7),(14,63,50),(15,63,50),(51,63,0),(55,63,0),(9,63,0),(13,63,0),(11,63,0),(52,7,0),(36,7,0),(54,7,0),(56,7,0),(57,7,16.7),(43,7,33.3),(58,7,0),(45,7,0),(47,7,50),(41,7,0),(24,7,0),(49,7,0),(19,7,0),(42,7,0),(40,7,0),(50,7,4227.04),(53,7,6000),(37,7,0),(8,7,6092.62),(7,7,2016.7),(14,7,825),(15,7,400),(51,7,350.56),(55,7,0),(9,7,2100),(13,7,0),(11,7,0),(52,8,0),(36,8,0),(54,8,0),(56,8,0),(57,8,0),(43,8,500),(58,8,0),(45,8,12.5),(47,8,50),(41,8,0),(24,8,0),(49,8,0),(19,8,0),(42,8,3452.05),(40,8,0),(50,8,5524.52),(53,8,0),(37,8,0),(8,8,23285.4),(7,8,2000),(14,8,1437.5),(15,8,400),(51,8,0),(55,8,0),(9,8,4200),(13,8,0),(11,8,0),(52,57,0),(36,57,0),(54,57,2500),(56,57,8540.33),(57,57,0),(43,57,0),(58,57,0),(45,57,0),(47,57,0),(41,57,0),(24,57,0),(49,57,0),(19,57,0),(42,57,0),(40,57,0),(50,57,0),(53,57,0),(37,57,8540.33),(8,57,43750),(7,57,0),(14,57,0),(15,57,0),(51,57,0),(55,57,0),(9,57,0),(13,57,0),(11,57,0),(52,9,0),(36,9,4500),(54,9,1500),(56,9,0),(57,9,0),(43,9,500),(58,9,0),(45,9,237.5),(47,9,50),(41,9,0),(24,9,0),(49,9,0),(19,9,0),(42,9,0),(40,9,0),(50,9,12724.9),(53,9,6000),(37,9,0),(8,9,40843.4),(7,9,2000),(14,9,1500),(15,9,400),(51,9,0),(55,9,5290.62),(9,9,0),(13,9,0),(11,9,0),(52,59,0),(36,59,0),(54,59,0),(56,59,0),(57,59,0),(43,59,0),(58,59,0),(45,59,0),(47,59,0),(41,59,0),(24,59,0),(49,59,0),(19,59,0),(42,59,0),(40,59,0),(50,59,0),(53,59,0),(37,59,0),(8,59,35666.7),(7,59,0),(14,59,0),(15,59,0),(51,59,0),(55,59,8232),(9,59,0),(13,59,0),(11,59,0),(52,1,0),(36,1,0),(54,1,0),(56,1,0),(57,1,0),(43,1,500),(58,1,37.5),(45,1,50),(47,1,50),(41,1,0),(24,1,0),(49,1,0),(19,1,0),(42,1,10096.2),(40,1,4602.74),(50,1,4400.56),(53,1,20000),(37,1,0),(8,1,39030.5),(7,1,2000),(14,1,1537.5),(15,1,400),(51,1,0),(55,1,0),(9,1,4200),(13,1,3247.9),(11,1,0),(52,4,0),(36,4,0),(54,4,0),(56,4,0),(57,4,0),(43,4,0),(58,4,0),(45,4,-12.5),(47,4,50),(41,4,0),(24,4,0),(49,4,0),(19,4,0),(42,4,6696.3),(40,4,956.61),(50,4,0),(53,4,1564.02),(37,4,0),(8,4,6098.73),(7,4,1366.7),(14,4,500),(15,4,300),(51,4,769.53),(55,4,0),(9,4,1378.14),(13,4,0),(11,4,0),(52,2,0),(36,2,0),(54,2,0),(56,2,0),(57,2,0),(43,2,-0.1),(58,2,0),(45,2,0),(47,2,50),(41,2,0),(24,2,0),(49,2,0),(19,2,0),(42,2,6544.8),(40,2,1308.96),(50,2,0),(53,2,1613.18),(37,2,0),(8,2,0),(7,2,1699.9),(14,2,600),(15,2,400),(51,2,0),(55,2,0),(9,2,2012.48),(13,2,646.56),(11,2,0),(52,55,0),(36,55,0),(54,55,0),(56,55,0),(57,55,150),(43,55,0),(58,55,0),(45,55,0),(47,55,0),(41,55,0),(24,55,0),(49,55,0),(19,55,653.66),(42,55,0),(40,55,756.16),(50,55,0),(53,55,0),(37,55,0),(8,55,11221.1),(7,55,1900),(14,55,925.5),(15,55,350),(51,55,0),(55,55,0),(9,55,0),(13,55,0),(11,55,0),(52,58,0),(36,58,0),(54,58,0),(56,58,0),(57,58,0),(43,58,0),(58,58,0),(45,58,0),(47,58,0),(41,58,0),(24,58,0),(49,58,0),(19,58,0),(42,58,0),(40,58,0),(50,58,0),(53,58,0),(37,58,0),(8,58,0),(7,58,700),(14,58,250),(15,58,200),(51,58,0),(55,58,0),(9,58,0),(13,58,0),(11,58,0),(52,62,0),(36,62,0),(54,62,0),(56,62,0),(57,62,0),(43,62,0),(58,62,0),(45,62,0),(47,62,0),(41,62,0),(24,62,0),(49,62,0),(19,62,0),(42,62,0),(40,62,0),(50,62,0),(53,62,0),(37,62,0),(8,62,0),(7,62,450),(14,62,187.5),(15,62,150),(51,62,0),(55,62,0),(9,62,0),(13,62,0),(11,62,0),(52,51,0),(36,51,0),(54,51,0),(56,51,0),(57,51,0),(43,51,0),(58,51,0),(45,51,-12.5),(47,51,50),(41,51,0),(24,51,0),(49,51,0),(19,51,0),(42,51,0),(40,51,808),(50,51,0),(53,51,0),(37,51,0),(8,51,0),(7,51,1399.9),(14,51,500),(15,51,350),(51,51,0),(55,51,0),(9,51,0),(13,51,0),(11,51,0),(52,5,0),(36,5,0),(54,5,0),(56,5,0),(57,5,0),(43,5,500),(58,5,0),(45,5,375),(47,5,50),(41,5,0),(24,5,0),(49,5,0),(19,5,1688.23),(42,5,31677.4),(40,5,0),(50,5,4276.08),(53,5,8960.39),(37,5,0),(8,5,78640.4),(7,5,2000),(14,5,1500),(15,5,400),(51,5,4276.08),(55,5,0),(9,5,0),(13,5,0),(11,5,0),(52,49,0),(36,49,0),(54,49,0),(56,49,0),(57,49,0),(43,49,-0.1),(58,49,0),(45,49,12.5),(47,49,50),(41,49,0),(24,49,0),(49,49,0),(19,49,0),(42,49,0),(40,49,460.27),(50,49,21.62),(53,49,0),(37,49,0),(8,49,961.92),(7,49,383.3),(14,49,137.5),(15,49,100),(51,49,0),(55,49,0),(9,49,0),(13,49,0),(11,49,0),(52,18,0),(36,18,0),(54,18,0),(56,18,0),(57,18,0),(43,18,-16.7),(58,18,0),(45,18,0),(47,18,50),(41,18,0),(24,18,0),(49,18,0),(19,18,0),(42,18,4413.1),(40,18,2175.93),(50,18,0),(53,18,1483.44),(37,18,0),(8,18,0),(7,18,1666.7),(14,18,600),(15,18,400),(51,18,0),(55,18,0),(9,18,0),(13,18,0),(11,18,0),(52,53,0),(36,53,0),(54,53,0),(56,53,0),(57,53,0),(43,53,0),(58,53,0),(45,53,0),(47,53,0),(41,53,0),(24,53,0),(49,53,0),(19,53,282),(42,53,0),(40,53,0),(50,53,0),(53,53,0),(37,53,0),(8,53,4338.96),(7,53,1650.1),(14,53,562.5),(15,53,400),(51,53,0),(55,53,0),(9,53,0),(13,53,0),(11,53,0),(52,50,0),(36,50,0),(54,50,0),(56,50,0),(57,50,0),(43,50,0),(58,50,0),(45,50,0),(47,50,0),(41,50,252.5),(24,50,0),(49,50,0),(19,50,0),(42,50,0),(40,50,808),(50,50,0),(53,50,0),(37,50,0),(8,50,0),(7,50,1550),(14,50,550),(15,50,400),(51,50,0),(55,50,0),(9,50,0),(13,50,0),(11,50,0),(52,19,0),(36,19,0),(54,19,0),(56,19,0),(57,19,0),(43,19,0),(58,19,0),(45,19,-12.5),(47,19,50),(41,19,0),(24,19,0),(49,19,0),(19,19,0),(42,19,5679.8),(40,19,880.38),(50,19,0),(53,19,1143.51),(37,19,0),(8,19,0),(7,19,1700),(14,19,600),(15,19,400),(51,19,0),(55,19,0),(9,19,4200),(13,19,2430.08),(11,19,0),(52,20,97500),(36,20,0),(54,20,0),(56,20,0),(57,20,0),(43,20,0),(58,20,0),(45,20,0),(47,20,0),(41,20,0),(24,20,0),(49,20,0),(19,20,0),(42,20,0),(40,20,0),(50,20,0),(53,20,0),(37,20,0),(8,20,51618.1),(7,20,2000),(14,20,1500),(15,20,350),(51,20,0),(55,20,0),(9,20,3675),(13,20,3307.71),(11,20,0),(52,21,0),(36,21,0),(54,21,0),(56,21,0),(57,21,0),(43,21,0),(58,21,0),(45,21,-12.5),(47,21,50),(41,21,275.82),(24,21,0),(49,21,0),(19,21,0),(42,21,6399),(40,21,1323.93),(50,21,0),(53,21,1483.44),(37,21,0),(8,21,0),(7,21,1699.9),(14,21,625),(15,21,400),(51,21,0),(55,21,0),(9,21,0),(13,21,1372.64),(11,21,0),(52,22,0),(36,22,0),(54,22,0),(56,22,0),(57,22,0),(43,22,-16.6),(58,22,0),(45,22,0),(47,22,50),(41,22,0),(24,22,0),(49,22,0),(19,22,0),(42,22,0),(40,22,1234),(50,22,0),(53,22,3763),(37,22,0),(8,22,0),(7,22,1699.9),(14,22,612.5),(15,22,400),(51,22,0),(55,22,0),(9,22,689.07),(13,22,0),(11,22,0),(52,23,0),(36,23,0),(54,23,0),(56,23,0),(57,23,0),(43,23,0),(58,23,0),(45,23,-12.5),(47,23,50),(41,23,0),(24,23,0),(49,23,0),(19,23,0),(42,23,5295.72),(40,23,441.31),(50,23,0),(53,23,1483.44),(37,23,0),(8,23,0),(7,23,1650),(14,23,587.5),(15,23,400),(51,23,0),(55,23,0),(9,23,1837.44),(13,23,646.56),(11,23,0),(52,24,0),(36,24,0),(54,24,0),(56,24,0),(57,24,0),(43,24,0),(58,24,0),(45,24,-12.5),(47,24,50),(41,24,207.08),(24,24,0),(49,24,0),(19,24,0),(42,24,4363.2),(40,24,872.64),(50,24,0),(53,24,1613.18),(37,24,0),(8,24,0),(7,24,1683.3),(14,24,612.5),(15,24,400),(51,24,0),(55,24,0),(9,24,2012.48),(13,24,930.4),(11,24,0),(52,25,0),(36,25,0),(54,25,0),(56,25,0),(57,25,0),(43,25,-16.7),(58,25,0),(45,25,0),(47,25,50),(41,25,0),(24,25,0),(49,25,0),(19,25,0),(42,25,0),(40,25,404),(50,25,0),(53,25,0),(37,25,0),(8,25,0),(7,25,416.7),(14,25,237.5),(15,25,200),(51,25,0),(55,25,0),(9,25,0),(13,25,0),(11,25,0),(52,26,0),(36,26,0),(54,26,0),(56,26,0),(57,26,33.3),(43,26,33.3),(58,26,0),(45,26,-12.5),(47,26,50),(41,26,0),(24,26,0),(49,26,0),(19,26,0),(42,26,6559.63),(40,26,2056.16),(50,26,108.21),(53,26,1150),(37,26,0),(8,26,6034.83),(7,26,2033.3),(14,26,787.5),(15,26,400),(51,26,0),(55,26,0),(9,26,4200),(13,26,6383.44),(11,26,0),(52,27,0),(36,27,0),(54,27,0),(56,27,0),(57,27,0),(43,27,0),(58,27,0),(45,27,-12.5),(47,27,50),(41,27,0),(24,27,0),(49,27,0),(19,27,0),(42,27,6178.34),(40,27,441.31),(50,27,0),(53,27,1483.44),(37,27,0),(8,27,0),(7,27,1650),(14,27,612.5),(15,27,400),(51,27,0),(55,27,0),(9,27,1837.51),(13,27,0),(11,27,0),(52,28,0),(36,28,0),(54,28,0),(56,28,0),(57,28,16.7),(43,28,0),(58,28,0),(45,28,-12.5),(47,28,50),(41,28,0),(24,28,0),(49,28,0),(19,28,0),(42,28,6483.47),(40,28,0),(50,28,5491.66),(53,28,1625),(37,28,0),(8,28,4641.64),(7,28,1983.4),(14,28,725),(15,28,400),(51,28,0),(55,28,0),(9,28,4774.56),(13,28,2924.8),(11,28,0),(52,29,0),(36,29,0),(54,29,0),(56,29,0),(57,29,0),(43,29,0),(58,29,0),(45,29,-12.5),(47,29,50),(41,29,0),(24,29,0),(49,29,0),(19,29,0),(42,29,2329.41),(40,29,465.88),(50,29,0),(53,29,1800),(37,29,0),(8,29,4318.27),(7,29,1133.4),(14,29,425),(15,29,250),(51,29,838.41),(55,29,0),(9,29,1257.8),(13,29,890.9),(11,29,0),(52,30,0),(36,30,0),(54,30,0),(56,30,0),(57,30,33.3),(43,30,16.7),(58,30,0),(45,30,0),(47,30,50),(41,30,0),(24,30,0),(49,30,0),(19,30,562.75),(42,30,6190.25),(40,30,2688.8),(50,30,0),(53,30,585.26),(37,30,0),(8,30,8879.52),(7,30,2016.6),(14,30,737.5),(15,30,400),(51,30,434.68),(55,30,0),(9,30,1148.64),(13,30,1197.96),(11,30,0),(52,31,0),(36,31,0),(54,31,0),(56,31,0),(57,31,16.7),(43,31,0),(58,31,0),(45,31,0),(47,31,50),(41,31,138.97),(24,31,0),(49,31,0),(19,31,0),(42,31,4502),(40,31,1688.25),(50,31,3667.6),(53,31,585.26),(37,31,0),(8,31,5784.91),(7,31,1950),(14,31,687.5),(15,31,400),(51,31,0),(55,31,0),(9,31,1837.52),(13,31,1236.56),(11,31,0),(52,32,0),(36,32,0),(54,32,0),(56,32,0),(57,32,0),(43,32,-16.7),(58,32,0),(45,32,-12.5),(47,32,50),(41,32,0),(24,32,0),(49,32,0),(19,32,0),(42,32,5737.03),(40,32,867.31),(50,32,0),(53,32,1483.44),(37,32,0),(8,32,0),(7,32,1683.3),(14,32,600),(15,32,400),(51,32,0),(55,32,0),(9,32,1750),(13,32,0),(11,32,0),(52,10,0),(36,10,0),(54,10,0),(56,10,0),(57,10,16.7),(43,10,66.6),(58,10,0),(45,10,0),(47,10,50),(41,10,0),(24,10,23298),(49,10,0),(19,10,0),(42,10,1956.16),(40,10,5745.53),(50,10,9420.17),(53,10,4760),(37,10,0),(8,10,14101.3),(7,10,2016.7),(14,10,850),(15,10,400),(51,10,0),(55,10,0),(9,10,4200),(13,10,0),(11,10,0),(52,52,0),(36,52,0),(54,52,0),(56,52,0),(57,52,0),(43,52,0),(58,52,0),(45,52,0),(47,52,0),(41,52,0),(24,52,0),(49,52,0),(19,52,0),(42,52,0),(40,52,427.4),(50,52,0),(53,52,0),(37,52,0),(8,52,4535.12),(7,52,1683.3),(14,52,612.5),(15,52,400),(51,52,0),(55,52,0),(9,52,0),(13,52,0),(11,52,0),(52,11,0),(36,11,0),(54,11,0),(56,11,0),(57,11,33.3),(43,11,316.7),(58,11,0),(45,11,0),(47,11,50),(41,11,0),(24,11,0),(49,11,1150),(19,11,0),(42,11,10302.7),(40,11,824.22),(50,11,0),(53,11,2005.6),(37,11,0),(8,11,18821.3),(7,11,2033.3),(14,11,1287.5),(15,11,400),(51,11,2707.52),(55,11,0),(9,11,0),(13,11,0),(11,11,0),(52,12,0),(36,12,0),(54,12,0),(56,12,0),(57,12,0),(43,12,133.4),(58,12,0),(45,12,-12.5),(47,12,50),(41,12,0),(24,12,21722),(49,12,0),(19,12,0),(42,12,8385.53),(40,12,2580.16),(50,12,0),(53,12,1373.4),(37,12,0),(8,12,17870.2),(7,12,1966.7),(14,12,975.5),(15,12,400),(51,12,2506.14),(55,12,0),(9,12,6900.48),(13,12,0),(11,12,0),(52,13,0),(36,13,0),(54,13,0),(56,13,0),(57,13,0),(43,13,100),(58,13,0),(45,13,-12.5),(47,13,50),(41,13,0),(24,13,0),(49,13,0),(19,13,0),(42,13,1775.34),(40,13,0),(50,13,5438.67),(53,13,0),(37,13,0),(8,13,7739.31),(7,13,2000),(14,13,787.5),(15,13,400),(51,13,0),(55,13,0),(9,13,0),(13,13,0),(11,13,0),(52,61,0),(36,61,0),(54,61,0),(56,61,0),(57,61,0),(43,61,0),(58,61,0),(45,61,0),(47,61,0),(41,61,0),(24,61,0),(49,61,0),(19,61,0),(42,61,0),(40,61,0),(50,61,0),(53,61,0),(37,61,0),(8,61,2327.51),(7,61,750),(14,61,275),(15,61,150),(51,61,0),(55,61,0),(9,61,0),(13,61,0),(11,61,0),(52,14,0),(36,14,0),(54,14,0),(56,14,0),(57,14,33.4),(43,14,166.6),(58,14,0),(45,14,0),(47,14,50),(41,14,0),(24,14,9642),(49,14,0),(19,14,1435.79),(42,14,5079.45),(40,14,4144.83),(50,14,8237.93),(53,14,1236),(37,14,0),(8,14,13156.8),(7,14,2033.4),(14,14,1037.5),(15,14,400),(51,14,0),(55,14,0),(9,14,0),(13,14,0),(11,14,0),(52,15,0),(36,15,0),(54,15,0),(56,15,0),(57,15,0),(43,15,0),(58,15,0),(45,15,-12.5),(47,15,50),(41,15,0),(24,15,15500),(49,15,0),(19,15,0),(42,15,3846.58),(40,15,3077.26),(50,15,0),(53,15,1092),(37,15,0),(8,15,12809.8),(7,15,1966.7),(14,15,725),(15,15,400),(51,15,1019.31),(55,15,0),(9,15,0),(13,15,0),(11,15,8000),(52,56,0),(36,56,0),(54,56,0),(56,56,0),(57,56,0),(43,56,0),(58,56,0),(45,56,0),(47,56,0),(41,56,0),(24,56,0),(49,56,0),(19,56,0),(42,56,0),(40,56,0),(50,56,0),(53,56,0),(37,56,0),(8,56,3858.89),(7,56,1300),(14,56,475),(15,56,300),(51,56,0),(55,56,0),(9,56,0),(13,56,0),(11,56,0),(52,54,0),(36,54,0),(54,54,0),(56,54,0),(57,54,0),(43,54,0),(58,54,0),(45,54,0),(47,54,0),(41,54,0),(24,54,0),(49,54,0),(19,54,0),(42,54,0),(40,54,0),(50,54,0),(53,54,0),(37,54,0),(8,54,89209.2),(7,54,0),(14,54,0),(15,54,0),(51,54,0),(55,54,0),(9,54,0),(13,54,0),(11,54,0),(52,16,0),(36,16,0),(54,16,0),(56,16,0),(57,16,0),(43,16,233.3),(58,16,0),(45,16,0),(47,16,50),(41,16,0),(24,16,15876),(49,16,0),(19,16,0),(42,16,10586.3),(40,16,3780.82),(50,16,0),(53,16,1380),(37,16,0),(8,16,18087.8),(7,16,2000),(14,16,1112.5),(15,16,400),(51,16,3376.44),(55,16,0),(9,16,4200),(13,16,0),(11,16,15000),(52,17,0),(36,17,0),(54,17,0),(56,17,0),(57,17,0),(43,17,-16.7),(58,17,0),(45,17,0),(47,17,50),(41,17,0),(24,17,8250),(49,17,0),(19,17,0),(42,17,1972.6),(40,17,493.15),(50,17,3506.78),(53,17,3600),(37,17,0),(8,17,2383.12),(7,17,416.7),(14,17,162.5),(15,17,150),(51,17,0),(55,17,0),(9,17,0),(13,17,0),(11,17,0),(52,33,0),(36,33,0),(54,33,0),(56,33,0),(57,33,0),(43,33,33.3),(58,33,0),(45,33,-12.5),(47,33,50),(41,33,0),(24,33,0),(49,33,0),(19,33,0),(42,33,1765.24),(40,33,882.62),(50,33,0),(53,33,1483.44),(37,33,0),(8,33,0),(7,33,1866.6),(14,33,675),(15,33,400),(51,33,0),(55,33,0),(9,33,0),(13,33,168.34),(11,33,0),(52,34,0),(36,34,0),(54,34,0),(56,34,0),(57,34,0),(43,34,0),(58,34,0),(45,34,0),(47,34,50),(41,34,177.5),(24,34,0),(49,34,0),(19,34,0),(42,34,5890.32),(40,34,2597.28),(50,34,0),(53,34,1613.18),(37,34,0),(8,34,0),(7,34,1800),(14,34,637.5),(15,34,400),(51,34,0),(55,34,0),(9,34,1924.96),(13,34,1171.67),(11,34,0),(52,35,0),(36,35,0),(54,35,0),(56,35,0),(57,35,0),(43,35,0.1),(58,35,0),(45,35,0),(47,35,50),(41,35,118.33),(24,35,0),(49,35,0),(19,35,436.32),(42,35,6544.8),(40,35,872.64),(50,35,0),(53,35,1613.18),(37,35,0),(8,35,0),(7,35,1666.6),(14,35,587.5),(15,35,400),(51,35,0),(55,35,0),(9,35,459.6),(13,35,975.84),(11,35,0),(52,36,0),(36,36,0),(54,36,0),(56,36,0),(57,36,0),(43,36,0),(58,36,0),(45,36,-12.5),(47,36,50),(41,36,0),(24,36,0),(49,36,0),(19,36,0),(42,36,5944.86),(40,36,1747.08),(50,36,0),(53,36,1508.14),(37,36,0),(8,36,0),(7,36,1833.3),(14,36,637.5),(15,36,400),(51,36,0),(55,36,0),(9,36,0),(13,36,704.56),(11,36,0),(52,37,0),(36,37,0),(54,37,0),(56,37,0),(57,37,0),(43,37,0),(58,37,0),(45,37,-12.5),(47,37,50),(41,37,0),(24,37,0),(49,37,0),(19,37,0),(42,37,2421.98),(40,37,2187.44),(50,37,0),(53,37,1508.14),(37,37,0),(8,37,0),(7,37,1633.3),(14,37,562.5),(15,37,400),(51,37,0),(55,37,0),(9,37,459.6),(13,37,1228.39),(11,37,0),(52,38,0),(36,38,0),(54,38,0),(56,38,0),(57,38,0),(43,38,0),(58,38,0),(45,38,-12.5),(47,38,50),(41,38,0),(24,38,0),(49,38,0),(19,38,0),(42,38,6619.65),(40,38,3484.55),(50,38,0),(53,38,1483.44),(37,38,0),(8,38,0),(7,38,1733.3),(14,38,625),(15,38,400),(51,38,0),(55,38,500),(9,38,0),(13,38,0),(11,38,0),(52,39,0),(36,39,0),(54,39,0),(56,39,0),(57,39,0),(43,39,33.4),(58,39,0),(45,39,0),(47,39,50),(41,39,355),(24,39,0),(49,39,0),(19,39,0),(42,39,2343),(40,39,3408),(50,39,0),(53,39,1881.5),(37,39,0),(8,39,0),(7,39,1983.3),(14,39,725),(15,39,400),(51,39,0),(55,39,0),(9,39,0),(13,39,0),(11,39,0),(52,40,0),(36,40,0),(54,40,0),(56,40,0),(57,40,0),(43,40,66.7),(58,40,0),(45,40,-12.5),(47,40,50),(41,40,177.5),(24,40,0),(49,40,0),(19,40,0),(42,40,6605.4),(40,40,3479.8),(50,40,0),(53,40,1508.14),(37,40,0),(8,40,0),(7,40,1966.7),(14,40,750),(15,40,400),(51,40,0),(55,40,0),(9,40,2187.52),(13,40,402.08),(11,40,0),(52,41,0),(36,41,0),(54,41,0),(56,41,0),(57,41,33.4),(43,41,50),(58,41,0),(45,41,0),(47,41,50),(41,41,177.5),(24,41,0),(49,41,0),(19,41,0),(42,41,5284.32),(40,41,4346.16),(50,41,0),(53,41,1508.14),(37,41,0),(8,41,0),(7,41,2016.7),(14,41,737.5),(15,41,400),(51,41,0),(55,41,0),(9,41,503.12),(13,41,0),(11,41,0),(52,42,0),(36,42,0),(54,42,0),(56,42,0),(57,42,66.7),(43,42,133.4),(58,42,0),(45,42,-12.5),(47,42,50),(41,42,0),(24,42,0),(49,42,0),(19,42,1200),(42,42,7693.15),(40,42,4174.82),(50,42,0),(53,42,1092),(37,42,0),(8,42,11637.1),(7,42,2066.7),(14,42,837.5),(15,42,400),(51,42,1522.32),(55,42,0),(9,42,2100),(13,42,0),(11,42,0),(52,43,0),(36,43,0),(54,43,0),(56,43,0),(57,43,0),(43,43,33.3),(58,43,0),(45,43,0),(47,43,50),(41,43,0),(24,43,0),(49,43,0),(19,43,0),(42,43,0),(40,43,2020),(50,43,0),(53,43,0),(37,43,0),(8,43,0),(7,43,400),(14,43,150),(15,43,100),(51,43,0),(55,43,0),(9,43,0),(13,43,0),(11,43,0),(52,44,0),(36,44,0),(54,44,0),(56,44,0),(57,44,0),(43,44,33.3),(58,44,0),(45,44,0),(47,44,50),(41,44,177.5),(24,44,0),(49,44,0),(19,44,0),(42,44,6605.4),(40,44,2613.44),(50,44,0),(53,44,1508.14),(37,44,0),(8,44,0),(7,44,1616.7),(14,44,637.5),(15,44,350),(51,44,0),(55,44,0),(9,44,0),(13,44,0),(11,44,0),(52,45,0),(36,45,0),(54,45,0),(56,45,0),(57,45,0),(43,45,500),(58,45,25),(45,45,200),(47,45,50),(41,45,0),(24,45,12500),(49,45,0),(19,45,0),(42,45,15129.1),(40,45,4538.72),(50,45,0),(53,45,4141.59),(37,45,0),(8,45,48379.1),(7,45,2000),(14,45,1525),(15,45,400),(51,45,21374.8),(55,45,0),(9,45,0),(13,45,995.4),(11,45,0),(52,46,0),(36,46,0),(54,46,0),(56,46,0),(57,46,0),(43,46,-0.1),(58,46,0),(45,46,0),(47,46,50),(41,46,118.33),(24,46,0),(49,46,0),(19,46,0),(42,46,0),(40,46,0),(50,46,0),(53,46,0),(37,46,0),(8,46,0),(7,46,1600),(14,46,575),(15,46,400),(51,46,0),(55,46,0),(9,46,0),(13,46,0),(11,46,0),(52,47,0),(36,47,0),(54,47,0),(56,47,0),(57,47,0),(43,47,316.7),(58,47,0),(45,47,-12.5),(47,47,50),(41,47,0),(24,47,0),(49,47,0),(19,47,0),(42,47,8206.03),(40,47,4529.72),(50,47,0),(53,47,1164.8),(37,47,0),(8,47,14103.7),(7,47,1950),(14,47,950),(15,47,400),(51,47,7459.6),(55,47,0),(9,47,4200),(13,47,1801.44),(11,47,0),(52,48,0),(36,48,0),(54,48,0),(56,48,0),(57,48,0),(43,48,0),(58,48,0),(45,48,-12.5),(47,48,50),(41,48,1186.75),(24,48,0),(49,48,0),(19,48,0),(42,48,0),(40,48,808),(50,48,0),(53,48,0),(37,48,0),(8,48,0),(7,48,1666.7),(14,48,612.5),(15,48,400),(51,48,0),(55,48,0),(9,48,0),(13,48,0),(11,48,0);

UNLOCK TABLES;

/*!40101 SET SQL_MODE=@OLD_SQL_MODE */;
/*!40014 SET FOREIGN_KEY_CHECKS=@OLD_FOREIGN_KEY_CHECKS */;
